20	22	85	6	48	64
68	67	65	85	25	63
57	2	22	63	17	78
2	29	77	2	39	2
42	48	22	22	22	47
50	4	75	13	73	17
85	23	60	64	97	15
26	94	38	28	38	38
56	23	88	57	53	1
20	70	20	2	75	20
13	10	86	24	24	24
57	92	27	73	7	64
3	44	76	67	46	6
12	58	33	3	19	6
60	13	65	76	43	59
30	55	50	82	38	67
96	76	93	96	87	88
83	75	73	34	93	38
16	72	16	93	23	16
43	42	14	98	98	86
68	5	82	13	16	20
33	41	41	34	41	23
4	49	50	60	43	100
66	94	14	50	18	19
52	90	47	31	18	45
53	42	42	27	31	42
88	43	100	84	75	89
82	47	69	77	26	78
38	38	38	75	81	92
5	69	35	73	75	97
52	21	63	65	96	75
94	95	15	29	39	43
49	75	91	86	49	49
49	53	39	60	76	86
90	12	49	76	70	69
11	21	11	55	11	57
70	80	24	16	16	16
31	16	25	36	14	90
61	92	92	95	85	27
53	26	23	73	82	40
82	7	33	67	80	51
37	22	30	30	30	53
7	4	17	35	35	35
75	51	85	32	92	12
62	47	81	24	24	24
41	45	86	47	4	75
53	77	78	60	72	35
36	61	22	46	29	22
34	8	45	75	70	52
4	6	4	33	44	4
35	99	10	12	69	73
36	83	25	36	64	12
6	39	39	39	38	2
71	19	77	26	83	76
98	31	76	93	70	38
28	20	20	58	65	59
2	78	2	21	2	68
33	86	59	53	63	91
8	99	8	32	6	49
18	86	75	98	71	3
42	42	4	3	76	96
76	67	19	95	98	85
46	97	16	99	16	16
92	66	82	68	24	92
21	20	86	74	21	21
42	83	48	55	16	54
84	98	64	99	22	7
95	18	37	86	72	73
85	76	26	67	27	30
53	39	55	33	33	33
83	60	23	62	11	70
51	83	92	41	39	79
33	84	46	47	18	16
13	13	76	21	13	64
6	48	11	55	82	18
39	54	28	28	28	2
10	67	5	58	26	87
11	64	11	11	86	54
45	19	77	74	5	12
32	90	13	13	13	57
32	32	61	39	32	40
82	17	79	75	99	43
24	79	22	3	56	73
30	76	53	64	61	69
16	7	7	80	73	7
47	97	24	71	41	94
83	41	44	65	25	60
95	21	21	2	29	21
74	43	12	12	86	69
59	70	29	29	72	29
96	9	46	32	3	57
15	13	27	7	58	92
58	36	46	15	33	43
83	43	98	79	69	15
99	68	53	92	4	84
76	23	87	75	33	39
55	22	89	13	25	29
88	47	21	11	29	96
45	21	21	21	61	78
59	33	33	15	33	77
5	32	2	90	32	32
33	9	18	29	31	22
8	8	45	8	53	43
21	62	21	9	21	33
92	44	41	80	44	44
3	93	34	72	71	83
54	64	75	98	49	48
8	79	8	8	85	63
63	79	21	82	85	23
19	86	41	19	19	91
85	78	20	93	32	90
13	24	74	24	24	4
58	30	30	89	30	88
4	33	20	17	41	48
50	79	56	75	7	18
99	85	6	95	77	8
72	92	37	48	31	100
85	32	32	68	32	6
8	80	94	56	58	81
2	63	47	86	39	61
38	3	11	90	99	1
57	81	47	47	47	28
31	94	58	23	49	94
32	48	52	57	32	32
82	30	30	97	30	40
12	53	67	12	12	86
48	84	22	79	5	24
90	55	43	76	11	46
91	23	23	6	23	19
8	98	75	26	71	74
9	15	99	71	68	43
55	40	98	12	38	61
65	33	78	79	59	35
5	5	72	52	5	83
58	11	45	15	97	15
59	75	43	80	92	80
3	25	3	62	3	14
6	6	67	85	14	54
92	52	21	95	2	2
99	44	24	2	35	90
20	15	69	96	48	14
39	37	78	41	92	26
9	16	33	12	16	16
76	34	72	56	47	69
56	69	61	39	60	60
15	74	51	75	32	72
45	100	90	40	43	3
33	46	2	17	21	48
27	27	87	72	27	26
65	19	88	95	31	87
66	19	94	61	41	47
73	15	34	87	98	31
24	34	33	33	33	80
39	79	56	45	45	46
13	47	13	13	19	66
10	74	8	8	83	8
63	14	91	25	67	71
76	24	24	8	49	24
79	8	72	72	100	9
29	87	63	19	92	51
46	90	36	20	18	80
89	23	52	40	90	43
71	87	53	100	71	26
39	49	98	98	67	27
69	14	73	14	14	15
1	45	17	48	28	1
36	97	36	42	41	36
45	31	33	7	12	81
98	19	77	1	16	45
18	58	18	18	13	79
55	38	23	86	59	100
65	20	20	25	9	20
49	49	97	39	77	49
95	74	1	61	85	37
52	74	19	19	7	19
88	3	19	3	31	3
4	90	29	64	4	4
19	67	41	66	8	11
62	90	12	30	60	7
82	94	4	64	49	95
52	84	80	74	65	57
9	13	6	51	48	69
52	65	100	49	33	13
10	41	53	39	10	10
21	46	91	74	96	13
83	67	37	97	26	13
41	74	48	53	69	92
48	26	22	26	61	26
62	89	25	25	25	95
47	64	65	76	73	94
77	22	94	4	77	88
32	36	64	50	36	36
95	15	17	83	68	36
56	54	78	68	44	10
51	48	4	48	29	48
46	46	46	62	32	50
73	20	79	60	86	89
35	77	55	85	98	31
46	22	72	47	14	9
34	11	73	86	33	15
26	30	54	69	60	84
49	69	3	14	71	80
53	27	11	27	20	27
36	74	67	73	87	91
75	50	29	82	35	94
38	18	38	38	63	55
77	16	78	22	87	13
96	15	80	41	28	68
25	93	25	96	38	23
31	19	34	88	68	45
43	36	7	81	68	19
50	11	48	11	1	11
20	58	78	17	21	33
45	95	17	93	45	45
35	43	10	27	42	83
65	77	49	52	41	70
17	70	18	43	8	80
72	52	90	52	79	90
80	75	70	53	24	33
86	28	44	44	44	77
17	88	56	5	23	10
25	8	36	91	97	18
43	60	4	19	64	54
12	53	88	72	64	36
35	38	35	40	35	12
10	18	19	75	93	100
80	41	41	41	71	37
61	49	5	48	69	10
9	41	27	27	22	27
96	92	56	55	85	46
28	54	28	95	75	59
34	26	18	99	26	26
67	40	65	3	8	89
97	85	92	27	98	67
16	38	7	48	18	79
21	16	85	5	15	46
13	19	27	16	21	81
51	6	42	88	40	73
43	83	38	38	38	8
38	33	91	49	58	48
41	46	55	46	46	57
94	7	73	7	6	53
78	82	49	77	57	18
83	25	25	83	86	5
16	83	3	35	77	55
28	62	32	58	95	27
5	82	29	29	29	32
83	42	86	50	7	81
23	34	23	43	23	48
79	11	20	54	11	11
3	69	39	55	19	93
47	77	46	34	42	49
75	22	6	55	10	11
38	89	21	22	91	34
31	63	74	37	25	54
32	34	15	15	47	15
16	63	11	21	7	49
91	97	37	48	63	8
39	18	8	70	98	99
41	84	93	6	94	19
97	50	5	8	100	97
40	85	87	99	86	34
38	13	38	38	96	23
71	86	83	42	99	15
53	72	98	2	89	5
20	31	38	31	31	47
61	74	84	82	74	38
92	4	14	89	22	97
88	81	30	17	86	42
22	22	10	22	81	45
82	54	70	14	2	75
55	41	96	14	100	41
18	51	19	74	42	59
14	38	91	14	14	40
5	5	2	5	25	56
70	19	25	25	33	25
95	60	51	48	50	76
45	84	30	51	24	10
99	34	34	73	83	34
23	74	72	37	70	46
2	33	91	65	15	86
49	3	1	48	48	69
80	1	23	23	79	23
15	72	41	49	42	71
24	92	63	38	38	38
96	11	25	7	3	21
49	4	51	46	58	47
36	74	25	25	14	25
19	42	73	90	96	16
41	67	10	76	77	53
41	41	12	93	75	41
53	13	19	4	42	51
75	27	100	49	26	97
79	45	43	75	14	49
67	7	7	66	14	7
8	66	98	87	46	39
79	25	81	41	93	100
18	70	7	35	26	5
51	31	27	41	77	5
22	64	25	88	85	72
41	41	85	14	76	41
38	90	33	33	33	18
25	37	91	24	72	40
23	68	51	53	42	59
17	75	10	59	65	53
27	73	74	79	95	34
32	76	35	46	32	32
79	33	16	45	13	51
88	69	58	55	18	66
86	28	71	28	28	44
25	25	1	31	25	100
12	85	34	95	22	47
8	5	32	83	99	64
26	92	74	100	89	45
64	84	45	29	10	52
49	9	48	29	7	32
32	41	45	29	78	22
6	47	48	81	98	54
8	33	70	31	46	76
58	2	21	38	47	98
18	39	91	72	96	64
58	30	78	22	62	48
76	94	21	79	13	61
30	76	25	68	5	42
41	23	41	60	41	19
10	2	2	2	56	49
28	16	41	58	24	10
41	1	72	39	100	20
17	98	70	25	93	94
100	4	54	88	26	81
86	62	19	19	19	57
49	49	38	94	42	49
41	54	81	55	86	69
20	32	28	19	14	80
42	65	1	20	78	6
89	40	88	86	11	53
17	17	17	7	1	86
35	2	60	10	52	31
37	61	50	96	34	70
17	19	51	86	51	21
17	78	31	35	17	17
28	73	76	28	74	28
81	2	45	19	62	88
94	14	7	14	90	14
50	38	71	66	18	42
20	84	92	89	35	87
94	33	13	2	21	96
33	50	85	31	82	28
67	100	1	77	66	1
9	16	31	76	38	86
7	7	72	7	33	90
36	74	29	9	96	41
38	40	51	99	100	77
39	68	61	39	39	46
95	36	25	65	80	80
46	50	50	54	50	2
87	44	72	31	29	22
22	24	59	35	38	87
31	23	52	56	47	87
5	28	86	87	88	64
40	40	100	43	53	40
73	57	88	89	16	71
77	94	97	54	86	98
7	46	10	51	7	57
19	35	19	19	87	96
39	52	39	91	39	97
52	3	80	66	48	47
18	100	18	43	18	31
10	18	88	18	18	11
2	51	85	59	14	27
26	23	23	74	23	42
11	12	51	54	99	76
92	1	10	43	78	97
86	20	56	54	20	20
66	56	49	59	32	61
48	48	48	38	63	41
53	9	9	84	9	57
19	13	54	15	52	30
80	57	30	11	12	14
75	20	14	71	47	12
56	38	91	62	66	53
56	65	66	30	21	55
55	40	16	32	99	35
47	44	16	3	68	20
57	2	6	32	17	85
2	2	39	38	70	2
49	28	12	61	49	43
49	71	3	20	3	3
10	19	25	83	44	92
51	89	30	30	30	2
20	29	15	50	13	68
59	85	29	57	10	42
72	49	67	10	92	39
50	94	82	17	10	100
52	53	57	27	68	12
5	71	32	78	76	31
15	25	25	42	25	70
21	11	38	21	65	96
61	92	69	39	89	47
48	73	48	42	41	48
38	29	58	97	15	50
65	33	23	23	35	23
4	18	72	52	62	14
71	48	16	63	14	23
76	4	1	45	56	53
1	45	29	61	70	50
64	71	18	24	65	93
21	32	24	84	97	69
49	18	68	49	49	86
4	23	23	23	63	17
13	23	96	13	82	13
13	80	92	50	3	65
20	95	97	95	78	88
60	99	16	45	49	48
33	29	44	30	50	52
1	7	48	4	4	4
35	29	10	10	10	67
67	44	88	51	56	89
20	59	9	37	6	52
43	45	57	88	45	45
63	43	7	7	66	3
9	37	90	91	34	89
30	74	85	30	48	30
28	3	28	28	74	22
50	21	5	97	19	91
49	16	59	33	70	62
10	30	30	84	86	30
44	44	28	18	44	67
16	17	13	13	13	64
52	83	15	37	17	11
22	28	72	98	69	69
50	7	15	100	39	74
87	40	80	69	34	60
30	88	14	60	66	45
39	81	57	4	62	41
27	90	11	37	27	36
7	48	48	27	48	73
61	45	68	78	28	90
28	85	45	28	28	54
67	43	52	94	11	8
34	34	72	65	34	23
23	62	58	10	38	82
94	66	37	12	33	74
3	75	2	31	70	51
54	98	12	50	46	88
70	1	80	1	1	8
3	49	55	97	68	12
53	21	82	72	21	96
79	71	69	66	39	42
21	12	21	92	21	58
59	31	16	31	31	41
40	82	91	71	54	72
76	39	89	32	32	32
74	57	94	39	83	94
100	25	40	95	87	89
30	33	76	68	23	71
3	51	6	14	9	78
59	9	9	21	47	9
83	73	68	33	33	32
68	44	44	53	44	65
43	11	3	93	56	64
25	21	87	21	66	21
3	11	72	82	3	3
22	33	33	48	33	84
20	3	4	42	9	37
42	31	34	67	11	66
100	39	25	59	68	100
89	62	67	33	31	2
75	55	55	13	93	48
41	14	14	40	27	14
90	100	64	36	52	26
99	15	11	11	11	25
24	94	85	4	1	91
50	91	50	70	50	34
90	33	51	98	38	53
65	80	94	75	79	26
37	47	13	24	43	56
99	1	100	9	71	73
43	74	34	50	7	5
91	82	41	83	96	74
77	59	33	75	77	30
86	16	40	74	43	69
39	79	8	11	37	33
7	45	58	50	56	23
34	55	34	50	33	47
34	76	61	96	86	42
22	81	88	35	75	95
18	3	44	47	44	51
25	27	95	15	15	15
46	32	64	65	56	61
98	2	2	2	92	66
13	54	64	45	68	61
22	35	35	74	6	35
41	9	37	57	10	82
32	100	62	13	63	14
3	3	39	81	3	88
46	46	46	26	28	31
74	63	23	51	88	73
36	35	91	36	36	24
76	100	24	78	90	98
95	68	84	87	11	38
71	22	70	100	31	88
76	7	50	82	46	39
20	78	81	5	30	80
56	27	91	37	27	3
15	25	33	81	20	89
38	76	32	32	19	32
26	79	72	15	30	2
4	67	51	19	64	22
90	26	54	11	9	65
57	82	100	99	94	66
68	66	59	52	65	51
7	26	81	60	53	75
38	38	58	59	38	83
43	51	8	7	8	8
2	21	38	38	1	38
72	14	71	54	13	18
20	20	82	20	42	22
14	73	43	74	43	43
50	98	5	3	91	63
45	94	40	54	18	1
3	3	33	3	35	5
17	54	9	95	36	79
89	47	28	90	70	3
84	43	20	63	15	96
31	65	80	61	82	11
9	35	67	11	35	35
30	16	34	20	85	6
41	27	71	27	95	27
58	78	14	98	32	56
35	80	66	60	52	15
5	35	12	74	93	50
3	97	3	37	6	3
25	33	88	80	97	56
70	18	62	36	97	53
37	79	14	9	79	12
58	37	37	37	70	93
63	95	11	37	96	90
49	49	26	49	21	99
68	32	50	94	46	11
74	19	56	82	69	21
5	28	29	29	62	99
4	4	61	23	32	4
56	68	60	23	79	42
44	31	56	65	44	13
75	83	14	96	59	97
48	36	14	86	33	52
37	70	99	81	83	9
80	87	37	45	84	61
36	47	7	59	100	42
47	5	50	62	95	82
100	84	74	23	29	72
13	15	20	74	28	97
94	91	26	66	45	3
18	27	18	18	91	64
10	72	8	94	85	31
62	2	48	5	21	7
13	13	88	69	13	44
1	29	45	24	52	51
29	72	51	92	12	37
11	36	40	99	63	32
73	77	57	2	78	1
2	25	84	41	60	30
1	96	91	92	25	26
44	44	18	35	44	40
45	69	85	20	17	1
5	20	57	51	85	94
66	26	55	57	90	90
98	30	30	30	91	90
1	11	26	36	33	83
49	49	100	49	94	88
54	61	95	18	52	49
7	73	33	17	15	83
38	38	38	58	7	17
26	44	54	33	83	96
7	100	70	38	5	1
66	61	33	42	33	73
68	15	18	26	14	8
87	37	42	4	50	31
5	79	46	78	77	18
85	43	96	62	72	13
48	90	65	76	95	82
65	44	44	44	68	10
62	86	7	86	39	77
96	15	24	26	61	55
92	28	34	2	26	43
8	40	40	14	52	40
36	34	34	85	81	34
86	35	11	35	39	35
24	33	55	42	33	33
21	43	26	92	82	81
19	47	19	13	57	19
97	67	79	74	22	48
8	30	30	89	30	3
57	49	49	63	49	93
47	93	90	18	92	58
19	23	23	16	23	15
100	55	10	17	12	68
85	27	48	32	31	55
46	82	89	46	97	29
79	82	53	45	25	31
10	15	18	91	99	36
13	11	43	43	43	86
74	29	58	37	83	36
17	74	47	46	86	77
86	80	93	40	87	34
4	94	14	1	79	61
35	73	20	18	73	2
51	15	27	100	92	47
59	85	93	36	100	83
51	88	91	49	61	49
3	7	26	25	99	47
51	94	84	76	2	99
48	79	48	48	15	91
84	26	23	37	34	70
29	46	39	44	29	29
48	43	1	83	15	74
34	70	61	54	38	7
8	89	42	8	8	51
28	79	91	35	15	53
27	7	33	10	12	85
66	29	18	63	46	100
61	30	76	11	35	85
45	71	80	34	16	25
29	29	52	29	9	27
33	76	6	33	87	33
19	30	64	21	74	24
74	7	87	73	59	90
59	27	7	14	48	2
61	68	98	85	43	29
13	76	68	91	89	29
44	38	7	65	96	27
86	71	12	6	95	62
14	38	34	38	38	64
30	73	12	30	58	30
92	86	1	42	88	77
77	68	79	57	41	28
44	76	41	46	3	48
63	35	48	91	7	49
29	16	81	92	26	47
81	65	43	16	18	69
20	77	10	18	42	26
15	5	31	15	57	15
3	1	3	3	76	63
88	75	78	63	3	49
35	45	12	35	24	67
5	87	45	48	32	57
3	47	72	88	54	97
80	40	10	46	46	46
10	94	26	64	34	100
31	1	31	61	77	31
46	45	46	48	46	61
64	49	94	10	59	72
45	9	53	22	86	57
38	60	50	50	7	50
93	83	30	10	10	10
98	66	38	47	38	38
14	96	78	95	15	78
23	22	6	89	3	92
39	22	13	22	22	90
79	17	29	41	31	46
8	33	75	12	67	49
11	11	78	31	11	45
61	14	65	15	28	50
89	39	92	55	76	38
63	52	51	2	54	81
3	92	3	84	3	6
87	57	10	10	73	20
39	12	72	68	17	10
2	2	58	10	25	61
9	61	100	17	51	19
28	28	19	11	58	28
81	37	89	30	10	69
26	41	26	71	49	26
72	26	90	29	59	90
93	82	76	11	67	36
30	68	21	13	13	13
31	18	34	25	31	12
42	86	96	15	65	22
12	26	82	24	4	19
1	80	1	1	91	74
19	29	8	8	8	35
49	100	65	2	2	2
23	22	47	77	88	47
4	53	15	54	43	26
36	36	36	70	42	39
81	70	1	4	51	60
5	36	44	5	5	92
75	78	5	5	79	5
9	9	5	90	62	9
20	23	97	88	2	49
82	1	32	21	21	78
42	99	34	72	95	52
34	35	84	43	4	51
98	40	42	40	37	40
75	49	30	93	34	58
98	6	42	2	89	28
63	54	20	20	31	90
41	90	89	96	55	12
19	19	22	59	19	34
57	98	41	80	72	41
78	62	48	16	4	36
46	59	58	43	79	72
39	54	40	40	91	29
85	55	97	17	17	17
33	11	34	48	18	28
35	90	57	89	81	54
86	73	45	45	87	45
65	39	79	100	3	82
50	36	36	93	75	36
26	58	21	25	30	48
81	29	51	3	88	68
36	36	67	36	82	16
11	24	80	44	22	89
34	21	16	80	62	69
97	56	57	92	98	89
9	66	38	38	29	38
79	6	97	11	98	10
89	16	89	38	58	29
36	37	36	57	36	10
86	17	22	22	22	70
80	3	38	12	96	81
57	27	31	26	43	45
8	47	44	38	52	55
7	36	65	44	50	19
61	43	12	30	86	30
9	20	2	82	93	100
63	43	10	58	17	85
99	25	10	6	66	99
19	22	46	22	22	87
81	50	95	23	69	98
58	32	41	94	40	89
73	70	17	53	26	8
5	3	3	7	92	3
95	27	93	25	60	84
8	66	87	49	81	83
83	17	34	96	89	42
74	3	27	10	59	79
83	33	46	89	92	91
53	75	20	33	19	29
94	85	59	9	9	9
53	85	30	84	5	37
33	30	33	54	33	15
47	47	47	95	68	33
2	75	3	61	99	46
93	45	20	31	70	10
40	40	96	27	40	2
50	96	95	92	2	43
12	46	86	45	81	3
19	87	42	92	46	33
67	71	21	59	38	56
73	4	94	9	49	20
1	21	86	21	15	21
19	71	21	4	6	28
16	32	91	32	32	83
79	88	70	93	40	65
48	9	18	7	74	86
11	18	3	97	70	68
87	13	33	42	61	17
32	74	9	68	72	34
61	54	21	22	3	48
31	74	85	99	87	43
40	71	91	58	71	93
67	28	43	55	72	98
23	11	17	47	58	68
76	22	6	55	1	30
40	97	59	88	2	90
11	86	78	62	64	32
20	25	54	25	25	91
60	47	68	37	100	85
46	15	45	9	54	9
78	44	63	54	52	67
6	67	71	9	18	17
61	97	15	40	3	47
48	96	51	73	40	73
72	49	37	22	47	39
12	86	33	8	9	98
18	42	29	64	84	28
60	54	1	88	1	81
61	70	59	37	53	87
68	33	33	13	91	33
23	16	54	89	47	3
25	58	84	57	32	12
37	70	38	93	59	16
40	47	12	95	12	12
9	39	67	11	20	33
30	30	73	57	19	30
2	67	30	31	99	51
5	58	5	62	83	5
50	93	39	50	74	50
9	89	73	48	5	49
70	94	29	99	22	69
29	77	94	64	53	91
98	22	74	32	5	80
79	47	47	13	47	76
7	74	7	7	52	2
58	39	26	99	18	23
24	71	78	18	72	13
45	96	19	16	98	71
87	30	45	38	21	14
39	45	82	80	7	10
25	27	86	27	32	27
68	2	4	38	64	5
30	17	39	23	58	22
84	85	52	81	10	3
80	58	36	49	83	45
93	41	21	21	14	21
33	83	35	22	55	50
72	54	64	28	50	57
26	26	65	80	55	26
98	98	52	100	42	6
24	78	16	16	78	73
67	84	82	75	57	63
35	37	52	32	54	68
36	83	29	36	2	36
28	3	28	36	28	10
21	32	45	21	86	21
39	39	25	19	39	37
19	76	19	41	19	11
49	76	1	12	95	6
92	17	84	62	90	23
39	91	33	57	42	98
82	47	67	81	63	74
42	85	49	74	24	54
8	46	74	22	17	26
5	66	45	29	10	71
26	98	63	26	26	72
78	55	82	76	71	90
1	57	3	20	9	79
92	1	37	39	37	37
39	29	53	72	21	11
16	26	5	7	16	16
47	55	59	59	100	51
17	44	48	37	89	62
6	62	99	77	57	42
38	76	67	78	60	84
47	20	33	26	28	18
16	87	70	16	41	26
74	40	4	58	7	19
72	25	66	22	1	38
68	42	95	6	84	43
31	95	95	34	99	22
88	7	72	84	7	7
26	30	54	55	37	100
2	51	14	91	25	71
66	63	67	50	90	81
89	30	56	14	38	95
33	75	50	92	29	95
95	17	88	85	47	97
3	64	66	92	54	9
23	66	81	89	24	73
25	59	19	94	70	31
11	34	30	30	30	74
43	78	85	5	48	56
53	18	13	25	83	31
60	4	10	5	18	93
55	84	93	52	58	24
4	72	84	96	42	78
48	71	48	40	48	19
23	96	23	23	44	100
70	63	43	18	87	90
70	37	42	98	61	44
97	64	73	66	25	52
4	41	52	23	12	70
1	1	89	63	99	1
63	18	19	19	81	19
9	59	49	3	76	34
2	49	5	81	34	82
99	68	19	56	12	80
28	75	22	42	19	51
64	5	14	14	88	14
71	59	67	36	55	1
51	89	100	42	27	32
56	40	15	37	4	86
49	49	49	74	90	19
96	77	93	99	65	25
99	67	16	52	52	25
88	17	17	31	17	16
27	90	27	27	45	8
56	34	38	34	24	68
26	89	35	67	32	99
26	14	91	50	33	83
43	8	54	53	56	94
34	88	63	58	75	79
66	33	33	75	33	71
65	62	99	67	9	23
89	32	71	59	18	64
20	88	4	35	20	20
42	28	70	64	30	95
73	32	63	76	32	32
16	59	21	16	66	98
9	98	12	11	7	76
75	18	65	29	3	19
32	24	17	51	32	71
82	18	34	37	60	29
46	46	32	46	12	15
41	13	41	69	41	26
96	78	80	88	99	76
17	6	83	17	18	17
42	42	42	27	19	5
62	68	91	98	50	44
35	39	85	2	35	35
99	1	1	27	64	1
15	15	49	35	15	21
21	6	11	18	11	11
94	25	3	81	26	64
36	36	36	11	85	33
23	37	23	3	33	23
13	60	100	46	16	3
92	79	89	5	10	37
42	92	42	84	42	31
100	62	68	3	77	79
55	22	22	17	22	23
18	18	58	18	37	5
66	17	15	63	1	22
11	56	69	68	86	82
77	23	15	20	26	29
12	79	57	76	88	4
55	9	10	24	67	98
24	16	78	24	3	24
23	35	81	85	26	52
26	25	67	2	46	49
2	73	71	3	76	38
97	30	14	32	8	2
70	27	75	91	33	8
5	11	10	58	46	48
81	69	84	53	16	43
23	80	25	23	52	39
10	48	66	25	45	74
25	83	12	32	96	33
33	62	21	33	33	31
10	10	100	7	29	10
26	8	37	26	26	82
69	27	68	1	1	1
19	27	27	27	92	48
36	56	39	84	96	83
100	13	50	22	24	30
68	75	4	32	43	36
79	100	67	62	62	78
19	39	23	50	57	49
42	42	42	64	34	13
13	49	86	81	44	58
41	9	76	9	9	16
5	72	77	27	21	48
35	97	49	86	94	15
34	21	19	16	21	21
42	18	94	33	32	44
67	13	39	67	24	83
20	10	14	62	3	38
91	22	71	34	51	79
66	17	17	22	17	71
65	66	26	15	62	47
61	93	18	71	18	10
33	10	94	8	76	95
96	2	60	17	21	72
23	90	23	67	23	6
55	39	15	59	13	92
16	13	58	43	68	72
36	20	19	97	20	20
90	19	26	75	96	51
36	34	32	36	17	36
47	14	26	47	47	70
23	81	43	39	4	79
18	38	84	58	11	59
27	27	93	69	66	27
31	42	9	78	67	74
29	24	38	11	38	90
32	57	32	82	32	68
81	14	99	16	16	56
24	18	78	7	93	12
1	35	37	26	24	54
20	59	75	72	22	98
80	30	42	4	60	15
25	27	30	89	46	28
83	23	29	29	29	68
50	96	33	61	23	37
5	60	50	67	77	69
34	1	76	36	2	19
33	7	19	61	6	23
94	24	57	57	90	12
26	85	63	31	69	46
57	72	53	16	70	85
37	45	88	88	42	64
72	74	22	24	4	59
11	100	89	48	86	47
10	68	74	11	90	30
8	68	48	13	65	6
14	97	55	70	80	33
8	8	49	11	8	45
72	66	32	26	57	37
28	28	28	67	52	14
8	41	48	48	34	41
100	96	49	45	43	72
48	45	19	37	19	19
88	100	5	47	25	40
54	68	26	83	15	89
14	11	11	25	11	20
45	77	83	92	84	67
87	49	29	36	49	49
30	89	80	79	64	29
83	63	3	20	72	95
81	15	15	7	15	79
79	83	91	31	1	10
1	86	30	91	18	74
16	82	81	36	50	47
90	55	63	16	43	78
52	89	2	27	21	22
53	17	42	46	56	30
69	36	33	36	72	36
74	75	80	45	9	61
18	100	39	24	71	62
20	58	99	41	74	87
9	49	9	84	46	9
32	44	35	44	20	44
66	16	76	64	76	1
64	50	2	81	52	43
4	61	94	9	33	29
57	22	54	38	85	11
43	65	28	92	91	15
25	19	98	81	73	80
20	45	5	20	20	73
69	66	55	59	88	99
63	10	92	47	33	87
87	47	97	32	54	26
6	28	15	7	40	64
63	11	100	96	86	40
12	37	49	40	37	37
28	28	28	26	48	65
16	43	87	43	43	51
4	33	2	14	95	69
76	27	3	98	81	88
31	88	43	49	93	64
92	71	75	93	71	92
35	35	60	6	35	51
66	69	34	46	37	3
45	100	26	49	26	87
56	88	59	39	1	90
64	87	69	57	7	98
57	84	76	61	10	7
67	6	49	66	83	77
36	28	27	86	88	44
35	92	70	34	98	13
15	69	45	47	55	73
51	7	7	7	75	15
97	36	36	45	12	36
16	53	59	64	46	89
20	66	99	38	79	28
11	48	36	48	12	48
60	10	42	48	82	37
24	47	10	82	70	46
13	76	99	20	20	35
90	97	64	5	44	81
74	91	41	9	70	67
77	40	14	56	1	54
49	49	49	43	73	41
27	41	41	41	66	79
86	17	22	39	74	26
46	35	80	46	46	25
100	8	71	44	61	58
49	75	64	87	58	70
26	63	84	73	95	67
44	1	49	81	75	53
40	43	43	3	5	43
35	37	97	78	87	95
90	7	71	7	72	7
1	53	3	76	1	1
96	58	23	35	2	60
29	43	45	67	32	28
30	96	30	8	97	76
71	35	85	19	69	95
46	14	18	15	51	81
9	35	33	35	35	48
25	95	40	71	91	51
2	30	27	71	97	91
64	8	71	100	21	25
20	93	98	85	28	85
72	77	94	94	55	98
8	40	70	81	40	40
70	68	12	76	9	17
53	22	22	22	99	33
22	22	22	55	31	23
26	2	51	34	37	87
9	19	3	3	13	3
1	79	20	75	52	52
12	34	29	37	75	71
66	91	2	14	1	47
24	24	74	10	24	46
39	9	70	37	28	36
36	22	90	92	12	50
66	10	11	60	28	3
98	82	94	69	57	18
81	36	52	27	98	82
53	95	7	29	73	73
17	98	17	24	17	73
10	83	16	87	63	62
12	9	79	84	12	12
22	35	12	97	44	59
21	45	1	74	27	16
79	42	15	76	66	63
15	36	12	15	47	15
26	73	53	26	61	26
75	64	60	40	76	49
14	38	68	62	82	90
7	7	63	77	7	99
1	69	15	73	46	98
2	18	97	39	99	77
17	79	72	54	86	96
42	20	40	70	10	52
69	6	9	39	46	28
66	24	32	40	50	7
49	9	91	33	33	33
53	1	45	62	1	1
59	29	88	37	40	73
25	72	32	84	25	25
59	23	29	14	31	67
14	98	42	74	99	79
28	81	90	33	21	15
24	11	70	96	45	47
38	3	3	3	55	10
15	84	75	25	56	47
74	50	66	64	50	50
41	59	100	53	32	67
18	67	58	18	91	18
27	91	22	71	66	49
13	90	74	91	70	2
45	20	82	47	19	54
59	37	33	47	21	11
4	16	19	1	19	19
72	80	33	68	52	41
64	68	51	77	43	62
21	5	48	5	33	5
6	25	72	6	6	23
41	24	17	28	24	24
44	44	35	44	98	29
80	88	57	74	91	94
88	12	63	12	12	1
84	82	80	39	84	78
14	59	4	72	80	47
89	100	65	83	16	3
66	93	39	39	39	65
27	27	9	81	30	27
18	82	41	82	82	69
71	1	1	87	1	65
46	56	49	32	32	32
51	80	28	44	77	8
6	86	43	45	21	11
17	15	17	79	83	17
99	96	39	24	56	20
19	49	31	3	62	35
80	41	79	49	79	90
64	6	29	53	95	75
70	77	35	31	12	60
21	62	98	21	75	21
91	9	12	17	56	67
43	18	43	43	96	8
17	19	51	19	3	19
83	24	24	22	80	24
26	26	6	31	26	2
68	36	92	20	29	8
67	60	41	20	27	100
46	60	46	10	29	46
2	17	66	65	59	41
12	27	27	13	58	27
12	2	48	8	20	72
99	95	13	36	13	13
21	46	35	95	75	51
91	17	50	9	41	54
12	17	44	37	90	34
84	44	17	98	39	34
39	29	10	29	45	29
76	94	79	6	93	13
24	3	75	87	70	78
84	88	97	40	20	77
35	31	30	45	10	82
26	90	68	91	35	55
27	62	40	40	66	40
47	73	83	81	2	4
7	3	91	25	81	28
87	41	82	90	26	27
64	87	61	63	93	5
20	20	12	13	40	20
42	66	91	42	20	42
48	46	41	41	50	41
84	12	20	92	57	91
50	50	20	1	15	50
48	64	69	41	32	94
88	98	4	100	24	13
43	4	60	60	94	87
44	55	88	26	44	44
24	40	40	22	58	40
63	30	30	30	43	71
41	38	47	37	10	29
36	11	81	36	36	89
32	88	37	13	15	24
66	24	56	58	79	90
40	60	40	40	87	65
7	75	42	88	7	7
73	62	77	80	94	70
74	52	3	3	3	90
35	46	40	40	18	40
17	46	89	43	87	84
38	100	11	53	86	38
86	42	81	47	79	43
34	53	71	38	74	7
54	18	37	12	71	51
41	48	20	48	39	46
35	88	13	34	77	71
63	53	58	72	60	78
19	73	34	30	19	19
65	69	86	83	82	35
23	87	73	23	79	23
5	51	5	97	36	5
49	11	15	15	23	15
8	44	18	46	94	28
38	39	60	25	2	72
57	29	74	67	69	65
13	2	41	2	92	2
34	90	34	27	34	26
46	22	14	72	36	12
19	96	53	66	31	22
97	4	45	63	52	21
13	10	47	60	43	3
95	11	89	30	39	21
78	37	59	40	22	98
3	75	82	3	8	3
63	17	97	6	80	80
86	17	3	10	58	8
5	82	34	5	40	79
8	8	32	6	8	59
48	18	24	91	56	39
68	86	18	18	70	85
21	65	33	80	20	71
76	64	72	31	31	31
86	100	27	45	15	81
59	50	82	28	15	46
45	22	45	13	45	48
80	11	29	31	70	3
49	46	54	14	20	3
11	2	11	11	62	73
74	18	55	78	39	60
19	23	94	16	26	18
44	97	32	62	55	71
40	82	30	82	7	79
61	38	38	69	47	38
7	10	7	63	36	7
24	38	86	65	95	97
7	22	76	21	11	15
45	45	9	76	12	45
43	68	28	38	84	3
35	25	54	81	71	64
71	68	92	98	7	17
6	23	57	79	6	6
72	11	59	45	35	69
53	22	18	84	66	94
10	73	52	8	58	60
73	89	68	41	9	74
17	79	48	33	42	46
40	68	1	34	73	21
91	50	10	93	62	12
56	67	26	100	9	68
10	32	100	32	32	70
20	41	36	51	23	75
32	32	15	96	83	32
38	64	9	99	52	8
74	91	21	97	61	53
10	65	31	10	20	10
30	43	20	62	50	45
97	55	8	34	36	97
73	23	35	39	74	11
76	83	98	98	39	44
62	15	17	15	59	15
49	20	68	59	16	3
98	85	74	39	11	63
30	29	16	41	30	30
28	96	99	47	8	9
6	23	23	23	51	75
43	43	32	35	43	83
83	27	27	99	27	50
68	16	55	39	35	43
9	5	54	9	9	53
60	6	14	6	6	77
26	69	14	81	99	80
8	43	99	58	97	49
84	75	38	98	98	73
6	79	3	36	50	69
76	78	11	11	88	11
11	25	6	42	19	82
11	4	61	95	94	51
91	31	29	20	88	48
9	41	32	4	43	63
56	72	22	91	56	98
43	59	21	25	52	83
65	39	93	64	86	22
32	32	70	32	6	5
36	36	32	47	36	22
75	50	70	6	73	12
30	6	37	50	44	28
49	49	49	66	99	80
3	45	29	94	69	80
50	62	80	71	4	46
40	64	40	40	29	60
21	80	61	45	32	29
10	31	9	99	71	58
78	6	23	23	23	72
1	84	48	64	89	100
14	28	58	28	28	31
20	8	16	8	8	95
81	35	66	39	97	63
27	29	37	38	35	51
42	92	82	69	29	86
41	53	1	76	66	61
71	43	26	78	80	35
5	4	44	65	4	60
6	61	11	6	6	99
51	42	42	24	98	71
78	99	26	26	61	26
31	27	29	24	63	18
27	49	23	87	59	92
49	49	68	52	49	82
41	79	15	8	8	8
8	43	26	19	60	60
93	54	82	6	65	86
19	87	37	39	66	6
28	17	19	34	68	30
36	5	36	36	61	45
47	44	48	12	89	11
39	21	26	87	95	81
95	83	89	77	50	1
95	74	96	73	70	42
25	6	25	69	25	50
30	39	39	39	71	38
30	80	94	69	49	86
45	45	36	72	45	50
65	2	80	2	2	27
66	77	24	5	22	96
62	93	12	86	89	94
26	78	16	88	99	89
98	83	52	15	25	90
39	58	93	36	48	92
10	16	4	45	3	8
68	51	18	37	78	52
34	19	53	63	16	91
52	45	8	90	38	13
61	92	55	3	68	64
82	28	25	35	28	28
19	52	58	8	11	25
28	73	15	68	73	92
57	88	64	68	10	90
33	33	17	1	33	8
41	48	68	58	83	74
47	19	19	74	19	92
26	26	88	26	66	96
33	57	33	19	3	33
95	9	86	9	9	14
71	95	78	70	24	2
24	39	48	52	95	98
12	52	16	55	87	37
33	21	21	57	21	52
66	40	87	80	45	43
30	34	24	11	93	26
2	42	93	58	23	25
27	66	82	74	86	12
56	71	80	27	5	27
98	71	20	47	27	81
2	29	75	29	29	22
10	33	78	78	62	74
62	71	96	32	69	73
57	89	23	74	46	67
17	76	22	29	89	77
11	4	92	56	40	12
79	62	41	31	38	60
91	35	6	89	91	92
21	21	21	63	23	83
14	96	78	44	74	28
28	63	78	41	40	75
45	29	82	59	99	21
67	4	23	20	97	62
75	70	69	27	27	27
41	42	22	5	82	32
84	82	41	79	31	45
17	100	53	72	83	80
81	15	18	5	15	15
51	56	18	57	17	43
19	7	54	7	7	14
80	16	52	17	17	17
93	69	18	50	13	69
40	18	61	40	40	72
91	21	90	57	18	99
35	76	42	69	20	69
59	68	37	39	98	55
60	32	35	20	20	20
15	12	42	97	1	1
33	83	56	21	27	65
62	49	46	30	62	70
3	8	40	8	8	84
6	40	20	98	83	65
78	84	27	36	7	2
95	69	17	23	30	46
45	70	45	45	27	81
95	3	18	87	66	8
32	32	72	32	77	62
50	31	41	2	26	12
40	47	47	62	91	47
47	27	10	40	43	73
62	28	28	95	43	28
19	77	39	4	94	21
76	99	50	1	69	86
81	60	27	33	81	42
44	57	44	6	44	19
43	43	43	75	63	4
34	66	22	53	97	42
21	21	21	5	44	49
9	9	29	81	87	9
6	74	60	96	82	50
15	32	33	38	38	38
58	74	93	78	22	76
64	17	27	75	45	10
44	100	33	5	56	46
31	51	20	30	34	24
78	3	75	92	16	60
93	35	4	31	30	15
93	27	18	28	42	85
14	14	41	28	14	26
41	1	85	93	60	32
18	21	18	94	18	63
100	37	15	75	86	41
74	58	22	27	26	89
13	21	3	80	49	10
60	9	5	5	57	5
98	49	70	8	5	81
43	36	23	49	62	90
4	75	47	4	96	100
44	37	33	52	32	93
57	86	17	87	45	83
37	25	76	25	25	89
5	77	4	4	36	4
74	35	49	58	42	63
77	57	94	24	99	34
79	33	54	24	94	75
8	15	15	15	25	60
52	71	55	66	61	3
36	88	38	26	36	36
37	36	37	63	87	37
47	67	39	97	58	73
43	19	93	76	56	92
52	54	38	53	13	87
26	61	71	74	49	22
1	62	92	61	1	1
47	11	74	50	75	24
33	1	34	33	33	25
62	78	94	14	26	39
23	12	42	14	99	40
14	14	39	43	50	14
31	30	4	31	31	19
98	12	66	46	78	7
44	33	68	46	14	55
72	29	82	48	51	92
77	20	14	48	6	72
89	19	19	96	85	19
74	64	18	54	48	22
60	90	9	9	73	67
91	62	91	100	8	28
57	68	75	10	47	44
80	94	43	69	37	14
53	86	93	44	3	73
46	71	16	92	85	4
57	45	93	37	40	51
87	1	3	52	76	42
61	68	10	12	15	46
36	60	66	25	84	59
86	57	77	9	8	43
40	21	60	21	21	61
93	63	58	95	34	23
91	29	17	7	3	65
79	37	37	37	90	52
43	9	3	4	54	61
68	50	94	54	22	62
92	19	89	76	95	67
85	58	13	22	5	31
28	21	43	81	43	43
38	76	68	36	83	11
79	35	86	62	39	13
77	50	99	50	32	50
64	72	2	20	11	67
16	32	16	54	80	16
80	68	54	86	28	67
28	35	64	46	46	46
3	93	3	12	3	53
82	54	75	25	17	25
72	19	7	8	27	43
67	65	14	62	83	83
22	22	22	87	51	14
39	48	48	48	37	81
21	41	74	21	21	42
6	96	56	8	66	90
26	75	37	65	63	95
17	29	55	29	38	29
18	35	2	91	75	19
78	73	12	46	77	43
27	68	3	3	3	87
27	71	9	42	4	73
78	40	63	69	12	67
66	61	82	33	59	57
30	65	44	38	89	25
70	88	29	50	32	42
90	23	94	18	82	58
73	20	23	20	20	14
61	25	25	79	85	25
38	82	59	90	68	76
39	39	39	75	1	5
79	92	2	91	5	42
29	3	24	49	79	47
34	34	58	34	70	99
57	5	85	89	85	63
74	57	17	35	85	51
82	46	55	18	11	87
38	38	2	38	5	95
59	5	18	18	39	18
25	6	6	89	6	95
68	18	31	72	16	76
57	71	94	89	73	95
27	50	50	50	9	76
94	76	84	43	85	67
18	41	70	41	41	35
93	10	48	36	98	96
77	9	85	44	62	57
55	20	68	77	32	70
41	29	29	29	31	25
3	61	14	58	21	51
4	84	91	6	94	67
73	79	93	35	77	60
38	74	12	61	34	12
27	8	82	65	40	24
44	44	44	51	93	60
69	74	35	28	100	20
36	43	65	9	31	74
19	25	18	24	92	45
8	29	3	50	32	21
51	73	11	52	11	11
39	92	75	10	66	45
27	46	53	27	27	71
50	62	19	72	9	28
5	73	81	95	28	57
10	54	10	40	62	10
98	97	70	45	46	81
74	74	69	76	87	100
23	96	26	71	72	19
3	10	94	3	14	95
73	55	13	73	47	6
3	15	57	15	15	77
33	6	6	86	6	60
10	92	73	44	79	18
39	55	14	49	16	51
69	47	26	86	59	74
95	4	43	43	43	71
93	67	1	28	1	1
26	17	48	85	39	59
91	82	60	8	27	7
9	97	36	9	9	17
76	5	67	5	60	5
89	32	71	2	81	31
77	10	23	16	79	85
84	1	44	16	56	19
99	100	19	99	85	44
9	96	43	43	43	5
38	32	28	8	28	28
95	5	55	79	94	51
52	13	33	21	34	39
29	2	29	93	29	28
72	83	95	30	14	22
97	28	94	70	28	28
78	79	31	72	33	49
42	94	8	41	48	90
33	2	5	43	77	73
18	22	5	4	71	68
68	98	68	88	98	57
15	8	43	94	51	39
99	95	21	76	64	6
39	57	82	96	65	84
99	12	4	16	68	39
31	31	77	31	30	69
23	62	35	74	31	42
68	4	11	37	4	4
31	50	50	50	81	32
20	20	41	17	14	20
36	24	22	14	6	43
79	39	39	39	63	99
39	93	21	6	27	2
19	6	77	65	89	29
87	89	45	84	88	99
21	21	31	66	21	100
4	49	23	94	14	25
37	30	25	3	81	54
98	56	42	85	64	10
92	50	85	39	50	50
84	75	100	79	12	13
28	39	43	38	43	43
40	5	5	20	5	41
25	22	11	65	64	11
53	95	8	42	77	20
55	97	16	29	20	38
44	78	34	92	99	41
31	77	31	79	31	90
77	79	49	34	62	96
82	85	33	57	71	10
13	99	27	86	6	53
2	68	99	84	10	13
20	38	76	7	47	64
45	45	45	83	11	47
25	59	94	40	61	5
15	6	1	82	76	5
31	31	29	31	99	74
77	100	33	50	9	6
22	22	22	21	35	74
83	48	18	71	9	39
20	13	20	64	75	20
68	14	78	93	15	18
64	38	5	5	5	84
10	10	61	10	20	21
30	44	97	71	48	36
23	37	84	72	26	70
23	81	43	23	23	66
7	65	42	49	74	77
4	52	23	23	23	91
6	40	71	38	69	59
78	22	37	15	22	22
26	16	49	23	26	26
95	38	38	1	38	52
97	78	15	44	64	88
17	36	35	17	48	16
44	4	4	42	76	76
78	52	42	42	42	89
7	63	31	2	80	37
3	3	52	91	77	3
71	18	78	18	28	18
70	41	41	41	92	17
50	9	1	20	59	8
68	59	11	69	22	56
71	39	93	52	77	45
87	98	91	64	81	27
84	71	98	1	73	96
48	85	48	99	48	32
9	1	58	29	31	27
88	21	56	29	27	24
37	39	39	39	41	88
47	88	66	93	32	46
14	83	25	81	25	25
75	9	18	6	15	3
75	71	92	16	85	16
40	42	12	89	33	61
27	80	12	33	71	17
91	70	45	10	72	75
96	61	25	96	15	18
89	94	67	67	1	67
58	26	93	49	72	61
74	12	58	38	57	46
92	62	37	56	17	34
11	17	90	39	6	44
13	83	13	8	13	72
70	72	95	38	54	12
88	23	53	69	100	42
97	26	80	14	78	51
30	12	44	44	44	88
29	40	4	87	29	29
4	93	4	4	56	38
100	95	83	5	72	99
59	44	76	29	3	8
2	38	23	89	9	13
29	7	80	85	26	83
22	3	81	3	3	19
48	4	56	66	26	65
84	26	12	73	66	83
87	41	31	30	33	59
78	55	83	92	53	96
45	51	45	31	13	45
62	3	80	94	86	99
85	86	35	35	35	31
56	90	34	44	66	39
83	61	48	11	11	32
95	30	94	75	78	26
35	62	15	15	15	2
84	54	56	98	21	4
40	73	40	14	40	7
71	11	43	77	70	46
65	30	68	74	13	31
49	15	81	83	75	44
93	77	95	67	60	18
62	86	72	4	37	18
48	82	91	18	89	44
100	69	3	90	14	17
30	38	27	52	57	96
74	22	1	64	64	31
47	95	99	56	69	58
48	12	98	18	11	95
99	78	87	27	18	42
46	23	71	32	58	96
29	59	29	14	65	29
14	82	59	57	97	90
100	44	85	14	28	81
32	50	71	74	95	52
84	11	84	42	30	49
62	55	27	58	27	30
30	46	21	41	84	52
61	92	91	20	41	5
77	27	24	9	100	46
14	8	21	76	5	1
94	95	59	46	3	90
30	71	35	30	26	24
77	48	61	3	96	55
68	76	50	62	21	77
53	24	11	11	11	60
6	14	53	45	74	95
39	100	13	12	13	13
8	62	37	44	16	21
64	8	72	37	98	47
11	34	93	100	65	13
85	74	75	48	64	4
51	93	8	8	77	8
15	15	6	85	53	15
16	35	93	35	59	35
22	39	83	22	22	70
38	4	41	34	2	23
29	31	6	52	6	6
93	18	39	39	88	39
79	15	25	79	94	24
80	33	33	33	20	10
5	97	42	10	79	51
37	40	41	82	92	71
48	24	48	48	100	91
81	15	66	43	4	15
25	41	14	12	23	55
5	5	5	37	75	80
47	30	48	4	82	74
86	66	91	9	79	36
94	75	47	38	78	46
82	5	92	8	44	51
20	29	7	53	82	67
14	45	6	90	86	83
58	20	60	18	81	73
33	44	86	43	83	57
51	27	58	66	45	78
74	94	52	50	62	100
28	36	21	36	67	36
19	44	14	53	44	44
24	3	24	24	86	39
27	63	82	27	27	6
28	87	93	33	20	87
11	81	50	44	42	29
76	1	49	2	31	87
38	84	91	39	74	97
42	57	31	52	60	28
100	75	20	29	80	6
89	48	96	41	48	48
67	80	43	30	2	57
77	91	4	100	47	62
68	53	23	23	23	96
50	26	35	41	98	20
61	85	24	19	83	76
33	82	27	29	33	33
43	14	45	14	73	69
11	30	33	33	33	96
4	4	21	34	44	27
49	32	33	63	77	7
64	24	24	3	24	100
79	27	38	10	37	35
14	92	14	39	14	77
78	19	38	17	13	29
10	25	42	20	22	47
73	56	37	25	59	41
84	67	15	95	78	40
98	36	11	44	11	11
73	23	34	91	20	63
41	67	41	89	41	90
99	58	86	91	90	71
93	64	41	7	74	81
15	75	77	15	33	15
15	97	61	30	77	90
3	57	3	43	38	3
50	50	50	65	52	93
92	72	37	60	44	86
24	36	66	36	31	36
44	40	41	46	54	75
10	60	83	99	89	83
93	88	54	28	30	50
20	18	31	55	32	35
40	51	40	31	26	40
57	81	27	40	51	15
40	93	10	32	89	88
11	28	47	45	39	25
25	6	6	6	64	83
64	52	56	12	41	100
35	69	68	70	83	6
93	55	40	22	92	73
66	1	38	16	53	92
95	43	43	43	37	74
29	86	99	57	13	31
67	46	45	80	72	77
98	74	48	34	34	34
59	54	72	17	12	74
15	31	47	1	47	47
40	86	28	95	38	97
75	85	22	47	34	72
84	90	6	70	51	77
25	56	26	38	13	48
46	73	14	55	79	80
46	5	5	67	5	54
63	65	25	68	88	46
88	92	14	28	100	95
5	9	62	75	36	56
85	33	57	39	39	39
76	8	53	29	59	52
98	71	100	12	12	12
4	70	27	1	93	75
40	1	1	82	45	1
90	4	81	10	27	15
67	34	12	79	84	81
93	54	7	59	7	7
59	38	64	100	38	38
3	24	8	55	52	57
6	43	6	65	68	6
100	49	19	19	19	27
69	53	81	97	81	98
79	26	66	84	47	86
34	36	20	86	44	8
76	47	86	68	10	8
2	83	69	88	74	27
94	82	44	96	73	95
50	79	34	30	5	44
46	76	47	55	92	2
59	92	5	61	36	5
15	82	16	26	8	34
47	1	86	74	86	11
44	38	3	99	14	20
84	46	89	31	74	12
28	75	70	46	5	11
18	44	39	87	18	14
34	19	37	77	87	49
68	40	33	75	70	35
2	2	26	3	2	18
68	7	40	40	80	40
44	59	74	96	52	88
60	15	42	54	46	86
48	1	57	24	30	53
43	51	79	57	94	78
59	39	50	2	39	39
9	51	57	24	14	49
48	97	95	60	96	47
26	2	53	86	29	30
89	30	32	44	50	92
77	57	83	57	65	40
72	10	6	34	49	12
45	51	81	45	58	45
58	19	45	88	20	28
89	43	44	54	69	93
59	79	1	4	34	53
65	80	65	5	51	55
61	63	17	79	12	68
18	18	18	36	82	58
23	70	23	23	12	9
58	60	40	74	24	77
13	48	5	25	88	9
12	68	30	56	41	44
8	28	74	45	76	71
38	48	35	26	26	26
31	96	46	46	46	49
57	35	48	50	70	27
51	17	65	31	22	96
80	53	66	90	76	55
38	37	25	93	53	83
50	3	6	50	50	18
50	53	36	36	36	20
29	74	29	61	92	29
12	12	85	36	12	64
66	99	2	93	7	77
40	22	43	78	77	11
32	46	4	32	53	32
38	15	38	96	61	38
82	99	42	2	26	31
34	46	97	73	32	57
6	76	78	4	4	27
22	69	49	49	37	49
20	97	8	97	2	27
59	84	93	21	39	35
43	55	3	97	77	90
7	32	50	26	55	20
45	70	45	9	45	71
16	16	41	17	16	34
6	25	52	6	6	99
40	62	73	40	42	40
39	27	87	27	94	27
47	98	88	67	35	18
26	93	29	35	63	9
26	35	91	72	53	4
50	5	20	5	45	5
37	53	37	37	99	98
54	55	57	54	8	79
87	63	71	49	73	99
53	22	37	86	37	37
63	37	44	84	21	49
48	32	32	82	32	3
93	41	41	57	85	41
10	29	27	10	25	10
2	19	19	42	15	19
6	61	26	6	6	84
61	53	53	34	48	52
27	27	36	41	94	27
91	92	81	94	49	75
1	1	36	42	1	68
31	38	99	95	31	31
31	63	92	55	32	6
42	76	11	11	69	11
35	35	41	1	87	35
47	60	10	18	20	84
49	49	49	31	65	71
87	5	28	31	21	52
19	93	84	24	84	62
19	10	47	47	95	47
35	69	77	77	5	22
5	5	1	46	5	42
42	42	100	32	59	42
49	16	8	22	17	28
90	13	7	18	3	99
68	34	6	99	62	6
40	97	89	16	100	46
81	59	25	39	73	61
86	18	77	19	89	48
6	33	3	13	33	33
38	87	1	100	63	66
12	98	85	47	88	31
48	48	64	88	48	22
93	71	53	87	34	25
26	94	19	6	58	31
10	13	60	47	47	37
43	56	9	9	19	9
54	20	94	88	68	27
27	2	49	91	85	38
12	78	65	95	32	91
7	43	1	1	94	1
36	44	36	36	54	60
45	32	93	20	77	47
11	39	8	59	41	34
49	5	27	72	78	69
19	46	84	97	86	58
24	96	17	1	89	48
25	53	100	48	48	48
97	81	78	2	83	51
45	76	45	45	67	19
86	92	58	18	59	100
12	67	19	38	91	80
77	91	69	90	77	87
97	62	32	25	33	88
96	81	4	63	94	40
2	46	19	90	7	6
48	84	3	48	99	62
31	37	93	72	22	14
13	56	44	49	25	43
4	95	48	17	98	81
34	100	32	92	63	91
81	90	74	3	51	99
39	51	52	70	18	78
65	81	55	90	9	70
56	13	66	80	78	76
28	68	28	12	13	28
87	88	26	64	17	24
31	29	35	34	21	3
24	91	92	46	68	14
22	10	66	8	89	22
76	63	46	72	100	43
30	99	61	83	81	21
54	89	12	49	21	45
64	57	89	10	55	89
44	17	51	82	21	96
47	47	13	62	37	47
14	46	23	3	23	23
26	36	36	78	87	36
31	81	73	94	46	95
28	74	7	72	44	34
21	56	39	19	42	8
34	27	82	41	64	18
100	43	43	46	2	43
31	58	36	93	70	5
12	44	61	85	65	57
26	100	9	33	22	79
81	55	20	86	96	36
2	62	65	63	10	51
87	41	29	91	48	22
69	69	7	33	46	27
20	65	75	51	60	72
12	25	69	31	92	63
67	36	1	82	82	15
51	49	34	36	49	64
41	57	87	68	93	1
82	87	56	16	87	22
92	63	69	66	89	34
33	17	50	71	77	68
54	27	6	6	6	11
50	50	100	50	40	51
93	72	71	22	72	19
13	99	82	69	75	22
8	31	9	9	48	9
33	97	94	12	67	41
69	48	24	42	24	24
28	64	96	12	80	29
77	29	65	63	86	92
20	20	22	20	2	15
69	6	36	76	68	64
33	46	29	92	50	86
37	35	48	95	98	44
29	45	29	29	91	71
83	11	55	84	35	24
37	4	43	27	42	33
76	40	95	28	46	49
72	37	37	13	37	28
64	86	36	17	78	21
80	31	74	14	18	14
28	99	5	20	28	28
11	30	21	11	13	11
2	47	1	97	88	58
25	8	34	64	72	53
36	36	86	80	21	91
29	81	6	5	85	1
83	26	57	34	69	73
11	27	2	79	11	11
82	54	14	77	62	89
1	1	1	22	92	29
99	2	60	86	20	4
22	20	59	36	82	70
35	29	57	3	55	43
12	76	42	57	86	24
47	11	70	54	79	16
50	33	70	82	50	50
38	49	97	49	33	49
36	37	61	66	100	86
64	61	24	40	24	24
21	52	28	34	35	7
56	1	73	77	49	43
11	11	11	32	65	47
60	28	60	94	8	89
65	66	7	7	7	15
84	97	29	58	39	4
18	44	19	95	52	53
33	29	29	7	29	44
26	31	80	35	38	46
98	2	1	9	80	3
73	94	67	43	43	43
79	34	33	34	34	93
69	27	43	27	27	57
71	3	24	3	3	42
1	1	35	1	8	92
67	2	99	48	6	98
61	14	26	79	83	89
44	69	71	70	92	95
26	26	59	26	52	79
55	92	67	63	9	83
4	10	78	21	75	60
41	63	66	90	83	45
20	95	13	34	20	20
3	46	86	100	19	4
77	83	48	7	53	54
51	52	55	15	26	77
79	75	95	72	96	27
57	24	45	30	50	44
1	86	1	5	1	83
93	32	22	84	69	31
61	33	42	92	29	50
49	25	65	81	5	44
49	49	81	2	49	88
78	4	32	83	67	57
2	22	72	44	35	66
50	5	84	93	86	77
17	90	55	38	82	91
75	57	17	15	86	62
46	31	42	44	4	30
59	40	42	28	10	39
42	74	42	42	33	57
88	98	45	45	95	1
67	14	30	89	14	14
57	57	93	48	22	30
49	75	97	35	75	78
50	47	59	50	84	50
73	35	99	53	34	74
70	90	36	82	39	94
33	67	74	45	6	15
78	85	80	29	36	62
50	44	88	98	46	96
54	100	81	27	78	4
91	62	40	88	6	9
12	12	12	72	100	10
80	7	90	90	48	88
44	13	86	67	94	92
42	42	42	78	80	71
29	94	89	83	6	12
97	83	94	22	45	9
44	44	44	94	8	10
76	82	64	82	73	61
35	9	78	8	73	94
41	17	20	69	96	25
44	24	41	3	17	93
100	22	75	22	53	22
34	98	29	22	5	19
98	35	25	35	5	35
58	82	24	13	79	32
35	78	62	35	29	35
8	2	58	90	72	43
18	26	9	32	57	63
5	79	93	21	94	36
76	68	100	37	41	23
48	79	47	10	27	74
94	21	100	35	4	18
41	99	41	73	75	41
17	18	55	78	86	82
94	46	47	93	34	89
27	19	36	36	36	78
29	38	38	44	38	76
57	41	100	84	23	8
10	86	39	18	30	69
43	78	97	43	43	90
96	8	81	70	15	37
71	89	5	7	75	6
93	2	40	2	96	2
70	72	36	95	62	30
11	54	69	66	80	4
71	1	70	70	51	53
95	43	88	36	26	97
11	11	85	3	86	11
57	56	90	48	28	9
80	50	21	54	4	47
59	62	60	24	10	33
25	43	83	47	50	88
2	94	11	20	18	12
27	35	46	27	27	2
58	20	36	88	82	79
32	96	34	29	63	42
14	26	54	58	39	42
8	96	15	17	39	39
28	15	61	85	43	80
51	70	4	35	53	30
15	26	20	20	19	20
5	6	57	5	38	5
60	4	50	97	13	43
36	28	86	100	28	45
95	12	2	98	93	62
10	48	76	84	64	40
86	72	53	83	14	74
44	23	57	4	87	22
33	56	13	89	33	33
99	21	21	69	89	6
78	57	77	15	91	7
2	30	27	77	52	90
63	18	29	94	19	1
12	70	79	39	97	12
12	39	98	47	69	38
13	24	95	27	53	28
20	36	73	50	3	72
55	6	6	19	22	65
78	37	37	37	3	16
34	93	8	43	56	41
3	75	32	56	60	91
62	52	88	26	33	87
25	94	2	51	71	18
12	55	17	70	12	52
30	19	38	38	10	24
36	44	44	44	2	4
8	8	10	30	82	8
53	44	44	43	44	95
25	14	51	72	29	49
1	22	26	26	26	21
56	94	74	14	68	27
66	64	47	93	11	88
3	41	60	54	86	51
49	35	32	69	66	9
31	23	76	38	90	33
25	95	46	34	5	91
63	28	79	1	26	80
32	45	32	9	3	32
89	36	58	58	42	3
23	37	49	27	62	64
59	72	73	75	72	73
67	13	30	95	43	60
1	90	47	39	37	21
12	12	20	80	75	12
8	53	75	88	45	92
26	68	18	17	50	86
82	46	27	46	46	44
41	69	22	6	32	98
51	58	45	67	47	48
91	84	11	83	34	62
18	56	60	43	4	70
70	12	19	24	81	18
49	65	36	93	80	34
48	48	48	7	14	17
82	36	11	85	13	49
87	45	61	36	28	8
21	21	49	57	21	13
89	9	49	66	22	87
24	90	39	70	76	43
87	36	36	2	63	5
82	44	78	21	21	21
53	43	40	18	59	86
35	99	8	42	79	95
90	47	36	47	47	12
2	39	2	2	76	48
95	52	28	86	14	75
36	42	87	57	82	52
59	73	6	3	65	19
63	76	31	5	63	57
98	2	8	92	31	83
38	4	29	13	34	11
88	15	22	68	50	53
95	35	95	81	78	60
7	19	14	24	71	38
70	57	18	12	76	49
28	28	11	54	24	28
18	66	72	67	14	31
81	18	99	29	71	80
94	19	42	73	52	19
44	4	70	84	86	78
56	1	54	92	13	67
37	79	100	37	37	16
16	83	49	8	62	40
13	29	41	67	41	67
49	33	40	76	40	40
23	48	91	72	94	18
67	52	57	25	80	20
52	46	90	69	14	78
33	33	50	90	64	33
5	36	92	14	74	77
9	7	46	64	46	46
21	97	79	2	97	32
7	25	54	74	85	67
55	70	69	22	78	73
72	19	78	27	99	58
71	47	67	85	30	97
2	19	91	3	70	80
61	94	33	89	2	85
23	16	93	88	75	60
21	13	93	48	7	41
40	4	97	19	54	7
33	33	85	9	33	47
94	100	4	64	89	69
68	55	49	49	49	53
89	33	13	41	94	76
11	11	99	33	11	10
88	19	81	58	82	24
40	76	82	40	7	32
58	17	56	19	30	73
21	22	61	40	32	93
9	24	57	37	69	69
40	34	19	19	19	84
48	17	68	28	28	28
100	21	51	32	58	12
72	24	32	49	89	81
82	95	30	12	8	51
81	29	24	71	40	90
11	43	5	51	43	68
23	9	23	55	23	8
5	76	91	14	16	36
72	28	17	6	14	10
77	60	23	47	57	81
91	54	70	68	41	85
62	86	55	74	98	51
7	72	30	44	89	2
15	15	78	73	15	72
31	5	26	36	99	30
69	5	42	31	96	83
29	29	82	23	9	29
40	4	53	95	72	92
16	16	16	72	25	53
29	12	45	21	86	13
91	7	96	69	32	2
24	39	29	65	8	57
60	90	15	36	59	1
83	84	59	22	22	22
29	29	60	29	64	9
16	16	16	92	20	35
79	78	94	61	16	59
16	49	25	49	2	49
75	58	2	65	87	17
33	19	33	64	33	36
4	98	43	9	51	54
49	79	78	7	29	83
42	67	70	60	82	89
81	50	43	28	34	13
83	80	55	65	62	21
74	80	59	92	39	27
98	9	33	80	21	97
67	76	5	27	24	38
78	80	22	22	22	57
94	92	33	33	11	10
5	89	52	86	90	10
56	87	32	59	1	50
62	5	57	67	17	76
39	86	16	16	88	16
21	21	21	68	52	97
63	60	63	47	11	33
43	91	36	33	47	94
81	22	34	47	31	84
46	43	19	65	96	93
77	27	76	52	12	86
44	30	82	38	70	49
1	19	43	1	1	16
87	4	86	4	35	4
62	32	78	93	83	35
45	28	35	69	66	82
100	66	14	64	13	12
7	97	85	23	62	57
35	35	65	46	35	79
61	8	9	93	7	54
80	24	41	24	24	66
9	6	9	68	57	9
45	45	67	25	58	45
79	90	49	49	49	59
99	37	83	79	17	25
64	54	14	37	95	99
46	46	92	52	95	46
39	39	17	39	24	66
82	94	44	64	30	94
18	62	57	16	51	39
30	74	82	83	27	25
13	7	92	67	50	78
1	97	42	1	58	1
71	47	25	22	71	28
50	50	50	40	84	22
67	82	84	90	94	26
74	45	25	45	45	44
98	86	4	53	75	21
32	13	91	17	15	14
71	87	11	69	13	81
99	97	79	59	48	50
97	21	88	71	66	61
2	44	33	15	45	5
32	38	46	70	34	31
81	5	5	46	94	5
62	57	64	39	39	39
18	99	12	77	18	3
46	46	13	46	27	6
52	61	7	82	62	100
10	63	14	16	26	60
17	99	10	2	21	100
33	62	46	46	46	51
68	13	40	98	60	99
49	11	49	49	90	31
5	29	91	46	82	20
47	81	91	66	74	12
8	48	16	25	25	25
11	11	11	4	50	61
97	45	56	48	7	48
22	7	98	55	88	6
71	87	59	16	20	40
4	4	78	25	4	9
40	80	80	69	42	21
60	8	46	8	8	92
63	20	5	90	93	93
81	4	35	9	42	76
11	97	45	79	55	55
86	24	56	83	77	74
51	33	42	26	86	25
66	31	31	35	31	72
24	67	10	62	2	68
77	30	56	6	6	6
52	75	63	52	15	91
46	16	34	12	46	46
4	1	4	4	35	98
22	4	25	22	22	14
51	51	36	8	3	88
15	5	84	62	29	41
71	19	15	15	67	88
19	61	79	80	35	52
44	14	66	25	14	14
61	49	77	34	78	81
86	89	56	95	63	80
79	10	40	58	47	80
44	58	32	86	26	87
73	61	91	75	28	89
4	86	42	42	84	42
2	65	2	97	16	2
76	35	54	56	42	71
32	74	54	78	44	46
9	76	9	9	19	5
18	18	20	18	93	75
57	58	58	79	10	37
50	99	70	68	39	100
75	70	73	47	53	94
1	13	69	64	1	1
56	20	43	14	41	29
73	98	40	37	97	69
72	28	28	73	11	28
53	68	88	35	92	92
4	23	23	23	59	44
84	5	61	64	51	52
49	10	93	76	37	36
15	11	97	5	52	5
35	35	45	35	15	94
74	38	60	39	99	29
75	92	44	70	9	26
12	92	12	12	43	100
53	47	47	18	3	34
48	48	48	41	88	90
70	3	16	3	3	94
3	13	19	98	14	73
72	82	12	41	40	42
7	12	98	71	75	100
21	13	18	50	99	81
22	29	79	75	17	67
8	67	80	33	88	23
41	25	22	62	65	59
16	72	70	86	29	46
50	51	74	57	67	34
45	71	36	92	43	77
11	89	33	78	42	58
95	30	25	25	25	64
7	46	25	46	94	48
9	90	78	41	16	21
21	48	14	53	43	82
43	43	16	14	43	85
27	80	81	30	41	46
59	12	18	63	87	6
58	29	46	27	69	58
5	48	87	75	60	78
5	80	12	12	12	76
93	34	29	59	71	61
76	5	83	11	94	7
66	61	79	37	53	22
35	92	74	73	95	62
38	38	38	31	30	42
99	95	50	52	67	80
28	7	18	7	50	7
26	23	44	26	26	59
49	63	26	63	78	100
25	23	16	79	25	25
32	20	72	79	18	17
29	22	6	20	3	6
11	28	61	28	28	34
1	87	5	80	3	33
71	74	79	36	18	37
81	39	96	47	20	60
96	8	53	9	98	48
81	65	56	63	33	19
36	38	84	6	93	40
67	10	62	41	77	7
60	61	15	54	95	40
88	66	98	73	43	7
45	65	69	19	36	14
1	39	87	43	43	43
45	74	76	42	46	2
39	39	82	52	50	39
49	30	26	49	69	75
19	65	1	21	45	1
42	42	42	5	27	32
71	67	57	74	38	14
55	1	57	1	1	78
81	31	31	31	63	85
17	91	92	91	22	31
60	64	7	6	99	17
6	45	85	99	29	84
33	70	49	74	48	81
93	47	17	96	61	34
39	79	98	39	96	39
79	22	96	10	44	7
39	49	89	80	4	2
62	65	51	40	40	40
54	63	29	55	71	25
81	54	74	55	35	29
17	38	16	88	74	16
62	1	7	87	72	16
20	3	20	69	20	83
9	9	60	9	36	39
16	49	79	10	40	43
91	19	74	19	19	97
42	42	91	36	42	31
95	14	50	13	50	50
24	55	30	30	30	1
79	6	28	83	81	96
17	82	87	72	12	4
39	76	75	32	55	46
9	70	24	9	9	16
2	33	68	38	92	88
68	99	61	31	40	61
34	48	58	90	90	5
23	37	31	1	96	64
81	23	32	48	3	19
17	9	19	39	55	62
70	78	20	94	57	63
87	5	62	26	86	41
71	95	100	93	13	14
92	17	57	24	81	91
17	37	76	99	100	64
79	76	13	14	51	62
45	45	45	78	64	83
11	36	6	42	68	96
28	83	31	43	97	46
93	80	87	28	63	13
57	10	63	58	53	40
27	83	18	62	59	4
51	52	56	92	37	71
47	75	66	7	100	14
1	84	19	76	88	77
32	97	100	63	87	41
76	50	59	53	45	35
33	65	52	49	16	21
48	5	48	33	49	48
7	95	13	91	1	1
63	67	18	19	88	77
15	96	35	10	24	29
66	14	53	9	9	9
14	24	14	59	14	9
44	1	26	52	26	26
17	15	7	19	15	15
77	75	30	14	40	93
17	2	61	34	58	100
49	51	98	32	81	99
3	84	90	86	19	46
83	22	74	70	45	26
64	14	30	30	24	30
67	86	15	43	68	1
58	39	26	3	83	5
59	9	30	38	13	23
18	73	55	81	38	99
26	79	35	66	35	81
17	99	77	71	12	73
3	3	82	81	94	3
4	73	97	4	29	4
77	49	31	85	28	34
23	68	74	39	31	83
23	87	35	97	23	23
64	87	68	97	6	39
35	14	94	36	36	40
89	98	25	65	7	96
42	15	27	29	49	72
17	7	4	44	8	48
86	13	51	3	100	47
34	87	81	84	43	91
97	74	89	62	58	25
95	9	90	65	71	27
17	29	96	9	65	77
79	75	6	95	30	40
32	38	69	38	55	24
89	77	86	38	56	85
27	84	27	23	6	52
51	32	94	82	62	12
40	55	16	16	7	16
53	3	57	18	19	48
80	29	27	85	44	25
30	11	90	14	48	100
31	43	72	2	78	32
43	38	41	55	4	51
72	67	31	45	31	31
11	94	34	34	34	40
67	8	8	8	10	94
32	50	72	74	89	90
86	90	12	32	70	54
4	92	35	23	9	53
91	28	4	90	11	88
68	88	29	83	29	29
15	100	64	13	15	15
41	63	41	61	7	41
2	78	2	44	54	2
38	38	66	38	69	30
4	18	4	36	45	4
15	23	22	10	57	94
15	14	46	5	76	81
42	46	60	27	62	82
10	10	38	40	78	29
18	80	76	1	60	68
14	52	48	48	25	48
17	79	4	20	79	10
2	89	93	40	63	26
93	71	64	28	46	94
6	36	30	52	70	67
5	22	68	52	96	69
84	45	44	39	70	68
72	43	49	43	31	43
59	8	70	40	79	16
11	22	35	74	30	26
68	50	77	55	85	26
35	86	75	35	35	15
48	56	64	46	68	10
38	92	68	67	45	85
6	47	34	33	70	25
39	69	57	12	53	1
95	16	35	62	76	23
57	63	77	72	97	10
57	20	29	71	14	72
74	36	44	41	44	44
80	22	89	75	1	28
87	7	85	69	75	11
85	94	47	23	2	12
84	22	8	8	29	8
50	85	27	6	41	9
76	93	14	49	26	72
58	4	18	51	73	77
20	56	76	65	71	100
100	18	46	50	29	53
75	100	26	20	58	94
47	10	10	74	42	10
61	96	18	14	43	87
97	86	45	45	92	16
61	96	9	32	87	59
40	88	87	23	88	73
40	35	79	24	20	29
20	47	7	53	96	71
58	81	80	100	14	25
4	7	96	31	4	4
95	22	55	2	58	40
88	65	79	98	30	77
48	25	40	13	21	66
76	31	59	31	53	31
62	99	57	37	34	90
49	10	84	47	7	58
2	23	82	21	79	70
40	92	71	40	40	36
48	99	29	41	45	99
97	16	85	71	25	65
43	43	90	26	43	18
26	12	33	33	33	77
12	88	84	30	30	30
37	72	67	80	39	99
91	10	18	8	10	10
30	30	100	30	58	87
66	47	90	64	17	74
16	1	99	98	57	2
45	84	25	100	28	71
81	4	6	9	10	45
10	84	65	37	96	9
27	74	8	57	41	98
94	46	89	4	82	87
78	62	82	45	40	3
22	37	22	22	11	96
25	35	25	19	25	36
11	59	96	91	3	41
24	35	50	35	46	62
42	7	6	85	7	7
69	72	54	95	98	1
33	13	53	38	15	60
35	76	7	50	33	4
22	7	41	77	20	56
26	16	22	26	26	73
70	44	99	2	44	44
1	8	5	43	5	5
73	92	52	25	27	33
91	37	7	99	53	78
22	36	22	99	53	22
1	71	1	14	1	54
76	21	55	59	56	21
33	75	37	73	58	98
87	41	17	99	12	73
45	49	45	98	45	96
24	9	1	36	26	51
11	56	16	4	80	64
4	25	40	25	25	73
68	28	36	36	36	88
8	63	7	96	98	47
45	59	36	36	29	36
8	89	29	79	8	8
15	91	5	5	57	5
47	82	36	77	97	95
73	57	14	62	66	30
57	47	13	25	99	81
19	12	51	94	10	70
24	97	41	53	87	79
67	14	5	7	67	86
45	26	4	72	35	12
29	96	61	29	29	19
56	47	54	79	1	60
74	56	16	17	75	35
49	31	62	31	21	31
48	32	22	22	22	4
41	92	87	49	41	41
46	4	32	40	36	98
57	22	10	73	17	54
87	4	70	19	74	17
19	82	89	9	83	82
16	10	64	34	31	45
13	54	64	96	99	3
19	10	30	10	62	10
94	77	16	91	97	53
32	35	80	6	34	47
19	19	6	41	20	19
44	72	94	56	44	44
1	48	38	82	2	23
52	79	60	59	60	8
72	33	33	43	41	31
40	68	54	96	53	44
48	96	48	48	36	63
73	65	13	9	33	82
36	5	50	5	94	5
6	66	86	33	25	62
42	58	42	51	42	68
44	7	12	7	42	7
30	30	96	8	35	34
92	8	3	100	86	98
21	24	83	98	63	97
95	7	7	75	7	100
36	67	29	36	34	14
67	64	84	64	79	81
63	60	4	66	75	63
100	46	22	67	68	26
8	46	78	37	37	37
40	81	65	31	9	40
43	73	47	43	74	43
80	39	39	4	49	39
46	25	46	33	46	76
52	4	75	4	47	42
3	62	86	59	11	3
42	29	8	95	75	1
39	39	86	5	72	39
93	54	76	91	36	23
4	29	29	52	29	6
52	4	45	79	47	20
100	8	53	10	25	64
22	65	28	33	37	14
48	89	97	62	96	35
51	34	19	97	42	24
23	3	97	10	19	10
63	49	48	50	99	96
5	72	5	5	61	2
49	49	87	49	85	77
61	27	33	56	63	94
65	17	35	24	7	89
28	21	80	65	43	27
19	79	42	42	42	9
10	97	27	53	26	19
7	11	11	84	11	28
43	93	68	83	20	59
51	35	29	35	35	68
23	76	13	11	23	23
94	21	20	19	59	64
74	95	54	90	2	9
32	82	86	47	36	71
35	34	35	35	22	96
24	24	41	24	79	2
92	49	72	42	79	88
30	42	95	30	72	30
70	58	46	38	81	58
22	15	74	27	79	58
76	45	89	12	24	93
25	25	25	83	57	82
99	30	47	69	71	28
36	59	29	37	37	37
38	38	14	78	65	38
80	66	29	64	77	86
36	88	36	36	85	29
36	78	36	10	36	100
4	22	85	52	22	22
62	26	75	26	26	93
61	41	5	12	86	17
12	14	84	14	14	98
30	1	32	44	92	97
3	43	44	22	3	3
10	16	87	44	64	53
61	55	93	69	95	87
81	32	51	95	18	4
82	73	60	26	62	78
61	34	67	34	45	34
21	5	21	21	40	81
49	15	69	4	62	46
99	83	40	57	8	47
9	49	76	33	34	69
3	74	25	29	49	67
8	14	82	31	90	11
72	69	43	43	9	43
26	7	20	43	45	35
7	32	85	41	87	37
98	26	8	26	26	31
29	38	95	98	10	88
39	52	61	41	46	100
61	82	64	77	37	11
30	12	30	59	80	30
94	67	95	94	33	97
31	23	31	62	31	88
8	11	56	46	42	35
7	47	96	5	13	17
28	11	25	25	45	25
100	58	2	41	41	41
52	22	45	84	93	93
87	13	52	56	84	43
4	51	55	55	89	32
93	21	99	57	81	95
17	96	35	78	95	99
100	38	31	52	45	90
60	39	88	39	35	39
77	81	57	32	70	100
70	88	68	9	44	76
51	17	24	17	17	61
11	42	64	7	56	90
19	83	69	95	19	19
100	17	63	89	15	96
8	82	14	35	53	93
4	44	91	46	85	77
25	14	98	15	24	63
15	32	100	69	74	49
51	60	24	21	70	98
18	11	8	21	17	74
5	98	87	5	57	5
4	4	59	4	41	5
81	95	76	5	23	2
38	38	38	41	83	17
91	37	63	7	57	86
58	75	92	80	13	22
70	41	46	57	76	7
80	94	62	85	3	100
38	24	37	19	92	10
58	15	32	15	69	15
14	7	52	14	74	14
16	27	95	16	53	16
70	94	66	90	31	89
57	17	17	26	15	17
10	36	14	49	90	4
98	39	17	57	49	2
6	95	6	70	68	6
89	52	38	41	88	90
36	96	53	82	6	71
38	79	38	64	42	38
20	64	33	33	96	33
62	97	10	7	36	36
7	95	92	54	97	99
16	12	16	16	15	94
35	35	13	98	38	35
53	36	83	65	88	12
9	46	83	65	48	38
57	94	14	16	58	46
34	36	95	70	87	73
69	5	61	91	98	97
47	20	7	97	63	47
77	94	48	65	48	48
45	10	71	5	89	51
75	53	79	38	38	38
92	46	2	91	14	74
55	17	34	9	18	62
65	53	32	21	95	53
4	4	57	60	47	4
16	42	73	21	37	58
10	72	34	9	65	76
15	100	16	54	90	75
19	97	73	76	46	1
40	27	59	49	9	90
66	10	51	10	10	22
50	22	62	30	50	50
39	13	84	39	40	39
25	21	79	18	25	25
6	95	88	81	86	73
17	81	85	47	71	46
80	71	59	38	97	91
29	58	75	21	6	76
35	50	75	35	35	59
23	25	60	25	82	25
18	34	96	39	32	24
10	46	29	66	13	93
1	23	57	84	1	1
87	16	16	28	16	55
61	34	68	81	48	87
12	69	28	97	97	87
23	90	56	31	35	4
64	62	40	76	32	79
48	95	28	48	48	99
85	11	40	17	20	25
7	7	3	80	7	68
91	19	85	19	19	89
13	18	18	16	61	69
25	31	17	84	31	31
51	19	31	14	96	74
27	75	63	28	25	71
12	15	6	6	6	30
57	26	49	49	49	12
54	44	100	90	28	22
44	84	71	62	23	49
99	6	95	35	36	30
45	40	47	98	45	45
3	46	3	48	29	3
21	21	21	67	31	29
23	100	24	23	76	23
49	31	89	68	84	55
38	38	38	59	51	73
20	69	56	78	17	48
90	39	50	17	82	10
59	85	2	73	98	87
65	55	76	49	61	78
67	50	50	42	63	50
77	30	71	30	30	80
27	96	97	57	92	8
9	28	3	52	86	62
29	34	44	47	42	58
46	44	2	61	25	33
73	39	79	61	2	52
29	29	68	13	27	29
28	28	28	19	12	22
18	26	62	91	24	27
16	56	66	87	16	16
93	4	14	4	4	39
24	30	37	27	16	35
22	64	91	66	70	55
10	29	50	50	50	38
80	13	7	33	91	61
24	7	88	75	68	60
29	98	27	76	37	71
23	77	89	45	25	23
19	39	21	71	36	54
13	13	14	13	1	9
89	3	3	55	62	3
82	16	22	20	90	96
91	61	67	88	6	35
19	82	72	13	8	9
99	97	84	5	50	8
78	19	85	40	68	55
5	83	49	5	1	5
46	72	46	21	46	62
41	17	16	62	63	32
26	83	58	44	69	29
2	46	50	74	2	2
76	82	31	81	32	36
21	24	21	84	45	21
45	9	31	93	83	41
91	91	32	70	4	45
9	77	39	41	31	26
76	97	47	30	35	61
83	70	21	3	3	13
41	4	10	12	41	31
66	62	18	86	18	18
89	50	18	50	71	50
21	45	51	80	40	46
35	19	48	10	76	4
23	55	53	48	47	25
9	83	97	9	77	9
82	89	97	68	60	18
83	58	67	41	41	24
71	68	52	89	63	21
86	56	82	24	86	2
53	38	5	38	41	38
10	17	32	17	17	79
44	14	90	44	44	57
3	47	47	94	39	13
91	10	86	19	42	25
42	16	89	33	93	34
9	9	75	26	9	72
36	59	7	89	96	23
58	38	41	92	41	2
68	93	16	63	16	16
82	63	54	56	57	75
96	55	98	26	90	37
12	77	21	21	21	40
93	37	60	37	37	47
44	50	22	42	34	49
87	45	13	77	22	60
73	6	9	9	9	20
3	31	19	3	3	80
21	51	27	27	87	27
33	48	16	87	8	22
82	87	40	94	6	37
3	72	3	3	5	5
2	66	99	3	2	11
13	86	5	13	95	13
40	14	31	59	99	21
32	21	57	2	34	76
86	79	84	35	43	35
81	97	6	20	37	50
84	18	28	65	28	28
51	14	78	95	92	17
42	31	39	31	38	45
75	46	5	90	5	5
70	72	28	17	84	70
53	78	59	99	4	94
32	4	36	1	25	27
93	68	37	27	27	27
96	3	58	44	52	47
13	71	82	95	24	78
69	45	59	88	43	33
20	91	93	31	42	51
49	44	43	30	44	44
66	23	47	5	17	50
13	96	13	13	27	49
6	56	51	62	100	90
60	23	23	23	28	83
34	76	4	4	24	59
22	31	44	2	46	48
1	35	35	94	35	84
19	67	68	19	93	19
42	31	54	24	81	21
42	37	5	100	44	73
2	6	74	6	6	94
5	21	64	23	78	11
50	82	8	19	53	95
62	95	66	45	52	63
76	9	79	82	94	23
42	9	50	50	99	50
48	3	46	97	52	84
15	50	78	74	92	18
98	49	20	40	2	10
75	72	15	46	97	16
5	37	5	75	5	43
50	94	50	50	77	38
44	59	2	46	81	10
33	69	6	99	73	94
23	24	24	15	24	11
76	45	64	68	61	55
46	95	73	30	50	21
49	13	15	13	91	23
66	32	15	80	98	93
11	86	99	73	58	14
71	27	27	36	27	47
96	65	86	41	41	38
60	20	7	76	11	98
19	6	58	22	95	32
33	11	84	91	11	66
16	33	16	64	97	10
2	92	68	30	65	6
17	94	11	7	78	45
64	85	94	13	9	5
42	45	68	83	56	50
16	52	7	48	100	73
71	21	80	10	10	10
44	8	96	10	46	7
63	4	87	19	19	19
5	98	94	85	59	63
14	41	46	9	31	97
86	78	62	48	91	11
87	90	1	25	39	79
42	44	81	8	69	17
50	9	80	44	7	50
27	28	47	28	28	21
55	4	84	39	7	68
57	7	9	80	72	31
77	99	87	72	14	58
6	6	34	65	6	73
16	1	67	68	59	42
30	27	25	72	75	82
44	31	47	47	58	17
66	12	34	59	20	42
99	34	34	79	34	62
11	13	17	30	94	46
14	65	54	89	14	49
51	52	50	23	73	6
14	61	73	43	14	14
2	20	20	20	86	30
83	36	35	35	35	54
94	52	6	43	2	46
46	76	17	33	17	17
45	13	35	13	20	77
5	43	9	28	45	20
93	36	38	19	20	76
47	65	97	49	83	44
32	32	47	83	9	32
93	40	91	87	100	53
74	87	52	23	47	100
80	17	44	53	50	78
72	18	51	4	7	64
100	4	29	63	47	17
52	45	59	43	38	77
79	5	15	97	41	86
58	81	97	6	15	37
37	32	22	36	89	84
62	1	88	62	98	22
80	6	97	75	57	4
53	47	74	94	47	47
17	46	33	17	17	18
19	4	87	17	40	34
19	52	90	40	89	72
21	73	60	96	61	87
44	44	90	44	67	94
10	25	9	24	90	33
46	9	58	59	14	31
75	11	23	47	47	47
64	98	50	20	23	43
54	88	69	98	19	16
6	6	47	66	96	6
18	46	41	35	7	42
83	5	63	69	90	10
62	27	75	26	37	99
20	4	78	4	4	93
30	30	39	11	30	94
8	93	58	96	50	72
8	91	63	70	43	26
61	84	76	4	74	58
2	15	15	85	28	15
92	74	51	86	78	66
19	7	67	54	87	57
8	85	1	85	14	48
56	35	52	90	37	94
26	5	97	23	27	66
3	47	47	47	11	5
92	12	9	9	18	9
78	64	21	35	3	47
5	93	3	64	22	63
52	80	16	59	52	57
57	41	2	51	10	94
8	74	77	79	33	46
38	78	38	38	40	30
44	70	67	44	44	6
31	74	15	23	67	31
15	15	49	26	15	53
50	66	89	19	19	19
76	33	8	15	79	24
81	91	68	91	16	98
80	63	45	86	45	45
65	32	33	33	33	42
35	76	9	81	97	91
51	85	49	87	16	7
27	27	10	100	2	27
48	8	13	72	85	72
80	35	1	11	76	7
78	48	62	30	55	22
28	89	25	12	11	68
3	3	86	44	3	32
44	21	16	21	52	21
29	50	64	42	14	36
44	35	70	14	96	43
100	17	81	71	45	66
36	68	23	16	29	42
64	8	84	18	19	7
11	14	19	18	66	70
75	69	83	1	39	40
69	38	38	75	85	38
28	80	42	36	92	22
46	37	3	6	41	74
48	48	99	40	58	48
88	100	66	39	35	50
28	4	63	30	32	74
99	45	18	94	31	42
29	33	29	29	95	6
10	49	79	88	27	86
60	23	30	22	39	4
66	62	51	27	76	37
22	46	97	11	74	55
44	66	63	30	57	1
62	60	59	47	53	54
13	6	19	32	4	80
60	50	81	69	48	71
19	84	4	35	95	63
98	35	37	17	57	39
55	91	54	33	69	2
12	71	12	56	12	4
28	28	30	98	28	21
21	67	11	19	64	82
62	98	55	76	4	59
31	5	70	11	88	51
21	18	18	16	7	18
98	82	97	38	42	45
12	2	17	31	63	79
36	79	15	51	41	8
57	19	19	58	19	26
38	38	54	38	39	28
88	3	88	51	81	51
2	2	9	2	52	92
2	78	47	51	50	72
43	73	93	99	43	91
69	25	56	48	7	64
36	85	59	19	12	98
86	16	96	24	48	30
25	77	4	33	33	33
35	63	23	1	1	1
47	42	79	68	21	54
85	13	88	71	44	42
28	62	35	12	51	65
84	3	3	79	3	9
62	24	34	11	81	36
42	29	30	73	86	92
27	4	49	18	44	52
16	67	71	16	98	16
10	84	55	28	46	52
99	36	59	82	65	53
34	83	46	34	34	13
68	93	45	74	45	45
3	31	45	27	38	44
90	94	41	32	20	61
96	19	39	81	51	45
62	23	72	58	87	59
78	29	13	18	19	76
60	82	62	45	13	22
83	84	84	33	85	64
76	2	65	78	47	60
57	15	15	33	15	91
55	7	75	97	39	31
43	43	39	35	52	43
87	33	52	75	33	79
56	71	45	49	33	74
31	31	31	12	71	15
81	84	35	52	1	6
76	3	41	55	54	98
59	78	99	83	19	95
65	60	6	76	73	85
1	49	49	12	77	49
43	91	50	62	61	97
33	50	33	10	31	33
71	50	13	86	13	13
59	44	44	58	63	44
11	10	6	60	15	34
66	9	84	96	93	12
12	4	18	38	6	3
4	2	8	8	8	13
76	22	34	89	38	66
23	8	12	12	12	60
61	5	68	8	94	30
2	76	55	32	34	96
57	40	74	87	78	32
56	49	60	68	70	26
41	66	59	16	25	6
75	16	12	26	85	14
72	29	74	13	14	76
87	30	14	94	96	54
10	90	42	38	21	62
77	26	45	57	26	26
5	5	53	3	60	5
26	13	46	37	84	90
33	35	18	90	98	88
17	92	64	26	54	98
51	9	69	66	73	35
1	14	71	1	8	70
32	32	84	32	98	48
67	32	38	38	98	38
94	54	91	47	47	47
21	33	1	93	97	79
15	15	88	67	16	15
50	16	16	86	16	82
83	98	57	44	58	3
51	93	85	80	31	27
4	96	67	65	68	41
16	35	99	61	35	19
13	13	3	9	39	13
43	64	10	29	16	58
8	92	91	24	68	72
55	81	17	68	51	20
37	37	16	38	37	63
27	27	27	15	96	74
28	53	24	51	58	7
20	34	51	58	72	84
37	79	75	10	10	10
37	14	53	13	1	28
33	97	77	94	41	57
54	25	27	27	27	5
97	6	71	91	82	57
87	53	9	71	62	48
50	66	47	50	14	50
18	2	55	37	41	68
98	92	29	87	100	63
97	48	95	3	43	96
36	26	65	77	92	69
99	4	69	11	36	22
73	58	44	47	79	45
40	33	55	14	25	1
83	23	17	76	47	59
55	35	96	20	16	54
59	60	40	41	74	45
30	52	12	2	10	42
51	39	39	39	41	61
31	49	27	33	83	40
83	44	95	27	29	81
34	33	43	31	33	33
5	34	5	29	5	13
16	14	99	23	100	71
42	7	56	99	49	57
63	44	50	9	35	80
100	16	78	40	22	64
42	97	42	78	94	42
72	81	56	74	20	21
67	95	74	69	7	84
34	16	76	81	94	80
3	8	63	100	10	49
49	79	75	46	9	57
3	33	3	75	3	73
40	32	14	37	23	71
18	63	38	25	61	53
10	40	10	66	10	30
15	81	83	66	65	39
86	31	38	83	53	91
19	14	19	19	98	29
36	41	46	14	71	67
58	38	27	58	67	19
7	69	69	70	40	68
25	96	20	27	87	19
25	25	70	25	77	42
48	16	3	25	49	83
34	97	15	9	65	64
60	48	48	70	62	48
42	41	53	44	28	17
91	67	53	25	74	52
17	93	68	27	46	36
11	67	19	99	98	86
13	17	16	10	13	40
28	70	78	99	25	11
57	15	22	68	95	63
19	92	56	57	12	26
86	85	18	96	49	67
86	53	36	33	1	81
19	48	1	47	96	82
84	43	88	4	3	84
31	43	79	31	31	36
30	30	61	64	36	30
96	93	66	74	3	53
21	88	36	21	21	66
37	83	10	18	1	100
75	23	13	73	67	77
48	78	74	48	88	48
73	100	38	52	75	94
34	80	93	30	87	14
34	91	80	19	7	83
24	84	85	11	76	6
16	39	16	16	25	89
13	59	27	7	86	53
14	81	37	6	22	56
37	72	45	42	65	5
35	5	100	35	35	93
78	91	6	6	6	61
2	26	2	11	2	47
18	100	18	11	38	18
52	58	93	64	11	53
52	99	44	29	46	43
3	3	10	83	3	75
38	26	100	15	60	28
26	26	26	10	48	89
98	98	15	92	12	58
61	77	50	10	99	10
2	2	57	62	63	2
67	82	73	16	48	92
7	59	58	76	50	90
76	85	89	88	7	94
49	40	58	13	52	80
18	89	74	18	80	18
82	3	28	62	83	13
29	19	79	29	34	29
37	77	68	46	21	21
10	97	6	95	85	22
7	34	96	13	70	66
15	61	79	76	39	84
86	48	40	60	100	16
2	95	66	2	2	26
63	57	69	79	16	66
46	92	51	94	77	19
26	50	49	78	40	73
47	64	94	42	42	42
78	24	79	24	24	41
2	2	58	91	22	2
78	99	25	42	81	50
62	44	65	10	72	9
68	37	67	14	6	68
40	74	40	40	79	70
32	8	32	90	48	32
8	26	31	72	39	39
16	16	34	16	28	19
70	20	42	14	78	60
44	21	44	44	22	3
6	36	66	84	62	53
72	77	29	52	56	16
75	31	100	67	98	59
100	98	58	11	79	55
14	82	53	1	19	25
14	34	62	70	25	79
2	36	28	28	28	55
26	24	56	36	5	26
4	25	73	56	87	2
45	20	78	36	70	23
2	97	5	14	94	50
10	35	75	38	50	86
38	91	84	59	86	13
98	41	60	61	25	34
25	8	25	87	25	6
11	26	22	16	95	42
64	53	14	51	27	78
1	11	83	64	55	62
85	12	97	37	53	32
71	90	2	2	11	2
46	37	72	39	86	75
15	90	62	19	15	15
30	30	9	10	98	30
71	34	54	16	71	27
28	16	17	28	33	28
53	26	56	1	26	43
58	10	16	5	65	52
45	6	99	29	72	41
65	89	19	69	19	19
52	72	9	73	19	73
87	56	92	13	26	100
40	40	40	22	100	30
50	28	26	98	1	62
34	34	34	14	99	74
75	60	51	27	30	47
17	72	61	17	67	17
82	29	90	75	23	35
27	86	23	27	27	79
4	48	38	98	51	76
44	95	6	65	2	67
66	28	19	10	80	27
100	56	32	32	99	32
41	48	25	41	16	41
88	79	99	98	37	69
60	96	55	8	54	47
35	33	7	71	40	17
44	70	73	71	50	51
87	97	10	94	7	59
22	36	36	6	27	36
54	87	66	84	82	25
78	11	11	11	2	69
72	10	62	86	67	11
77	95	87	92	67	51
52	44	72	62	77	3
29	56	4	50	50	50
7	2	8	20	18	25
64	79	92	66	8	89
34	32	7	98	89	30
21	16	10	30	2	75
55	57	64	28	7	61
39	62	83	56	18	68
49	96	49	78	71	49
9	23	64	37	41	68
3	3	25	17	59	91
16	18	18	21	18	68
90	63	25	25	25	16
42	21	62	83	75	13
93	74	88	93	41	22
53	85	100	47	86	26
70	1	91	25	44	6
26	6	72	65	78	34
46	53	38	28	10	14
41	61	9	9	9	73
28	86	28	96	28	52
1	27	37	72	51	19
87	74	40	98	71	96
92	64	6	76	77	81
33	33	33	48	66	92
23	34	58	63	23	23
75	9	35	18	21	35
51	61	57	74	71	67
21	88	53	35	3	88
8	8	47	81	8	17
8	74	19	15	93	93
1	85	16	45	18	24
11	29	33	21	6	97
36	41	81	91	57	15
58	77	48	69	48	48
32	36	67	2	58	10
72	70	48	10	25	55
19	68	44	53	48	94
58	76	25	95	56	50
41	4	50	41	41	32
9	9	41	9	86	42
97	61	66	51	80	32
29	44	1	14	37	17
19	79	57	92	64	49
28	91	24	100	12	42
99	77	36	90	63	62
7	7	90	7	68	76
79	46	51	98	91	64
63	20	72	85	39	37
48	68	48	95	48	99
3	3	49	19	56	68
26	62	23	26	26	69
80	56	56	91	48	39
91	4	53	90	29	87
48	6	48	90	48	76
45	54	7	31	13	73
22	96	38	49	38	21
76	32	31	89	85	15
57	41	74	79	53	37
58	15	15	45	15	43
27	53	58	60	3	44
58	86	56	22	21	70
54	96	11	11	11	24
32	90	46	46	46	3
22	22	22	31	83	36
9	9	12	75	90	9
14	86	64	14	91	14
18	42	2	47	47	47
2	23	2	8	33	2
68	11	26	11	82	11
88	3	8	29	84	67
1	65	29	84	94	8
30	25	30	30	19	51
36	39	41	12	36	36
86	34	69	48	68	86
26	69	60	92	43	65
76	8	37	79	89	30
47	18	15	71	3	10
11	23	98	11	11	52
21	46	84	39	78	76
16	16	50	16	48	62
6	49	15	100	26	11
33	44	45	36	27	27
65	10	89	92	60	6
10	90	90	34	89	90
38	82	64	9	75	29
50	22	70	64	37	54
53	15	78	54	63	31
71	3	7	40	40	40
85	96	96	41	59	43
32	28	65	28	28	40
57	8	67	6	67	95
74	5	22	30	30	30
85	35	77	78	24	36
46	93	26	8	8	8
58	66	41	40	15	13
5	5	5	44	14	66
71	87	70	8	68	99
86	58	99	77	57	53
36	44	1	92	13	45
57	29	65	69	38	6
29	67	50	13	76	24
75	47	10	47	47	61
92	95	61	85	22	7
11	11	29	11	57	56
3	57	88	85	99	5
43	11	9	51	43	43
91	39	39	39	77	98
51	54	72	49	81	75
88	78	99	20	22	45
28	69	71	11	74	38
3	17	3	3	4	35
50	3	80	5	78	79
47	94	6	85	29	97
20	70	91	28	6	55
16	59	34	24	88	67
94	89	19	8	33	73
53	97	34	77	98	20
68	96	26	96	64	55
88	19	4	45	47	2
10	4	76	68	15	24
65	95	30	2	23	28
83	26	22	75	26	26
91	92	98	49	98	43
35	15	16	70	71	80
42	60	36	62	7	44
65	54	31	28	18	57
59	82	11	92	6	11
32	26	28	34	24	26
84	58	83	87	67	71
33	50	37	33	33	4
10	45	72	10	33	10
87	62	38	38	45	38
89	61	99	52	39	70
17	80	58	39	45	52
24	74	90	38	62	8
13	70	13	82	73	13
36	30	31	27	61	57
4	71	50	79	84	20
17	17	17	59	81	8
27	62	41	100	76	95
7	7	45	7	43	64
56	32	85	12	41	93
63	48	48	48	83	53
19	89	60	47	90	36
14	49	86	16	1	2
34	80	34	76	34	25
76	82	95	76	76	58
75	59	3	20	51	20
81	81	60	48	31	7
87	71	4	77	77	50
28	5	61	72	28	36
96	40	1	14	85	9
50	92	79	24	10	70
21	20	56	8	94	3
28	89	34	12	26	81
13	65	13	90	80	13
1	1	1	28	36	69
24	57	5	88	57	25
51	54	10	65	10	10
59	35	85	29	8	62
33	83	17	33	34	33
6	51	6	6	56	52
36	89	39	7	100	53
100	60	38	99	26	68
75	57	22	25	64	60
21	18	76	5	34	20
77	9	32	9	93	9
45	5	80	5	25	5
42	53	25	40	5	84
22	27	71	86	66	86
8	76	65	95	31	23
19	82	47	47	47	59
73	98	12	71	82	12
22	60	82	57	4	19
27	49	49	70	14	49
41	62	76	24	40	7
98	71	24	68	99	3
62	27	90	53	94	59
23	23	14	38	2	23
100	38	38	51	38	33
77	14	53	76	89	15
21	7	68	68	90	24
15	22	22	22	88	29
58	90	71	21	10	47
38	65	38	29	38	5
48	9	78	48	99	48
74	30	32	32	43	32
91	88	8	93	20	57
17	73	47	47	11	47
28	87	28	28	62	99
40	40	24	49	40	20
67	24	99	97	95	49
16	57	63	92	3	11
22	13	22	84	28	22
8	72	70	32	84	30
7	7	20	38	7	69
37	89	31	53	31	31
32	80	90	32	96	32
97	39	39	63	60	39
1	71	28	72	1	1
38	32	68	1	98	13
14	89	96	56	10	9
1	28	66	4	50	69
99	9	48	78	9	9
66	19	17	2	78	89
22	98	97	70	63	4
39	5	76	28	28	28
96	25	16	23	16	16
67	41	42	21	18	88
25	42	42	83	42	87
73	49	31	91	31	10
82	11	64	89	6	46
88	98	49	59	95	21
75	35	35	25	1	35
34	9	93	75	65	42
88	49	62	28	92	71
29	70	30	56	49	85
36	74	81	33	34	19
2	28	50	50	50	11
20	34	20	20	1	67
83	72	67	31	32	93
93	96	57	70	72	29
45	24	22	96	22	22
30	70	91	86	7	77
5	48	23	87	77	14
37	69	26	12	71	63
99	37	100	23	25	38
19	48	100	96	26	46
89	50	50	50	75	72
9	62	9	9	91	21
92	19	33	67	96	19
16	17	17	52	17	91
24	8	24	20	37	24
18	37	29	74	29	29
50	55	70	45	50	50
32	51	16	62	32	32
14	12	29	21	3	51
61	57	59	25	14	79
3	20	42	83	56	56
79	87	12	90	41	57
5	39	96	31	2	11
77	14	39	21	70	80
37	42	94	21	76	36
95	64	14	71	89	30
60	4	82	28	37	60
8	88	11	70	44	58
85	34	37	51	36	37
1	44	67	1	1	45
86	43	45	89	58	5
57	67	35	36	61	23
35	72	62	9	44	26
98	83	73	74	64	48
66	91	14	38	4	63
53	33	3	3	3	42
27	27	96	87	51	27
77	50	90	94	14	94
73	9	95	83	68	29
26	55	81	46	61	77
51	80	15	15	26	15
73	39	53	47	64	37
92	99	84	96	82	43
46	68	48	24	46	46
44	82	48	37	43	11
72	10	96	31	13	19
4	57	98	72	6	22
33	44	25	72	44	44
91	30	41	48	30	10
20	29	27	75	82	81
62	37	6	93	74	36
89	43	17	42	42	42
99	77	14	35	99	85
21	3	35	21	21	20
39	76	67	68	64	35
86	3	37	37	37	40
38	51	38	31	23	38
66	63	71	81	86	96
3	13	9	53	38	12
11	44	3	71	91	93
4	2	10	98	91	43
70	86	17	74	86	31
58	15	61	15	15	48
3	3	43	50	89	19
89	60	38	74	80	19
14	67	36	73	93	84
12	76	15	36	23	43
96	74	66	4	30	82
82	30	68	81	70	44
45	45	99	45	71	62
86	28	22	86	98	8
74	77	3	33	74	85
5	22	22	2	70	22
19	4	73	10	16	79
50	6	33	58	82	94
64	63	23	83	6	100
48	60	21	19	74	48
19	12	19	85	35	19
22	27	15	93	79	24
97	68	81	12	4	13
69	11	42	17	8	32
8	84	65	74	66	25
79	54	34	40	7	20
31	4	5	28	45	21
50	55	82	16	23	96
74	80	31	88	27	71
31	31	3	27	91	31
14	24	37	27	68	28
83	48	67	46	34	44
78	14	94	69	65	25
49	8	85	62	8	8
19	73	29	53	3	22
1	79	93	42	1	1
61	17	39	92	76	83
18	53	5	35	27	11
20	83	55	89	9	20
57	4	14	68	3	90
56	69	14	10	88	31
26	49	46	69	14	37
32	59	29	35	98	40
100	84	37	65	78	5
18	80	14	63	76	36
53	39	42	63	30	75
12	12	12	42	28	34
76	19	83	24	47	63
94	11	69	83	28	9
65	13	13	13	29	19
85	77	73	77	58	46
50	58	75	79	68	88
21	48	94	60	22	39
15	19	19	19	44	76
62	14	51	63	48	100
26	7	14	11	100	37
54	94	92	70	10	54
23	92	6	27	11	4
44	71	16	18	93	16
74	72	97	47	42	98
72	8	28	8	8	92
42	94	55	6	14	39
94	71	58	50	26	23
33	99	90	44	12	23
84	9	72	39	9	9
6	18	49	75	59	15
73	53	47	52	66	71
64	58	79	20	7	8
64	38	2	99	7	33
3	15	26	26	26	84
28	4	30	39	35	85
41	17	79	12	21	92
81	31	18	51	88	51
29	96	42	85	35	41
46	71	35	46	46	37
20	73	6	26	65	8
75	19	41	64	84	36
46	34	18	84	65	70
3	84	60	22	19	43
27	63	83	57	33	50
20	63	26	48	11	34
99	79	2	51	86	31
40	18	1	86	64	11
30	9	30	14	30	36
10	68	7	30	98	25
51	74	62	47	59	30
27	86	89	80	10	75
98	67	37	97	37	46
20	63	99	69	60	79
23	93	20	61	48	91
27	83	50	50	50	74
54	22	67	22	22	78
11	82	57	22	23	84
12	13	16	81	81	34
95	64	2	2	63	2
54	50	74	51	43	20
63	74	13	47	10	46
25	11	87	86	21	92
55	59	21	25	48	10
99	25	32	40	87	28
48	92	23	99	4	56
15	78	62	85	48	31
72	22	51	45	44	14
53	86	24	95	62	27
93	23	51	98	84	59
76	29	43	71	29	29
29	87	40	40	66	40
99	63	37	37	100	37
18	20	3	50	56	29
97	30	60	87	38	72
97	36	24	100	100	46
5	100	77	5	42	5
15	45	94	85	78	52
5	37	21	45	73	71
61	48	97	6	53	55
22	14	28	93	38	39
80	54	82	49	99	52
63	97	65	48	27	24
69	50	46	91	25	62
71	22	29	30	9	37
88	93	5	80	10	19
82	8	37	37	87	37
4	94	50	50	50	23
14	35	86	69	40	72
54	75	15	64	66	85
26	60	87	26	26	76
1	92	85	76	79	47
37	6	6	1	6	32
73	88	59	43	64	77
41	41	21	90	13	41
75	47	79	97	18	34
1	11	11	11	59	54
2	90	37	24	57	45
49	14	14	67	14	27
98	84	24	59	96	89
23	63	86	2	81	13
25	25	68	54	25	50
6	3	35	4	35	77
25	95	12	45	76	25
17	100	40	90	6	4
7	14	45	47	81	15
14	48	52	26	11	51
98	94	67	89	85	87
39	89	71	99	36	99
100	13	96	50	13	13
91	9	65	40	44	100
84	55	93	30	3	64
96	91	72	89	90	75
9	48	10	2	56	49
60	24	45	18	81	89
60	60	77	43	76	17
45	43	64	90	68	17
70	30	82	35	91	5
99	28	22	66	60	61
67	92	78	7	88	49
40	63	13	31	59	26
19	7	27	61	26	88
83	64	19	73	94	36
7	42	69	4	96	27
89	35	9	35	35	91
34	11	81	6	60	33
26	26	75	26	57	79
3	6	78	3	3	84
31	17	31	48	31	28
43	9	32	96	40	92
71	57	69	84	71	62
13	90	2	63	96	13
45	96	25	76	25	25
2	93	97	76	68	27
11	100	70	100	32	34
74	87	19	26	24	83
29	42	29	79	32	29
86	84	58	8	5	32
71	30	7	3	35	44
68	20	19	95	19	19
77	67	66	24	20	49
86	88	11	26	38	31
52	90	3	16	75	71
22	21	81	65	37	39
33	18	42	63	62	71
27	46	83	4	19	31
1	48	92	4	80	25
46	45	46	49	64	46
17	4	70	90	94	63
23	81	76	55	87	53
90	58	62	51	86	60
38	73	19	54	96	90
79	54	52	3	18	32
22	80	77	21	10	83
62	21	49	32	10	94
5	29	48	78	84	23
79	55	1	1	1	17
45	74	33	45	45	5
60	24	47	5	11	83
50	69	31	87	31	31
19	76	40	67	14	96
71	38	60	13	14	78
63	72	89	7	17	48
7	86	66	43	54	53
65	81	14	20	14	14
44	54	95	61	86	63
30	30	93	37	46	30
77	17	77	24	69	62
6	12	53	55	41	53
51	28	25	75	99	71
61	54	63	19	82	17
24	48	48	73	48	86
30	62	67	100	13	95
6	96	97	100	13	88
41	69	57	37	87	8
68	59	25	19	39	15
54	4	99	88	81	79
64	82	99	17	65	59
9	7	56	7	59	7
91	90	64	89	92	59
10	59	75	67	19	12
97	90	92	82	42	86
14	58	32	89	81	45
13	7	13	35	67	47
34	80	70	99	80	68
8	8	8	95	98	12
19	19	38	19	48	3
76	74	2	47	2	2
24	14	22	14	94	14
53	32	32	32	95	54
38	38	32	67	38	94
24	19	97	40	42	77
65	61	57	50	69	87
63	5	5	5	53	43
78	61	32	52	74	60
79	70	22	46	65	19
89	95	40	3	14	31
29	16	29	29	86	30
11	5	98	21	91	52
18	51	43	45	76	1
24	61	45	18	69	52
40	40	40	90	58	48
10	72	45	60	78	49
81	46	39	70	40	43
34	12	65	73	82	51
20	50	61	78	36	97
25	65	72	46	75	83
40	3	26	67	28	19
83	48	98	58	89	31
33	57	51	22	85	92
53	53	82	66	92	75
94	3	29	3	79	3
3	33	70	3	94	3
34	64	27	87	16	20
4	83	4	42	55	4
12	9	58	99	23	23
17	73	54	17	97	89
62	32	22	90	98	50
64	39	26	24	76	56
2	98	34	76	77	17
35	42	70	35	88	35
95	88	2	83	84	21
30	33	56	16	67	11
60	21	30	80	91	4
99	26	10	10	10	96
20	49	40	95	10	2
18	18	23	27	61	36
30	98	7	99	16	26
28	28	99	8	24	28
23	68	9	89	68	86
31	31	86	56	31	95
61	33	13	13	21	59
44	47	4	34	44	85
22	18	22	22	19	70
26	64	1	26	19	26
68	35	93	35	16	35
85	96	21	85	94	80
81	26	32	9	100	6
99	22	16	61	100	76
42	42	42	78	54	46
45	90	100	67	1	8
45	60	30	100	45	45
8	95	64	91	45	48
11	11	43	11	18	54
28	6	35	22	46	36
21	43	21	18	63	21
7	45	39	9	48	28
44	92	8	44	38	5
70	5	71	39	23	28
82	22	36	22	22	57
8	75	50	18	41	72
91	76	32	32	53	32
33	43	58	40	19	46
27	13	74	31	29	41
29	80	39	26	99	95
96	35	10	18	99	54
60	70	97	59	70	34
76	85	73	16	97	89
36	70	87	2	27	37
31	33	73	46	19	18
61	15	1	37	83	50
11	64	9	10	13	56
69	19	28	10	68	31
10	10	83	10	13	70
63	43	80	87	99	46
21	13	97	89	78	50
72	15	36	36	31	36
32	45	45	9	45	76
62	80	79	71	19	95
26	26	77	31	27	26
35	64	50	62	95	98
19	51	69	62	21	67
99	13	25	58	34	70
16	2	33	70	99	5
74	13	26	75	44	68
50	78	55	39	34	8
100	77	29	50	90	89
15	16	38	23	49	100
32	51	83	89	63	95
100	35	50	48	55	7
15	11	51	55	52	18
27	8	66	42	73	6
53	65	54	23	70	42
26	88	26	7	26	78
77	15	39	79	67	89
50	50	48	50	74	42
51	57	47	52	47	92
100	24	61	20	69	24
85	7	24	38	24	24
12	32	79	25	60	47
31	29	31	51	31	88
32	38	95	16	69	38
94	56	67	6	11	40
53	68	37	37	37	24
5	5	2	61	5	6
41	48	68	33	28	38
99	93	47	80	84	25
24	55	32	30	50	59
53	71	80	85	79	5
75	60	14	66	14	14
37	96	70	55	19	36
45	28	19	47	3	89
7	2	19	73	96	78
45	28	60	6	41	54
15	71	69	81	63	86
16	16	89	35	97	16
94	42	92	29	63	51
85	44	67	96	3	38
25	57	85	47	47	47
12	32	9	32	52	31
92	43	68	66	45	89
27	72	55	75	67	5
68	58	29	4	92	56
72	51	18	8	91	69
8	96	28	3	65	8
20	14	32	51	90	31
46	68	6	91	19	16
88	52	15	39	27	36
96	41	54	81	50	47
97	20	3	22	3	3
45	50	99	50	91	31
21	21	84	89	1	43
80	42	67	70	75	19
17	57	83	83	75	23
22	22	22	83	62	27
36	64	43	23	88	94
1	57	72	95	1	1
43	17	32	89	97	76
75	4	97	5	21	81
40	31	31	58	48	31
39	39	30	37	29	39
76	8	69	53	8	8
50	5	70	5	5	68
42	61	50	92	29	95
25	28	68	33	49	50
1	74	49	1	1	65
5	13	79	28	5	22
27	60	16	53	79	59
13	49	10	12	78	51
12	58	17	67	62	70
50	38	21	31	35	78
60	28	15	26	27	71
66	93	29	98	84	39
58	65	55	15	25	88
81	90	66	55	75	83
12	35	69	31	10	93
85	57	69	17	27	96
44	86	96	53	18	44
59	73	13	69	54	9
4	100	50	94	47	56
99	59	29	34	34	34
43	81	96	5	96	70
17	8	13	22	14	50
5	29	97	34	16	3
93	85	60	34	85	26
38	96	46	11	39	53
14	81	14	73	14	15
78	28	28	60	21	28
12	33	98	67	90	100
84	51	64	100	36	96
58	75	34	100	94	53
72	74	100	51	72	89
29	29	64	99	29	62
85	26	56	33	92	16
22	53	76	30	12	8
94	60	65	31	25	18
36	88	26	21	40	24
84	84	42	41	80	15
100	33	33	33	63	1
44	2	52	34	87	60
92	97	50	50	50	98
89	29	88	58	26	10
29	2	96	10	92	32
35	74	42	42	42	80
11	49	32	37	11	11
36	74	3	37	25	51
86	55	76	9	83	21
75	30	30	30	93	48
75	21	90	99	53	18
31	29	74	63	7	78
5	17	5	98	58	59
69	15	16	76	53	44
25	26	32	25	30	25
83	8	24	42	69	56
93	81	7	19	57	53
89	22	5	18	51	76
45	10	86	78	53	73
94	34	33	76	67	62
16	40	2	45	13	23
5	54	49	64	53	50
59	10	39	33	50	2
21	58	44	21	21	53
38	47	82	38	38	25
51	92	22	91	31	94
42	4	4	59	47	4
35	54	6	97	46	7
57	44	29	29	38	29
11	5	76	28	13	8
26	31	30	95	81	18
36	36	98	9	36	30
65	29	43	43	95	43
37	77	79	15	26	29
5	11	53	80	81	59
15	46	58	72	54	81
57	40	45	29	4	94
90	45	5	78	62	28
24	15	56	65	15	35
15	13	87	1	14	78
40	52	40	40	12	55
76	33	33	21	33	98
36	82	74	83	66	26
9	9	2	63	11	34
92	38	38	55	96	38
29	7	29	94	53	27
4	98	65	90	3	47
1	35	69	87	83	28
78	80	43	71	89	78
41	41	45	2	41	88
41	3	93	41	95	41
84	83	31	34	31	31
67	53	51	64	87	34
29	32	32	32	37	31
29	48	71	21	17	26
20	62	63	83	54	1
7	7	7	36	55	99
44	57	52	32	40	29
71	4	70	78	91	97
42	4	4	4	99	88
49	7	4	7	86	7
56	11	64	68	42	45
43	44	54	36	90	13
62	34	24	73	46	39
90	31	31	31	19	94
35	81	91	72	38	71
38	67	27	12	19	2
87	49	86	32	62	84
6	100	21	21	21	73
46	46	12	46	77	56
16	16	55	16	39	27
57	66	61	49	45	89
26	50	89	83	33	60
10	75	30	18	55	61
30	38	41	53	23	69
82	67	86	50	50	50
60	76	13	77	27	95
13	59	46	2	47	66
9	95	73	18	76	28
14	59	65	12	81	61
91	28	27	34	24	3
29	16	9	52	64	23
80	20	52	42	45	80
60	32	83	43	4	48
31	4	64	19	23	18
54	28	45	28	3	28
48	2	56	2	25	2
38	38	52	22	38	13
24	46	29	35	33	8
18	4	11	53	22	78
50	2	2	2	36	47
52	13	69	99	11	38
32	32	10	52	99	36
1	35	1	11	83	1
71	38	79	35	90	86
90	45	39	2	50	74
57	12	37	12	12	50
55	44	37	10	9	68
19	96	32	60	63	47
10	83	77	79	82	19
30	48	48	100	47	48
47	8	19	80	6	23
63	55	51	49	94	38
54	85	8	34	85	95
49	31	26	43	18	98
14	14	14	47	15	28
31	47	47	6	47	92
16	1	1	69	9	1
90	88	30	49	81	62
21	2	98	2	2	82
57	96	30	1	11	60
70	41	18	12	12	12
25	42	42	30	42	96
71	49	28	64	78	80
70	9	49	13	51	25
57	73	6	21	21	21
59	16	79	3	24	73
68	49	42	3	29	89
27	62	95	25	68	96
28	87	28	73	97	38
46	31	46	22	98	46
3	12	8	85	34	22
78	25	39	32	16	41
30	51	6	45	56	10
82	72	1	6	22	20
31	65	58	84	64	28
70	80	18	64	10	88
67	81	71	8	8	8
47	68	10	63	6	41
56	65	73	17	44	99
96	28	14	97	28	69
8	79	94	96	25	73
74	66	55	2	32	75
46	3	52	46	77	70
88	57	58	5	5	5
28	99	88	18	7	23
22	25	72	84	82	22
81	47	65	79	77	50
7	40	78	40	5	40
30	93	78	9	32	71
55	46	46	54	81	46
60	97	60	41	27	20
4	31	70	35	24	22
87	75	52	58	83	31
34	96	27	44	19	49
51	85	79	88	34	67
26	27	9	69	6	8
9	9	9	22	84	41
71	77	65	35	69	72
18	63	27	83	5	96
59	30	100	81	85	10
61	13	93	81	30	75
27	34	61	27	64	27
58	89	99	16	21	59
41	7	41	55	79	53
97	25	23	87	27	3
44	44	28	79	44	41
5	21	53	5	5	28
71	88	68	93	80	7
5	5	32	39	59	5
3	34	68	37	53	41
17	49	41	7	93	85
86	20	51	20	20	4
45	47	81	45	30	45
100	21	94	50	74	21
28	81	20	28	63	28
23	14	44	14	14	7
53	37	38	8	96	69
39	58	50	1	100	73
70	72	67	98	1	98
16	88	59	29	79	47
90	91	89	100	41	64
28	44	38	28	73	49
17	88	27	27	27	10
46	39	11	71	40	87
34	22	11	80	16	10
86	100	52	73	35	50
60	63	9	85	98	54
56	17	1	9	51	58
46	10	82	21	60	58
36	94	32	17	75	54
100	30	6	9	82	48
15	21	71	30	52	90
18	4	58	85	18	18
54	81	24	63	91	29
33	2	2	2	16	15
18	27	27	27	87	61
43	13	92	61	77	87
8	69	68	8	21	8
78	34	47	7	94	61
44	8	44	23	36	59
21	2	2	2	100	6
81	85	100	32	42	50
68	86	63	11	10	35
41	5	69	27	23	75
58	16	82	72	54	56
15	36	49	15	15	88
5	50	2	46	23	22
5	9	49	93	96	23
8	6	44	8	34	8
78	20	6	53	64	100
14	1	54	24	39	48
89	16	69	90	19	94
33	40	1	87	50	31
36	62	63	36	20	98
3	53	93	3	80	3
31	9	15	45	45	45
31	93	17	28	38	85
12	23	17	87	39	94
83	94	82	86	100	91
22	22	75	27	90	37
85	84	84	96	13	93
92	2	45	1	46	14
98	59	29	45	53	7
37	61	37	85	37	74
35	26	71	5	46	31
77	70	57	3	7	87
7	48	48	84	48	96
36	91	41	57	36	36
37	9	83	64	30	97
60	61	77	73	4	56
21	9	45	78	30	41
64	37	42	46	81	19
46	64	22	48	82	11
44	2	44	17	44	19
91	78	26	58	23	24
20	69	19	19	57	19
74	3	83	21	83	67
20	7	20	15	20	61
41	65	41	71	48	41
99	65	9	9	9	19
12	69	29	42	35	93
47	80	61	15	62	64
74	46	68	46	53	18
79	80	15	88	40	12
10	40	40	55	2	40
9	58	40	36	90	98
11	98	71	11	32	11
86	13	13	13	38	87
87	65	47	47	47	98
42	19	19	52	19	39
66	42	94	21	29	3
44	23	81	84	6	53
4	4	4	41	67	65
75	84	49	49	49	74
62	43	43	5	35	43
27	13	96	3	83	75
56	27	18	64	18	18
2	48	30	70	63	77
99	35	2	92	27	24
8	14	31	8	77	61
19	32	60	76	56	31
24	34	22	52	42	10
38	68	23	40	68	96
65	9	35	10	35	35
97	94	66	18	93	1
28	84	9	13	91	96
44	44	49	100	44	72
2	84	21	33	2	2
41	56	28	72	97	79
41	98	16	75	100	70
20	25	81	20	17	20
70	58	89	6	22	21
16	22	57	58	96	50
69	22	92	73	22	22
52	30	74	19	75	20
14	43	12	28	76	59
79	83	30	56	72	51
28	80	52	5	84	71
18	100	49	28	75	69
77	23	39	51	19	27
29	29	53	60	10	29
25	80	25	2	25	8
7	64	7	38	7	60
48	7	28	86	28	81
78	26	63	14	22	100
10	49	62	42	33	10
77	4	36	4	38	4
97	98	84	75	67	8
67	33	60	89	33	33
23	66	78	33	7	11
37	37	37	41	79	10
40	64	13	74	19	15
25	14	10	21	31	79
17	17	14	1	38	17
51	61	11	18	10	74
96	35	61	26	99	98
84	82	29	69	36	31
13	77	13	16	13	7
97	52	33	49	8	1
61	34	43	72	81	74
39	74	60	50	39	39
22	41	78	45	17	52
2	45	20	75	43	78
35	97	21	60	98	72
7	7	9	7	91	66
1	94	91	44	11	12
52	4	41	67	70	8
73	29	90	54	81	3
7	68	7	7	66	42
100	4	38	38	71	38
8	63	92	81	26	73
67	73	23	66	81	93
79	25	9	35	30	51
12	39	61	51	51	30
91	19	19	19	66	14
75	87	83	61	73	40
91	78	8	97	43	60
98	77	55	25	36	50
22	100	15	15	56	15
78	88	56	100	27	57
27	80	48	44	87	29
91	66	29	14	86	78
39	27	93	29	30	25
22	82	47	47	26	47
2	28	17	17	17	4
32	3	87	92	39	98
36	94	36	37	54	36
4	39	39	20	39	100
81	54	12	11	26	61
43	54	27	10	36	19
5	26	5	5	43	2
70	5	59	22	60	16
82	94	98	54	51	17
68	54	16	58	66	67
45	45	36	45	46	40
65	64	37	37	53	37
90	56	43	43	60	43
80	43	68	59	27	78
16	16	16	7	98	46
76	90	55	77	43	33
92	13	27	72	66	12
28	77	6	11	46	100
63	57	38	38	38	77
58	25	19	68	76	94
45	74	61	1	86	98
16	16	59	84	16	35
68	39	16	79	14	12
7	70	83	79	37	96
16	4	4	23	4	95
49	73	19	60	22	92
21	21	93	71	21	64
80	84	58	21	39	82
29	89	67	44	24	18
10	6	49	49	49	91
44	42	1	65	1	1
31	73	82	39	70	41
75	45	50	90	69	43
87	27	44	95	16	95
89	30	23	6	68	59
45	7	13	90	66	3
53	11	37	62	37	37
4	70	93	51	8	14
77	9	59	9	60	9
72	97	56	88	93	43
15	36	9	97	63	100
54	76	65	30	41	81
38	14	73	5	54	72
87	72	98	100	96	49
75	17	17	17	53	47
69	90	47	62	30	22
58	15	67	15	15	47
11	11	52	45	11	29
64	4	99	79	84	25
43	61	19	8	34	45
14	76	60	52	88	85
27	75	34	66	32	17
7	40	21	19	21	21
68	27	27	27	66	14
58	63	83	82	12	13
73	48	27	17	63	79
76	72	19	19	38	19
1	6	1	1	52	31
69	21	42	59	4	40
91	36	86	53	75	98
65	36	10	7	36	36
82	38	61	67	43	56
54	97	49	40	5	56
36	76	28	30	100	6
41	12	2	15	41	41
61	20	51	37	11	76
36	45	50	90	6	23
39	51	35	89	6	12
95	12	93	59	18	37
47	66	71	47	54	47
27	68	46	46	46	36
63	63	46	41	62	60
49	52	73	64	86	17
35	15	33	15	98	12
26	26	47	20	26	33
42	7	1	46	5	90
57	63	90	94	77	66
47	2	14	76	14	14
63	29	59	88	1	51
50	15	10	50	50	42
97	25	52	58	19	27
21	21	27	21	29	87
40	41	63	78	78	76
27	34	91	93	25	72
29	29	29	97	68	36
31	30	55	41	63	1
73	93	86	53	74	18
28	31	23	35	23	23
39	32	69	50	1	62
10	1	1	1	27	49
45	41	26	88	36	22
54	19	8	28	90	69
16	2	2	1	49	2
94	98	87	51	21	28
62	22	21	49	28	50
83	28	92	37	2	92
19	6	49	61	95	48
59	45	93	86	45	48
5	5	5	20	93	83
7	36	38	7	18	7
95	74	17	84	39	49
89	45	33	46	98	100
88	70	57	52	82	14
14	91	59	60	14	14
3	91	95	41	12	72
88	44	44	44	78	85
71	51	4	6	52	10
13	81	99	2	3	52
62	4	4	63	42	4
39	39	64	83	39	68
41	60	29	100	39	92
27	67	31	28	82	69
75	93	22	27	70	29
40	24	40	63	81	40
83	86	3	62	40	2
36	97	36	36	80	83
5	29	100	29	29	90
54	40	5	22	60	97
40	30	8	8	66	15
74	93	79	48	35	24
48	70	42	42	42	15
23	36	47	62	47	47
53	74	3	35	98	34
73	45	61	18	45	45
25	90	75	76	15	16
83	39	21	15	100	14
17	57	78	99	1	52
7	92	45	81	11	20
90	31	10	70	70	11
44	51	25	65	25	25
59	50	84	50	74	50
38	80	27	58	11	14
51	73	34	3	2	1
9	95	32	9	9	76
81	46	68	13	71	89
43	41	43	52	43	32
47	47	48	16	40	26
40	45	20	7	8	32
74	72	41	41	41	18
19	30	7	67	75	89
22	71	58	42	19	31
69	52	59	72	68	77
59	96	3	87	84	30
88	65	30	41	34	22
53	75	64	4	62	65
23	98	44	14	35	9
34	72	54	92	81	15
82	76	81	90	92	29
74	37	64	98	37	37
15	18	37	18	18	82
2	62	3	3	51	3
29	28	6	40	88	80
17	34	86	43	17	17
91	95	42	56	1	53
48	19	19	33	19	79
70	21	4	84	21	21
35	17	8	99	56	16
25	18	96	93	97	13
56	97	30	33	33	78
5	8	77	68	3	85
2	41	58	41	41	82
3	84	27	96	62	13
14	54	92	14	88	14
41	19	19	38	82	19
83	15	87	29	56	100
60	33	49	35	11	53
34	38	38	38	53	21
25	63	28	41	42	91
18	94	15	88	40	29
1	92	77	17	45	1
90	52	67	26	9	87
100	10	16	76	33	90
35	35	92	86	80	35
42	21	87	63	62	87
42	46	71	23	41	3
93	14	15	73	86	72
79	9	63	49	17	66
61	6	6	85	6	59
11	63	60	76	20	94
84	37	64	19	40	24
95	67	94	45	49	32
9	42	2	92	64	70
98	34	62	57	61	94
76	40	81	50	58	63
90	11	29	11	11	53
51	24	52	77	88	51
76	17	67	11	11	11
64	33	22	29	70	51
71	39	8	58	65	6
18	50	40	53	5	21
55	41	19	19	19	83
97	32	31	90	81	18
68	21	51	68	20	6
75	35	25	68	20	6
51	46	79	18	99	10
44	7	20	14	72	90
4	45	93	95	73	2
37	26	8	51	26	34
9	9	68	86	9	29
12	14	4	91	65	77
13	61	75	15	59	43
88	9	96	9	9	81
26	18	18	18	76	15
82	30	76	67	41	8
25	57	24	61	19	18
58	48	50	6	94	73
36	56	9	22	22	22
10	95	54	59	7	13
95	50	4	58	88	78
71	41	52	41	41	94
61	77	28	61	29	42
26	73	96	80	54	8
38	44	27	12	91	47
58	30	92	34	15	81
10	59	99	76	56	27
91	28	12	9	32	28
5	81	21	87	8	36
80	66	13	77	83	74
57	89	97	91	25	6
41	98	41	41	37	32
73	47	59	31	72	89
98	50	30	18	77	36
67	79	7	32	44	99
85	79	36	75	33	84
43	10	18	14	40	7
37	65	16	88	75	77
35	31	80	15	8	17
71	96	2	6	45	72
20	31	55	42	15	72
7	15	31	12	31	31
10	91	62	10	48	10
43	39	72	43	83	43
83	44	46	35	46	46
60	58	28	41	33	44
54	56	86	36	36	36
1	14	44	15	95	100
35	35	74	35	100	48
100	93	96	8	26	31
61	41	20	55	61	34
14	67	60	50	66	19
56	30	35	54	70	3
32	89	19	8	35	74
93	26	30	39	35	90
69	3	3	5	12	3
94	91	46	6	51	45
32	37	21	89	45	33
40	25	25	57	14	25
6	40	6	93	30	6
35	100	32	53	41	83
95	23	11	23	23	51
3	44	3	3	90	61
47	82	45	18	78	61
14	4	14	14	95	52
58	3	87	23	23	23
3	91	3	3	94	100
24	27	54	34	24	32
36	97	63	72	41	98
41	76	87	13	37	30
39	69	45	86	45	45
83	27	27	28	97	48
46	49	14	75	46	46
58	64	9	16	8	81
32	32	50	39	32	27
77	39	55	36	14	71
28	65	49	81	83	21
28	62	88	28	28	29
40	20	22	20	24	20
56	45	57	19	16	23
88	59	91	68	59	76
29	60	36	33	33	33
48	86	32	31	14	53
41	35	51	20	74	70
35	41	35	29	35	27
68	40	77	64	40	40
73	95	32	4	20	15
32	29	32	25	32	23
48	48	43	48	57	18
6	6	31	39	6	80
45	45	12	38	45	30
90	19	49	54	27	15
26	29	10	52	23	93
45	22	15	78	59	30
42	50	91	50	34	4
41	8	16	19	86	69
23	83	59	63	23	23
91	29	18	85	69	16
3	6	3	100	5	3
30	92	53	86	88	91
70	95	77	46	62	54
84	13	87	50	33	31
24	16	2	16	16	37
15	11	98	83	43	50
21	17	62	96	78	43
78	70	30	95	7	79
61	87	44	59	100	45
84	43	31	58	68	33
18	80	70	97	44	69
50	29	3	27	38	53
7	97	33	60	29	91
87	9	68	31	36	62
28	71	18	23	71	5
97	65	73	76	35	80
83	45	12	81	42	56
7	7	7	18	56	46
63	42	4	64	89	14
4	4	4	90	65	60
54	69	20	20	20	38
19	1	40	62	6	83
37	23	37	48	96	37
93	93	46	30	55	54
45	69	81	33	36	82
27	54	85	13	25	77
7	60	86	95	8	17
82	12	81	41	12	12
49	22	49	88	56	49
26	34	82	83	27	94
6	85	44	46	44	65
42	51	68	55	51	82
26	26	58	10	79	26
15	29	15	15	67	28
37	41	52	91	14	12
22	69	100	67	52	92
18	85	10	10	10	47
62	13	11	95	12	54
10	78	68	98	18	1
67	58	63	74	77	71
8	57	97	88	2	47
38	22	22	22	61	29
36	26	73	13	80	47
62	82	42	42	42	26
31	67	89	41	68	48
95	15	46	42	28	12
27	56	43	49	7	41
1	43	3	97	41	28
44	56	62	36	38	26
7	86	26	4	85	5
66	67	41	44	66	49
44	44	35	87	54	44
37	83	79	75	74	97
22	74	29	6	6	6
74	75	53	33	68	34
86	58	54	36	36	36
78	82	37	90	18	63
83	98	51	57	100	26
27	98	27	37	2	27
17	58	29	17	77	17
29	61	7	50	48	73
30	72	8	8	8	78
74	96	47	4	15	77
100	68	60	3	97	11
28	28	28	98	51	69
16	18	15	81	15	25
17	80	35	92	99	31
9	74	25	2	89	21
93	33	87	64	79	52
25	33	75	91	41	81
87	81	80	4	12	12
41	41	16	87	66	41
82	97	65	30	23	2
28	97	49	15	53	50
76	25	25	25	69	45
38	27	10	75	14	69
44	15	45	60	30	74
11	75	1	1	1	49
9	62	52	18	38	53
84	84	6	83	64	46
50	45	25	80	83	61
51	37	10	27	35	27
56	31	41	7	94	58
76	15	82	33	7	100
53	24	1	61	84	85
6	20	6	6	7	61
74	86	78	71	72	40
18	59	73	18	57	18
83	51	26	53	51	12
17	37	71	86	26	26
60	22	65	22	90	22
24	27	24	76	43	24
59	24	79	55	14	71
24	4	85	79	6	26
41	32	87	32	35	32
31	69	31	26	47	31
75	83	15	24	7	91
15	42	26	26	26	98
42	4	79	34	4	57
97	95	95	19	95	59
49	7	59	92	95	13
26	36	26	96	26	11
38	91	83	22	97	28
97	31	13	57	11	72
35	42	74	36	73	71
97	10	93	14	63	24
56	76	49	71	11	44
55	6	11	6	17	6
1	31	11	31	9	10
32	15	32	8	67	63
19	100	98	93	21	82
13	78	45	80	33	10
42	44	5	81	56	59
63	37	77	55	37	37
14	14	14	16	82	36
66	38	23	30	30	30
75	32	69	35	44	94
7	26	16	48	87	78
86	8	8	8	81	49
15	9	13	88	75	31
35	50	47	90	72	65
61	17	78	96	39	22
28	35	41	24	80	55
75	23	45	16	8	92
92	60	89	13	94	60
10	63	10	45	10	8
43	23	33	69	34	64
13	25	25	93	25	76
30	87	71	52	100	12
7	5	26	90	61	98
9	27	5	17	59	46
6	41	18	19	82	10
72	7	5	7	20	12
96	71	11	39	83	56
59	59	39	79	37	51
4	37	37	82	37	97
15	94	24	57	16	91
9	9	87	9	15	78
80	39	89	84	80	78
60	55	84	36	57	13
66	31	48	31	31	79
37	37	37	9	21	90
23	39	39	42	81	39
44	65	94	30	54	71
50	26	82	97	70	24
25	89	71	89	61	52
15	46	11	77	12	6
12	37	73	90	27	27
35	32	25	12	20	54
84	93	29	29	29	63
16	89	31	45	70	55
43	43	1	21	43	2
3	28	28	98	32	28
21	92	66	44	20	41
43	71	42	24	98	96
96	44	22	56	45	86
8	31	54	8	77	8
84	19	36	20	20	64
67	78	16	13	55	98
56	18	62	46	72	87
10	51	98	24	51	8
19	19	19	2	45	26
41	40	90	41	41	68
31	72	16	63	44	97
40	3	16	59	68	74
31	3	1	57	72	15
58	21	1	8	50	35
68	21	68	98	25	42
2	49	1	14	31	14
3	22	50	22	22	27
13	7	19	25	84	68
60	17	39	97	58	53
74	61	39	76	98	57
60	34	64	18	72	27
27	84	63	7	84	29
9	2	19	83	40	11
91	31	87	15	59	58
30	61	96	26	6	89
13	78	50	46	92	58
59	28	46	6	27	38
24	45	15	11	37	73
83	10	77	37	5	43
26	16	16	84	6	16
81	95	5	82	65	95
18	44	89	97	94	82
32	99	72	84	40	79
26	65	28	26	26	51
95	86	21	72	35	54
23	73	12	36	92	42
3	71	98	51	68	5
50	59	9	13	99	47
84	4	37	52	21	43
18	33	4	77	4	4
97	20	58	9	20	74
21	17	21	21	74	44
83	22	1	79	73	86
11	86	11	37	11	87
63	1	99	71	17	53
76	49	49	49	94	98
92	18	13	18	18	12
4	78	41	8	53	1
2	72	39	29	14	97
19	48	63	36	33	49
38	40	84	39	44	45
100	100	63	97	47	54
71	86	55	62	50	40
70	23	44	68	32	74
29	64	95	39	100	52
60	64	27	81	48	35
2	88	2	90	9	2
12	25	28	28	1	28
26	42	8	68	8	8
63	6	46	6	47	6
96	31	78	74	98	97
42	95	32	81	90	25
14	43	18	91	96	79
87	38	35	49	39	37
17	96	94	83	21	75
59	59	26	34	83	36
50	76	39	39	39	32
14	14	35	16	39	14
32	97	18	18	41	18
81	58	91	52	50	46
9	55	70	96	25	86
26	36	26	41	13	26
59	63	87	52	70	62
5	28	5	5	33	26
62	38	86	5	3	27
34	1	19	12	8	51
94	39	87	87	54	50
95	27	81	27	59	27
8	14	8	8	12	25
87	6	6	6	29	99
20	51	13	89	20	20
62	7	38	68	55	38
7	26	7	62	7	17
8	48	93	41	56	92
29	47	25	73	76	30
21	24	55	18	68	22
20	88	24	51	14	2
97	4	14	62	2	9
54	83	55	78	66	34
79	79	21	8	96	98
80	51	99	64	49	89
26	26	26	70	46	50
45	22	43	76	19	85
97	6	6	84	63	6
56	1	1	50	92	73
39	39	74	39	93	97
1	30	57	20	42	55
1	1	1	16	25	89
68	60	69	5	2	23
33	15	54	54	66	83
55	76	8	74	59	99
1	69	28	1	65	1
90	54	43	40	59	95
10	5	22	100	6	47
81	87	67	79	71	78
60	68	89	11	29	32
11	71	92	11	11	16
64	53	17	28	73	96
14	2	59	87	72	65
28	55	84	21	21	21
41	78	73	83	22	29
15	45	15	22	15	25
90	71	100	27	26	12
7	7	44	7	49	32
65	84	67	57	91	89
74	57	61	63	85	74
35	67	16	17	39	86
13	44	44	23	44	67
50	36	32	34	90	71
90	75	98	64	6	22
19	29	13	15	90	24
75	9	9	9	22	90
86	75	47	69	30	74
71	80	16	25	82	58
26	16	26	26	33	43
40	50	50	33	50	75
59	91	46	56	35	59
86	44	44	81	44	50
18	60	52	68	63	43
6	6	14	38	84	49
13	14	17	17	94	17
97	12	70	95	72	43
52	44	17	21	26	79
46	37	73	86	37	37
9	90	67	8	19	40
54	8	71	30	28	91
65	47	47	47	81	94
99	33	53	85	33	3
51	88	45	80	61	30
61	35	44	15	2	41
1	21	37	15	72	70
65	45	30	37	7	85
9	59	8	94	15	73
83	67	64	12	17	88
15	15	18	50	75	15
87	87	44	46	29	64
11	11	5	11	48	86
67	9	78	9	9	23
65	61	76	76	50	5
68	1	87	96	50	96
68	55	39	39	39	12
25	60	65	81	12	86
32	37	81	28	37	37
98	19	19	38	19	10
42	80	97	41	38	40
1	1	1	100	69	26
47	95	40	13	49	86
49	89	18	96	29	57
69	70	31	50	17	52
27	57	77	82	21	29
39	25	59	41	25	25
89	43	93	80	97	39
83	100	26	62	6	11
46	51	46	46	58	75
51	31	29	24	84	49
58	28	80	32	65	24
48	48	60	56	48	43
20	89	20	90	53	24
64	34	31	42	29	16
53	35	11	88	87	75
69	16	82	99	68	3
53	41	85	1	68	75
32	32	47	66	87	32
66	83	67	17	65	56
41	69	48	84	77	40
45	8	57	49	80	6
61	58	42	90	52	3
45	78	18	7	16	84
86	63	27	70	42	7
79	53	31	6	100	77
6	48	35	49	40	2
85	17	17	32	43	17
10	10	15	44	58	10
33	14	94	7	31	13
76	71	28	87	75	65
28	64	48	66	4	54
77	81	77	31	48	76
74	30	37	100	82	12
1	48	65	48	62	48
43	69	43	43	98	2
96	55	76	38	18	11
78	41	58	11	23	80
20	55	77	54	75	21
13	39	38	58	44	33
77	74	84	100	68	68
11	56	19	90	11	11
55	63	2	22	83	36
46	72	73	62	7	71
87	45	18	29	83	9
85	15	8	27	68	75
65	62	35	99	16	82
27	80	53	60	27	4
15	85	51	93	30	60
82	76	33	33	33	25
37	77	57	79	37	92
29	44	92	33	29	29
12	32	96	32	32	14
9	57	10	68	10	10
83	74	93	58	49	59
23	77	47	62	76	21
11	66	11	32	34	6
21	66	7	50	31	50
21	5	11	55	4	95
39	84	26	84	30	26
49	39	70	44	41	52
18	3	48	22	83	21
26	91	45	5	40	17
7	54	33	87	66	46
16	5	8	90	3	33
18	22	39	39	39	11
76	15	38	71	1	94
23	70	78	40	84	87
43	83	58	95	99	2
42	64	33	42	22	42
46	69	97	43	100	69
30	56	61	42	3	78
80	45	43	24	97	19
71	20	95	54	63	34
92	97	1	72	44	41
99	97	69	72	68	99
28	64	28	77	28	99
11	87	19	69	12	14
49	73	51	56	28	44
61	61	74	76	41	18
66	8	15	61	31	56
78	94	48	14	89	46
44	29	28	18	95	76
79	41	95	24	21	93
88	88	31	34	58	38
7	44	78	59	10	86
23	18	47	93	39	90
44	12	18	24	69	48
39	40	40	40	85	6
76	92	11	39	94	35
48	64	20	48	48	24
37	9	17	95	37	37
77	11	88	35	44	93
7	16	4	22	47	46
37	85	58	72	96	84
4	23	97	65	44	96
50	42	42	16	68	42
34	46	30	17	17	17
35	13	99	34	52	63
28	68	15	59	43	88
31	82	41	54	66	49
96	44	71	21	94	1
1	26	16	20	32	23
68	50	49	7	61	1
34	44	22	36	42	44
49	90	49	72	49	92
30	92	30	25	1	30
43	53	80	27	27	27
49	93	32	23	5	43
55	6	51	12	74	75
18	57	74	76	11	57
70	28	18	46	74	4
19	82	67	56	51	43
6	100	42	74	40	23
8	31	54	8	88	8
29	78	29	29	45	70
5	5	78	54	5	70
66	55	56	46	54	71
23	23	75	43	66	23
17	17	88	55	28	17
72	47	47	47	96	34
18	43	4	18	18	5
94	81	88	75	15	1
28	48	85	49	49	49
83	78	48	38	84	99
37	37	80	59	20	37
86	19	16	9	65	48
58	47	47	47	5	64
60	93	69	91	87	5
38	93	92	85	24	26
31	73	94	84	80	49
76	77	80	83	27	74
30	59	81	73	36	77
16	17	66	14	99	48
21	43	76	30	21	21
35	50	50	50	66	17
16	12	12	69	7	12
25	24	59	97	95	78
64	39	33	49	84	97
68	96	29	23	56	42
19	21	19	22	91	19
82	44	5	15	36	72
80	96	10	76	50	82
49	62	21	21	20	21
21	90	15	98	15	15
64	44	51	82	67	18
84	56	51	91	26	72
16	84	27	65	20	76
44	65	43	88	50	33
78	60	14	14	14	57
72	46	35	92	43	92
42	42	92	42	24	86
73	71	86	54	48	5
40	93	92	39	17	48
16	46	90	17	71	96
29	71	61	84	90	54
67	71	50	4	30	81
67	97	56	11	18	69
32	73	10	59	15	67
96	36	36	43	36	76
50	75	72	96	59	40
77	98	18	33	33	33
17	30	29	77	93	71
18	76	37	18	92	36
26	49	13	23	12	100
91	27	4	72	4	4
81	53	80	60	10	23
16	32	78	12	51	13
83	1	1	50	47	1
21	16	54	21	21	4
13	34	1	48	13	13
9	46	68	31	61	16
18	100	17	18	91	18
22	72	18	95	11	76
13	53	82	32	48	62
31	31	64	31	86	74
48	37	9	100	95	98
5	95	64	97	23	43
80	34	34	4	76	4
67	50	6	40	42	26
54	68	34	34	100	34
33	78	33	56	33	38
80	53	35	53	11	35
42	86	51	28	68	2
14	14	14	49	94	57
32	89	55	16	55	3
94	80	71	32	13	39
65	19	84	15	71	78
8	53	29	10	69	70
19	48	68	91	34	97
46	75	7	98	75	28
15	17	57	13	14	4
25	28	25	52	25	2
25	10	24	14	100	48
56	64	74	72	97	75
25	98	92	85	14	33
66	13	42	69	88	30
100	51	74	55	14	20
5	25	56	11	8	89
65	17	49	83	17	17
44	66	76	44	63	44
52	36	71	68	26	31
92	1	57	50	57	1
33	93	44	45	40	95
12	64	99	96	12	12
9	85	19	49	28	53
21	88	8	49	49	49
15	89	51	24	25	55
20	37	21	21	21	3
31	75	39	98	94	60
33	33	33	36	84	6
32	91	17	32	32	77
83	3	78	4	98	51
56	43	85	96	20	99
97	80	49	80	45	52
52	1	2	1	1	58
74	6	4	81	12	55
42	95	61	16	56	83
90	89	85	51	63	63
38	77	36	74	52	96
94	21	21	58	15	21
55	18	62	60	26	20
59	34	81	49	22	61
56	69	54	73	46	78
6	51	93	53	75	14
19	78	31	96	92	11
81	19	37	99	70	49
64	48	29	1	61	35
55	53	57	35	12	52
20	50	6	36	13	46
90	44	17	44	63	44
60	41	41	8	41	34
19	9	25	23	39	24
34	18	18	23	3	18
18	18	8	18	42	25
84	20	9	71	39	31
83	37	2	2	3	2
33	62	6	33	57	33
10	62	67	10	66	20
98	10	17	68	23	41
49	56	5	6	49	99
26	51	81	46	63	37
61	13	64	13	78	65
100	17	18	84	6	76
37	59	2	2	60	2
96	58	41	17	61	74
93	71	87	61	10	32
74	51	55	94	87	25
74	66	44	22	22	22
34	64	49	8	39	51
35	80	54	35	84	35
77	19	1	19	80	19
7	30	28	41	20	84
88	93	61	62	60	52
46	46	100	79	57	46
26	10	87	37	73	42
9	37	33	35	18	57
16	90	16	11	25	16
73	81	33	35	23	46
88	16	49	44	18	16
8	91	8	49	1	8
33	18	74	59	80	50
56	61	79	64	57	64
79	41	41	5	41	53
98	92	20	63	33	17
58	64	54	96	91	30
100	44	57	44	44	52
71	70	93	11	67	20
82	13	68	53	37	83
9	76	66	76	5	63
52	14	30	81	90	39
22	53	70	36	86	16
62	41	15	32	13	9
29	81	35	91	57	71
79	92	23	81	84	55
68	57	12	51	56	89
36	41	74	22	95	65
100	66	38	75	52	54
88	50	69	69	36	29
9	59	13	60	94	87
28	63	47	47	49	47
39	10	14	10	10	76
52	64	24	39	96	47
33	32	29	87	33	33
4	16	19	12	71	27
63	1	4	11	38	81
11	82	58	11	15	11
82	34	92	51	32	93
16	38	100	42	16	16
75	43	68	69	46	90
52	50	50	41	82	20
30	46	77	68	51	68
82	35	19	59	51	5
32	91	14	67	33	10
22	19	13	19	8	19
26	86	96	14	78	68
93	1	3	6	96	21
57	91	17	100	68	4
23	45	85	38	26	13
18	32	26	67	4	38
45	52	100	20	20	20
29	60	16	87	83	53
39	2	66	2	2	87
9	9	54	9	13	88
53	91	24	32	24	24
69	25	19	11	85	2
74	45	3	66	24	48
8	65	62	18	94	12
6	58	52	12	4	54
91	89	68	14	73	35
75	11	76	60	83	53
5	78	6	38	38	38
36	4	19	89	36	36
94	10	70	59	65	31
45	93	49	11	85	68
86	55	35	52	97	35
90	44	12	44	44	93
45	62	91	13	13	8
31	73	67	100	22	42
3	29	76	21	82	53
5	17	63	42	90	79
10	23	66	23	59	23
5	15	29	29	72	29
79	16	92	19	76	76
74	52	42	85	22	80
8	89	97	88	46	100
19	69	71	1	40	52
51	8	39	34	54	56
1	33	80	47	47	47
34	85	71	34	26	34
62	5	82	26	79	75
16	20	9	35	85	97
89	15	88	72	98	32
94	80	40	21	40	40
51	21	37	21	21	43
12	32	56	21	21	21
90	87	88	27	27	41
16	16	2	30	16	53
13	2	18	13	60	13
40	77	46	46	46	1
39	39	39	92	77	35
53	58	64	1	27	1
15	39	45	99	3	53
84	86	26	26	96	26
70	70	91	24	5	86
27	15	27	6	61	27
14	40	93	72	40	40
55	56	22	83	31	62
5	5	5	94	51	61
38	84	100	83	42	80
42	39	1	1	1	68
42	6	42	42	17	82
80	73	83	52	43	75
6	62	61	61	36	53
27	23	56	1	96	91
57	35	37	72	99	47
73	10	83	63	56	25
38	20	32	32	32	48
3	9	86	88	96	24
30	8	41	80	77	96
89	98	13	26	21	89
37	20	7	32	46	39
97	46	21	98	87	57
74	80	3	89	69	88
42	21	3	42	48	4
26	26	99	58	26	100
88	87	13	65	95	92
31	48	100	100	9	80
59	44	7	62	80	96
16	16	16	43	24	30
45	55	55	89	18	41
76	81	23	88	15	52
13	80	57	13	13	10
43	43	66	43	17	35
69	63	12	48	25	56
8	52	28	42	11	68
48	66	48	48	95	34
31	31	55	88	9	31
3	14	74	71	67	92
58	13	2	2	27	2
87	33	55	25	81	72
49	88	39	49	49	45
4	27	75	4	4	88
14	7	87	14	14	35
36	8	1	2	97	68
43	42	55	30	43	28
67	38	10	66	38	38
54	28	15	68	23	9
90	24	82	20	9	96
5	96	94	19	80	41
18	15	60	62	19	23
9	84	40	40	12	64
38	17	38	16	38	11
89	15	38	9	88	12
66	3	37	3	3	18
3	93	49	80	59	18
42	66	30	16	3	41
20	53	20	20	7	26
61	83	66	89	52	4
51	73	11	46	87	61
7	3	63	28	16	61
76	77	61	27	56	87
69	63	2	48	48	48
35	83	93	30	66	76
100	49	80	49	24	49
25	95	11	80	80	65
95	38	9	62	87	42
89	48	78	62	62	75
97	17	60	95	66	60
47	39	35	18	14	34
69	23	54	50	75	51
34	10	67	67	16	82
35	70	35	81	59	35
83	11	37	42	55	43
21	91	22	100	34	9
35	21	71	86	83	15
29	56	29	7	99	29
39	47	60	23	24	83
81	55	70	42	92	79
20	6	49	72	9	57
87	61	41	2	92	84
98	84	68	91	10	100
37	30	37	16	86	6
35	11	11	43	81	11
73	76	72	8	92	42
72	79	9	31	23	9
4	23	31	7	78	55
91	35	45	82	16	54
30	72	59	46	81	69
72	38	44	38	38	17
3	9	24	3	35	3
46	38	29	14	22	30
1	82	6	19	7	96
9	23	45	82	35	89
6	43	46	21	57	20
77	47	39	39	87	39
15	7	14	7	7	41
100	4	8	20	89	22
22	80	16	18	91	38
19	20	6	20	60	20
60	41	18	79	51	78
23	46	51	61	34	22
25	25	26	30	25	35
1	24	97	97	45	38
79	82	89	16	30	27
52	15	50	17	81	41
3	29	3	59	35	3
15	74	59	15	15	26
42	27	100	73	49	81
4	57	82	41	6	30
28	67	59	19	98	6
80	81	3	51	78	28
75	92	78	57	96	96
29	57	97	67	29	29
30	1	65	88	1	1
78	38	2	52	36	86
82	25	74	50	1	97
16	71	92	50	4	91
37	95	40	34	37	37
53	87	29	80	52	27
9	1	50	45	21	52
34	89	22	29	47	54
56	29	29	29	6	94
93	46	5	26	31	91
99	6	44	1	44	44
21	1	26	83	84	55
14	51	89	93	26	71
97	96	89	64	4	7
77	41	79	82	55	5
91	65	52	94	63	48
67	19	78	81	21	74
43	40	37	28	82	29
7	91	92	62	79	25
73	92	100	96	67	36
59	30	34	49	80	39
33	56	15	79	91	100
76	31	92	78	56	23
34	48	47	48	67	66
28	28	40	19	28	83
83	31	31	31	78	91
96	97	24	76	19	100
7	2	61	81	16	86
41	9	96	14	41	41
5	29	32	29	29	92
24	10	24	65	24	62
68	79	65	73	49	53
26	38	69	38	38	24
40	41	41	88	86	53
12	12	12	78	52	100
100	87	20	66	17	76
29	81	56	44	44	44
37	74	77	86	85	85
98	28	56	95	82	80
45	96	39	14	63	74
35	66	77	37	17	35
65	58	28	33	76	51
94	27	30	42	42	42
17	17	21	17	11	33
94	24	24	82	58	24
94	23	66	56	34	58
84	6	75	14	94	74
26	87	74	2	41	26
14	86	13	23	99	99
34	66	53	25	10	65
35	12	89	35	35	41
43	43	97	44	66	43
96	88	79	79	65	68
49	95	10	91	85	80
18	14	23	14	14	87
32	82	76	90	23	24
41	41	21	41	75	39
66	12	61	91	91	61
92	61	54	81	15	77
68	93	82	25	82	74
36	15	75	44	29	63
83	60	5	27	20	52
72	13	23	12	53	2
97	61	51	33	13	76
57	5	69	8	33	85
20	47	42	31	61	27
13	77	44	13	13	7
91	80	54	22	24	26
43	30	87	50	26	86
68	26	11	35	84	17
6	1	74	76	43	18
92	69	7	89	66	30
29	75	29	29	33	77
85	48	48	83	20	48
77	44	26	44	44	4
33	27	47	33	65	33
12	20	48	80	67	57
8	96	56	65	83	70
33	96	85	60	22	70
41	37	37	30	37	89
40	53	66	45	19	77
4	94	89	30	62	82
98	59	14	49	92	45
99	99	81	61	89	75
2	96	20	42	92	74
25	44	71	7	8	77
20	63	29	1	86	37
86	13	35	66	11	78
14	28	59	80	22	15
14	14	32	14	27	49
49	31	48	90	17	64
33	9	2	34	2	2
60	24	76	80	38	14
27	98	53	92	58	77
4	14	70	51	51	39
39	25	62	31	39	39
85	78	28	36	34	67
24	15	30	97	64	72
12	20	34	20	20	35
63	40	82	10	26	49
59	70	6	88	39	66
74	51	50	75	6	34
53	78	90	17	74	4
11	91	84	6	46	25
44	62	55	71	19	73
42	79	58	76	44	23
92	100	12	56	71	23
47	44	26	86	47	47
65	43	95	43	43	4
22	35	22	22	42	49
15	45	72	39	39	39
76	98	86	81	4	98
68	78	19	88	62	15
66	5	91	15	61	95
65	13	96	11	5	8
60	73	97	23	82	75
18	10	10	12	10	68
90	37	32	37	37	86
8	18	53	41	56	32
48	74	48	48	3	62
30	48	71	30	30	49
5	5	8	9	11	5
68	38	81	39	63	75
86	73	97	42	5	37
40	40	57	30	44	62
50	50	4	50	70	6
31	21	84	89	21	66
50	30	23	5	85	4
87	72	50	39	81	2
5	96	15	35	6	76
46	90	19	98	45	85
96	91	66	21	17	34
59	55	41	57	59	81
68	22	22	22	89	77
86	17	56	7	36	13
31	46	32	63	87	88
39	9	33	33	33	43
97	32	28	62	69	59
40	38	79	2	22	49
62	49	56	30	78	96
3	89	21	38	20	27
70	17	21	21	21	24
34	61	64	42	59	23
27	27	16	82	18	27
98	51	92	72	73	88
82	6	20	28	63	75
5	5	42	74	5	37
97	24	41	24	24	75
23	87	83	11	39	12
36	52	73	75	34	49
17	20	31	6	37	88
67	10	70	91	49	19
65	68	96	15	73	81
64	17	13	27	3	66
84	31	42	79	7	21
95	2	2	2	33	3
43	93	43	68	51	43
31	31	81	72	31	54
19	87	77	33	33	69
89	42	21	63	74	40
36	67	24	49	47	81
10	68	77	31	83	1
96	6	66	63	42	20
14	86	2	36	8	20
25	72	77	48	98	40
63	21	20	8	71	41
17	71	28	19	13	1
29	22	29	48	81	92
32	32	31	22	32	58
46	9	46	89	46	22
19	48	66	33	6	77
24	80	64	17	52	85
88	13	62	33	52	81
98	68	37	23	50	46
2	80	83	84	49	9
21	20	7	50	28	72
32	95	48	32	32	91
46	74	46	26	46	84
19	59	94	100	74	8
47	21	4	35	8	46
48	48	20	96	40	48
24	33	97	33	33	76
4	36	4	4	1	94
24	52	48	71	60	33
90	87	72	38	91	95
48	3	28	81	48	48
99	35	86	85	35	35
1	50	18	50	35	50
35	74	99	77	61	83
52	47	23	84	96	20
3	64	83	81	83	18
9	60	9	9	82	37
56	55	76	52	53	25
43	16	81	50	16	16
59	61	5	84	29	94
22	80	60	66	51	90
37	68	37	78	37	6
94	12	20	23	49	45
4	49	4	4	86	95
45	35	74	45	64	45
86	79	33	18	18	18
39	25	20	2	87	30
90	92	7	36	72	48
43	63	98	89	12	42
47	31	22	71	3	24
35	35	7	98	2	35
48	34	2	72	43	62
30	77	85	90	96	93
19	42	8	39	80	4
96	51	8	94	32	75
80	35	40	1	59	92
99	22	51	18	53	42
61	39	97	35	57	3
40	6	73	97	32	76
42	42	23	76	72	42
35	34	29	30	2	70
67	44	62	85	25	7
41	78	3	41	76	41
2	54	50	75	76	39
23	25	64	94	86	19
27	38	39	38	38	54
78	32	44	32	79	32
23	22	40	93	78	36
59	85	14	32	66	10
62	38	55	92	20	64
72	94	44	18	20	10
43	49	47	32	43	43
4	64	12	82	60	17
15	15	6	64	15	100
39	82	60	24	33	66
45	21	40	61	20	54
50	96	26	3	87	8
46	46	46	55	47	99
52	12	89	47	31	4
12	56	5	70	64	41
16	90	10	7	1	55
8	8	38	39	72	8
66	95	66	61	97	50
83	70	28	87	84	59
89	45	86	64	45	45
81	40	85	15	28	6
74	59	4	78	48	49
90	12	12	88	83	12
75	17	17	10	1	17
61	74	83	45	20	42
82	63	85	28	66	32
17	28	3	68	59	53
26	59	86	15	38	78
65	73	17	87	5	80
12	92	1	44	42	3
82	80	21	21	21	9
69	2	100	80	31	9
9	3	48	19	32	7
92	10	57	89	12	87
55	5	50	4	35	73
85	26	97	69	80	88
12	37	37	63	93	75
27	70	35	6	85	27
18	60	57	16	51	33
2	2	69	79	71	2
37	99	37	37	10	29
25	25	11	25	46	33
100	23	49	8	8	54
96	51	74	34	69	42
36	16	2	51	10	28
11	7	5	89	67	6
92	22	31	9	64	95
100	6	69	11	50	87
65	23	96	96	42	53
1	17	57	57	93	71
39	23	67	8	23	23
8	90	62	12	24	13
44	31	70	96	65	32
45	33	33	35	7	18
57	8	15	85	69	20
73	82	38	96	40	34
25	25	97	19	76	25
35	80	42	35	35	100
86	7	1	66	84	65
28	68	95	22	38	86
12	12	18	87	64	12
42	73	42	70	66	42
71	99	78	89	98	24
13	5	18	87	1	34
71	54	30	47	14	50
7	60	49	26	89	3
16	81	68	27	65	78
3	2	22	72	87	36
57	38	51	60	69	6
54	96	15	84	25	20
25	38	63	31	16	79
11	42	11	27	11	63
62	51	75	40	93	9
61	65	54	86	24	42
17	38	56	14	12	96
81	45	45	21	5	45
41	70	14	14	14	5
96	35	93	49	15	67
67	99	16	27	92	87
1	30	44	81	34	86
44	80	37	44	44	18
57	42	47	52	63	43
38	81	39	90	38	38
5	36	5	5	65	70
72	4	70	90	4	4
11	71	18	18	18	82
97	45	65	89	35	70
19	83	73	16	19	19
22	37	68	62	70	20
85	92	53	29	57	2
49	1	2	83	85	60
16	68	6	8	37	70
27	32	9	32	32	18
67	88	76	77	23	23
43	60	43	80	43	85
48	100	46	90	49	92
38	2	16	2	12	2
81	46	85	6	100	36
8	92	100	26	79	40
78	22	70	98	47	93
2	94	68	79	17	73
21	21	48	12	55	21
66	22	22	83	3	22
38	56	6	18	16	34
53	26	26	26	25	18
90	20	42	61	54	63
60	34	9	40	29	22
90	13	11	13	99	13
40	55	97	18	96	84
85	54	88	1	19	24
34	28	19	35	86	85
15	96	59	81	67	14
6	25	56	15	80	25
34	6	60	26	88	38
24	34	7	51	85	82
18	67	84	71	27	51
25	38	12	46	53	40
45	62	74	45	5	45
40	91	40	97	40	89
92	57	92	75	54	3
74	35	9	91	98	12
10	71	64	10	10	98
11	62	27	77	31	73
47	87	67	83	76	88
36	33	29	79	46	83
85	27	12	11	52	38
76	30	42	81	67	38
91	72	43	3	73	2
72	32	100	100	49	97
56	5	19	29	25	40
19	44	73	89	31	91
19	18	83	88	19	19
12	12	12	28	55	26
71	33	54	79	97	66
81	3	29	12	40	16
19	19	34	40	92	19
76	13	47	49	25	61
17	37	99	70	46	39
74	83	83	99	34	56
29	58	19	45	77	91
58	61	22	32	7	16
17	91	17	28	17	79
69	48	42	40	60	95
21	2	15	87	98	2
35	62	7	28	35	35
24	7	7	72	47	7
14	40	50	40	52	40
1	1	26	73	5	1
62	64	26	99	53	92
55	16	100	93	80	81
12	17	69	99	10	85
11	40	8	50	83	8
20	61	79	20	20	64
51	24	90	7	71	52
55	44	55	70	52	10
31	61	14	31	73	31
99	90	53	22	57	80
28	53	19	13	28	28
44	1	62	47	68	33
1	26	100	13	90	35
83	41	21	100	28	24
16	28	75	74	16	16
32	36	86	18	28	90
100	76	66	1	12	12
73	7	77	68	55	76
31	46	90	100	4	65
37	55	89	29	49	49
24	13	45	13	13	66
15	31	6	59	11	93
24	4	2	49	64	32
32	80	5	35	35	35
19	47	5	19	19	61
94	99	31	6	9	61
7	74	13	13	13	55
44	14	98	98	74	95
88	93	90	51	47	38
76	61	4	94	85	58
83	66	50	67	83	4
25	59	98	49	21	69
67	65	95	47	7	8
66	27	79	86	9	36
23	23	54	80	23	63
45	9	61	24	43	73
32	12	3	30	78	29
84	97	39	17	65	17
32	71	5	57	61	34
54	56	73	37	41	40
24	63	53	69	31	97
16	14	18	6	55	70
17	52	4	74	17	17
16	95	74	15	2	72
83	12	39	28	7	65
6	15	18	15	57	15
15	48	87	41	98	64
99	50	66	48	83	95
4	57	66	44	35	94
73	91	3	3	93	3
47	27	89	30	66	76
92	98	20	100	35	31
64	65	23	67	53	56
30	11	6	11	11	7
100	45	95	45	45	66
68	97	17	27	65	90
91	33	20	8	53	32
47	23	23	4	23	56
51	17	49	85	19	15
22	5	5	85	5	61
50	80	16	99	97	94
59	16	30	13	20	72
95	40	21	82	34	17
29	22	62	3	56	14
48	51	79	25	69	43
7	18	18	84	62	18
82	84	21	15	24	87
50	93	43	81	95	85
69	92	7	50	98	70
59	4	11	11	36	11
21	19	15	32	77	80
47	77	10	58	38	24
29	48	88	73	99	79
48	48	42	66	12	48
70	40	76	86	100	47
70	51	6	21	97	64
28	25	16	77	12	7
87	63	99	82	95	40
100	91	97	62	22	48
1	78	53	71	66	27
18	18	6	9	4	18
5	44	5	11	5	6
27	77	27	57	10	27
58	83	20	6	94	34
62	17	84	17	17	79
29	37	16	50	52	33
47	54	1	1	45	1
24	29	5	5	5	2
96	30	5	5	34	5
61	6	25	25	97	25
31	36	24	23	88	63
92	56	74	61	16	67
16	95	26	21	9	25
76	65	85	83	37	18
3	51	29	40	9	71
47	70	47	43	54	47
18	62	73	70	17	72
15	15	15	59	74	29
21	43	43	43	20	8
33	66	51	15	25	8
17	17	14	4	17	11
99	20	29	47	38	54
98	8	82	31	69	28
92	65	62	89	8	57
99	81	76	63	81	42
64	18	2	29	29	20
9	95	38	76	38	38
52	50	64	14	65	93
96	31	7	7	71	7
33	31	81	90	8	98
62	50	44	50	50	93
4	4	99	60	4	51
69	44	59	3	6	7
27	2	32	20	40	19
29	72	24	93	59	16
99	18	36	51	40	24
89	87	41	17	41	5
30	30	34	30	60	44
93	58	40	15	43	12
24	88	70	24	24	49
9	42	9	14	67	9
4	79	4	42	4	53
41	58	88	83	61	68
43	60	54	74	98	77
46	25	55	30	36	5
67	87	23	76	87	14
25	55	86	75	40	25
72	35	90	40	7	48
78	75	70	60	61	18
42	42	68	81	42	18
14	2	68	14	36	12
38	5	51	57	17	51
58	77	53	12	15	82
67	65	28	100	20	90
40	81	33	6	71	16
5	10	52	48	77	75
73	41	8	66	48	56
10	55	97	15	95	55
81	85	77	49	4	84
1	68	42	45	31	3
20	82	42	91	97	62
14	15	60	25	44	60
30	26	63	17	25	32
95	10	96	73	34	58
46	50	46	64	44	46
5	81	93	96	88	32
5	44	88	66	44	44
46	87	42	65	5	83
61	44	80	35	89	74
46	15	14	4	25	91
62	71	31	1	91	76
1	86	26	26	36	26
28	64	5	5	5	34
64	50	11	91	29	52
33	42	51	83	95	37
18	37	30	71	50	4
33	15	33	73	33	34
27	47	79	9	56	5
31	34	2	71	98	13
70	35	5	53	13	7
24	91	66	51	52	86
47	17	17	17	97	9
90	61	51	26	80	21
57	55	38	84	80	57
95	54	7	86	77	94
81	62	22	17	4	72
68	36	8	8	64	1
40	45	40	49	40	41
59	48	21	48	48	61
14	59	79	40	30	42
85	98	16	55	16	16
86	90	61	43	75	84
42	5	5	70	23	36
18	23	3	6	4	13
47	35	19	18	40	75
90	48	53	8	12	12
19	19	19	56	82	48
74	10	80	45	66	74
39	99	38	73	32	18
30	30	58	30	43	16
32	76	65	81	32	32
45	46	98	82	49	45
11	8	78	85	26	22
63	48	86	17	44	62
40	15	6	86	81	85
47	33	53	54	54	49
6	6	6	22	7	53
35	21	60	93	73	23
90	13	83	21	24	8
84	1	39	30	8	74
11	58	63	73	10	41
22	25	80	44	56	54
22	30	48	79	90	93
92	27	39	77	100	31
41	41	49	96	41	72
43	84	22	36	45	40
100	82	15	88	64	44
85	1	66	1	74	1
41	18	54	64	13	85
63	56	54	100	100	15
15	22	53	74	22	22
24	28	93	61	50	12
37	65	37	37	74	10
10	80	10	48	12	32
78	82	31	65	12	88
28	5	16	31	3	54
79	26	5	70	85	44
70	32	71	61	89	95
62	60	44	20	7	40
63	40	94	41	58	10
78	29	74	65	72	84
93	1	5	48	84	28
21	57	85	21	21	55
36	70	43	40	43	65
19	83	39	15	75	14
8	54	73	77	40	23
72	44	14	5	63	76
23	2	81	54	10	45
55	2	12	62	22	84
40	21	89	67	78	72
43	60	14	100	89	88
22	4	25	25	78	25
46	38	65	41	37	83
26	17	26	40	26	36
64	34	22	8	38	47
51	20	100	34	80	14
27	25	81	40	85	87
20	43	20	91	20	11
75	41	3	41	41	13
21	21	86	21	27	26
30	30	30	64	27	86
41	8	58	87	86	14
72	56	28	43	43	43
75	98	20	17	88	7
22	3	31	29	39	21
97	100	91	96	29	73
81	29	47	4	53	11
15	23	56	48	21	3
75	20	20	20	9	16
86	94	43	21	3	51
85	85	71	13	29	2
33	36	48	35	85	47
43	55	43	43	58	77
86	18	13	13	62	13
26	21	93	26	86	26
89	79	94	25	80	38
5	7	96	23	87	3
38	66	77	51	21	35
79	95	87	49	16	99
5	41	81	23	77	26
24	90	24	24	3	66
22	3	20	22	28	22
48	48	48	82	26	73
83	65	2	87	73	19
2	45	45	50	45	46
61	15	80	91	23	51
90	17	31	17	17	51
78	22	89	83	22	22
46	51	7	10	76	2
17	4	80	74	14	82
40	95	12	35	79	71
99	82	35	60	27	21
32	6	12	32	32	1
3	1	71	46	14	75
27	82	99	27	27	46
97	74	73	4	26	18
43	52	58	22	83	69
5	68	63	82	25	23
9	78	33	23	5	60
7	21	6	43	35	18
11	51	89	83	12	79
87	31	73	65	77	12
89	24	6	37	24	24
66	54	63	11	82	20
17	39	54	68	40	59
99	9	48	95	61	35
33	18	98	82	46	23
56	45	76	52	20	7
73	44	5	83	86	69
44	44	44	75	69	63
28	99	24	88	47	62
23	50	12	40	15	18
39	43	83	67	7	35
59	34	34	88	54	34
37	85	74	45	16	88
77	94	43	92	6	37
47	58	37	91	45	94
26	81	3	60	69	11
16	90	98	15	16	16
21	31	14	60	48	30
30	70	30	30	2	95
3	24	3	50	3	18
95	65	21	8	97	58
54	89	75	87	54	31
66	66	59	29	16	44
10	53	91	83	49	46
20	45	17	93	17	17
16	82	42	55	65	49
44	78	84	43	72	37
44	87	15	44	60	44
81	70	55	88	12	71
96	28	81	82	43	91
16	16	16	94	70	40
98	31	63	31	65	31
34	35	54	95	49	58
18	14	18	18	42	45
8	100	18	48	90	65
97	66	12	1	26	44
9	19	10	10	10	77
25	90	10	10	52	10
16	7	89	7	7	12
20	20	20	84	68	36
50	45	50	50	65	8
48	48	48	98	41	66
47	74	3	91	68	28
42	89	86	39	66	61
70	49	67	42	97	90
5	10	7	10	56	10
23	70	51	63	98	23
77	88	78	51	36	15
56	99	5	87	88	62
96	35	8	4	92	52
45	78	22	45	68	45
63	67	41	78	53	39
41	87	61	44	80	90
21	50	50	50	78	59
68	21	17	21	99	21
29	36	81	67	29	38
58	16	5	96	91	80
8	79	28	56	22	92
65	91	38	35	74	77
92	100	77	42	93	83
18	56	5	76	9	46
40	52	56	26	87	50
8	90	12	47	98	61
9	80	9	51	85	9
90	12	49	87	90	11
31	16	8	91	48	1
67	83	76	40	18	29
80	36	97	50	57	3
90	12	12	8	12	32
33	41	7	53	97	68
76	75	77	56	19	61
11	48	58	27	27	27
18	4	18	63	49	18
9	97	52	43	84	48
57	68	8	48	83	15
70	38	57	22	38	38
99	11	32	37	45	44
81	27	18	20	66	84
82	75	94	1	56	41
41	27	2	96	37	13
53	65	99	17	89	96
43	86	2	9	30	95
73	18	1	14	53	19
35	20	77	35	4	35
77	38	58	51	2	30
24	63	13	62	12	82
31	93	78	45	2	49
98	86	86	2	31	98
19	55	19	58	48	19
14	46	14	4	59	14
85	100	41	85	69	26
55	21	70	63	91	19
45	44	53	11	42	84
4	32	32	63	32	41
21	98	71	78	88	89
33	33	72	33	4	81
14	14	49	89	14	77
27	27	27	21	78	6
54	49	50	5	3	96
95	58	84	82	54	92
74	22	29	3	16	33
11	92	61	62	56	78
3	62	47	26	77	60
28	11	9	21	35	45
57	58	95	12	14	55
47	83	62	22	72	71
7	44	11	72	95	22
40	40	61	21	40	29
58	8	100	4	8	8
2	9	49	55	52	98
32	15	79	47	37	47
3	70	51	52	3	3
42	38	12	44	31	85
93	68	38	79	12	90
91	41	35	72	51	74
59	35	35	35	83	86
1	69	79	25	88	31
86	1	61	3	71	35
25	69	4	96	11	78
16	91	10	56	28	71
26	8	26	26	81	7
7	11	46	37	100	81
2	92	84	34	13	18
52	6	22	61	96	62
28	46	97	87	57	94
3	3	3	30	58	56
84	87	17	43	39	84
25	34	53	62	56	85
46	45	46	46	22	4
24	23	64	56	30	52
51	81	19	56	37	92
31	1	41	20	78	60
74	12	60	23	64	91
93	36	10	69	54	63
45	66	61	45	56	45
49	29	41	64	21	30
1	34	87	58	86	53
46	73	63	70	62	4
6	68	34	29	47	92
59	33	33	35	33	3
39	34	78	44	93	41
92	67	60	18	34	22
73	95	20	30	24	4
17	89	17	16	61	17
48	76	8	62	41	27
97	55	60	93	86	77
16	31	12	81	15	24
7	40	34	40	40	19
10	41	7	10	26	10
68	38	82	64	95	66
4	79	19	4	4	77
71	33	70	18	65	66
87	46	43	30	92	3
73	99	59	100	42	56
16	40	65	80	66	45
2	31	77	13	58	81
1	90	1	27	1	87
20	95	11	28	34	81
5	96	5	49	5	68
51	63	29	47	84	92
28	7	28	45	81	35
75	61	87	53	20	80
28	89	24	70	27	53
96	41	99	35	94	82
11	21	11	63	64	11
18	46	7	21	46	46
57	46	92	66	39	42
8	77	39	39	94	39
75	77	11	67	28	14
65	4	22	34	95	96
42	23	58	46	41	61
81	19	73	3	85	56
32	79	76	41	56	87
82	60	78	48	13	83
53	46	3	46	46	82
21	62	30	29	9	75
7	92	85	17	70	55
7	7	7	96	39	74
100	69	88	8	9	44
41	2	28	68	86	75
5	97	65	54	56	63
10	34	2	58	68	56
35	60	56	54	25	42
34	87	58	92	22	45
50	26	29	25	54	77
86	39	83	49	64	19
46	83	50	55	16	52
19	26	30	46	51	90
55	53	53	4	69	11
91	37	38	67	33	73
65	48	70	75	72	26
62	64	15	74	46	21
97	53	9	50	24	61
65	25	78	36	9	46
88	46	37	84	48	7
41	8	78	8	96	8
39	56	42	97	49	77
55	49	19	19	19	72
63	2	44	31	74	63
55	82	47	91	46	92
91	96	91	1	16	59
73	91	61	33	44	30
24	79	24	97	24	22
75	3	3	96	47	3
74	25	51	46	99	95
8	86	88	87	72	8
20	46	43	53	24	32
47	52	47	47	38	14
54	49	49	49	35	89
30	56	57	15	91	84
48	92	12	48	71	48
35	4	60	35	35	68
46	22	81	31	16	32
20	29	45	64	35	32
65	59	28	10	27	11
79	17	35	75	60	96
60	9	70	95	69	75
25	39	5	4	88	8
49	32	49	49	52	86
44	18	32	9	47	70
2	36	49	37	16	74
39	85	39	39	5	20
99	87	1	98	82	31
72	92	18	96	97	64
2	76	94	94	90	87
34	12	59	76	61	94
47	47	91	21	44	47
42	82	99	42	42	19
54	23	40	25	74	53
40	32	6	98	32	17
33	18	33	78	85	33
36	36	36	2	31	37
18	18	18	11	88	87
82	1	1	9	1	20
91	26	52	87	2	2
54	22	68	70	63	84
54	80	12	44	46	80
47	13	33	92	20	59
65	32	32	73	32	19
4	52	4	53	58	4
57	97	84	94	47	25
16	16	16	83	61	56
98	71	35	35	35	25
37	40	37	37	74	27
7	84	89	71	84	26
66	69	42	64	57	61
74	84	74	78	83	81
51	31	72	33	71	19
47	18	30	46	58	88
97	10	96	6	6	26
33	13	21	74	11	82
9	12	8	93	4	51
93	31	75	76	81	23
63	76	10	27	10	10
13	20	53	13	13	82
25	77	14	2	95	90
44	19	29	29	49	29
65	34	43	37	32	17
67	24	24	24	44	26
60	79	18	34	95	6
29	99	98	30	20	65
36	11	11	69	94	89
21	21	75	61	78	21
84	51	70	35	18	58
43	1	7	34	97	52
16	88	26	39	26	26
32	95	63	75	3	60
32	74	84	60	68	25
89	21	5	64	9	77
49	70	49	49	44	7
59	47	29	47	58	47
34	34	77	54	18	34
80	34	59	38	9	72
23	68	99	15	85	97
64	51	56	31	66	18
22	60	14	16	9	43
6	91	39	84	73	92
14	39	86	37	34	14
57	64	46	34	44	8
12	29	29	29	50	63
32	12	69	53	96	1
2	2	2	46	89	32
20	92	17	37	42	42
49	45	66	58	1	89
26	51	85	17	35	28
19	70	69	50	99	86
48	18	18	17	99	18
37	76	86	30	66	21
39	67	18	46	48	26
82	37	32	39	21	46
45	44	9	53	11	34
35	18	85	38	90	52
89	31	62	18	51	69
90	82	72	65	24	4
64	4	45	90	72	46
41	78	85	47	100	46
74	40	58	15	98	45
87	84	17	62	37	19
86	20	54	20	85	20
20	39	67	21	91	94
75	71	8	8	26	8
25	25	39	90	16	25
66	54	4	14	49	47
1	16	43	1	1	36
18	53	12	97	74	21
12	29	69	61	38	53
64	96	10	81	10	10
1	5	1	27	26	1
33	94	4	60	33	95
71	92	83	20	100	46
54	86	23	46	3	38
2	81	48	81	77	96
1	27	6	79	88	8
20	57	20	25	95	20
55	85	59	71	73	84
83	46	16	54	82	78
99	72	86	67	83	28
43	48	27	56	18	11
21	21	17	47	21	35
15	7	61	61	94	50
90	67	42	91	39	90
89	70	74	16	95	52
8	31	80	71	35	2
52	40	6	40	7	40
73	86	23	23	23	19
42	28	28	28	5	95
26	67	78	64	6	61
95	98	82	71	95	63
1	57	64	88	91	22
24	3	90	28	14	75
85	34	32	44	72	77
36	5	5	61	74	5
86	50	32	58	7	81
20	45	42	54	42	42
37	6	6	11	8	49
58	100	98	32	65	34
85	21	2	14	90	78
97	23	46	3	82	100
50	16	87	4	9	46
83	84	52	98	57	4
19	42	19	62	19	97
25	25	52	58	16	67
46	43	36	68	81	47
26	26	93	26	44	33
2	73	37	37	37	42
51	25	33	16	28	58
34	69	39	49	55	19
23	36	23	23	66	30
46	36	36	73	7	36
78	81	76	19	97	79
35	66	71	30	22	47
60	18	34	55	16	46
18	25	16	16	16	90
28	70	13	9	61	10
94	9	25	65	84	24
57	95	68	45	89	65
74	43	69	43	32	43
27	72	70	65	56	17
5	5	56	92	30	5
73	69	27	87	63	91
29	74	98	29	100	29
90	94	8	95	4	87
23	61	59	99	3	55
20	20	20	58	34	74
90	3	3	87	3	22
39	94	39	42	39	77
45	45	80	45	49	38
89	50	50	50	17	87
83	41	66	67	22	37
84	77	94	75	52	84
74	50	1	48	59	100
93	3	44	7	52	73
29	74	88	29	29	49
25	70	90	32	32	32
4	96	29	9	25	59
29	49	29	29	85	10
94	31	82	99	3	47
72	5	30	66	30	30
33	21	33	20	33	71
1	1	1	77	88	21
46	32	32	61	32	48
73	18	4	88	71	5
10	65	20	84	63	28
8	8	77	26	8	97
67	44	14	31	62	20
47	19	67	88	25	15
5	48	86	36	96	78
11	14	86	42	74	80
64	21	15	16	53	41
100	12	94	28	54	69
1	70	82	46	78	24
21	21	79	80	21	4
26	79	42	26	94	26
46	48	46	43	69	46
30	19	23	27	68	67
35	63	68	35	66	35
31	43	100	31	13	31
96	11	11	11	73	9
54	92	27	24	37	83
13	32	86	24	86	49
47	85	77	42	5	62
86	53	73	47	63	38
54	30	32	26	24	48
22	58	1	37	75	75
10	33	62	3	53	52
99	22	67	47	39	60
20	9	74	27	70	64
95	38	43	44	75	56
49	29	49	64	37	49
1	28	70	50	92	88
67	17	59	9	47	75
86	87	25	82	6	63
95	79	19	89	4	15
5	82	9	78	8	1
35	90	80	22	59	32
84	73	31	4	3	95
22	77	58	62	71	99
87	40	66	4	60	16
31	65	59	31	45	31
97	5	24	5	49	5
2	44	2	79	2	96
97	88	65	83	1	30
3	59	3	30	3	84
27	99	76	27	27	93
46	39	30	41	75	35
46	46	46	12	94	15
47	9	84	13	81	45
26	16	7	16	79	16
79	15	7	53	33	75
76	45	12	71	69	17
14	49	88	49	49	61
92	83	72	87	58	26
44	19	1	65	59	29
48	90	86	82	24	66
37	56	86	46	17	9
77	64	87	44	91	91
42	40	40	39	40	58
10	70	10	56	69	10
7	99	86	64	31	94
41	41	56	42	41	65
30	21	92	18	34	68
45	47	75	53	51	67
41	19	10	88	41	41
4	86	50	61	55	34
39	12	5	50	72	21
3	10	3	80	54	60
25	18	8	12	25	25
93	42	64	17	81	53
58	2	34	56	40	61
100	10	89	22	31	57
72	39	36	12	65	67
4	45	43	93	90	16
5	93	96	41	69	16
12	87	35	80	23	65
55	65	69	36	7	11
36	58	64	77	36	36
89	1	89	36	93	19
16	38	38	46	38	53
72	21	32	82	52	41
11	49	50	84	49	49
15	15	82	76	12	15
97	51	30	30	30	84
18	85	67	32	42	41
97	44	79	49	52	4
76	44	22	51	14	97
67	69	59	78	46	81
56	73	35	59	54	2
98	96	21	90	6	11
10	62	89	99	14	87
67	58	47	31	33	17
56	94	25	86	91	86
14	6	8	13	11	31
75	69	40	40	40	57
5	10	30	10	36	10
35	35	42	92	57	35
77	98	26	7	93	47
76	3	39	91	29	47
80	36	48	71	36	36
70	20	52	97	9	38
35	29	67	24	10	42
62	22	5	94	48	34
66	24	52	86	15	65
36	78	54	51	39	49
11	60	85	37	41	88
52	45	65	10	45	45
19	19	23	81	19	33
6	88	86	3	45	61
80	5	25	42	10	25
10	47	7	55	39	85
44	88	21	47	33	79
79	97	30	84	40	68
13	79	96	52	71	13
5	94	93	18	26	33
72	74	98	32	11	85
79	90	77	39	56	75
51	58	73	71	26	45
38	11	89	10	39	4
80	1	49	49	43	49
59	65	51	20	37	65
49	30	28	49	49	93
47	3	89	62	76	99
94	61	49	49	15	93
97	60	30	64	70	5
49	25	53	34	49	49
47	28	4	75	2	39
82	50	62	50	39	50
48	7	6	48	48	50
58	15	8	15	15	24
17	58	81	17	16	17
75	98	36	32	54	97
60	1	41	1	1	31
98	41	20	3	13	45
71	42	43	32	65	23
28	57	3	76	36	27
70	81	56	72	40	8
35	46	34	5	52	66
16	32	54	48	42	90
47	47	53	47	89	46
8	53	8	8	13	76
84	86	76	29	63	40
69	8	93	99	52	21
3	26	67	64	86	25
88	61	23	86	37	82
41	36	79	36	36	21
86	44	44	12	78	44
17	53	17	17	87	14
29	89	29	97	9	29
16	14	14	78	14	71
75	5	37	44	51	81
25	73	25	11	31	25
8	8	40	8	1	71
24	31	96	47	52	84
13	19	77	14	78	48
18	53	44	30	29	14
34	29	98	71	29	29
100	79	95	58	13	39
27	29	75	10	37	70
14	70	78	28	28	28
12	91	59	27	87	18
94	8	41	68	47	29
5	76	69	36	68	42
65	55	3	42	60	96
94	84	87	83	41	77
33	59	25	25	25	37
8	50	8	30	4	8
4	4	58	37	1	4
42	73	17	42	87	42
36	36	36	94	2	83
66	97	47	93	78	37
88	39	87	12	99	91
24	40	40	11	40	99
18	11	30	11	11	51
27	53	27	27	95	34
97	28	57	8	47	30
21	25	3	49	71	100
39	89	87	87	4	62
26	12	24	57	98	48
37	83	37	72	94	37
47	38	5	48	99	19
82	73	90	29	13	20
48	12	63	63	99	51
13	64	59	91	7	75
18	67	77	84	95	23
99	33	3	38	17	77
11	40	95	56	11	36
26	96	50	1	47	49
70	22	42	74	95	29
36	84	80	40	89	20
85	11	45	23	66	79
68	29	50	55	69	39
97	12	95	12	51	21
21	21	11	16	14	21
18	51	25	7	7	7
12	12	17	12	5	93
9	3	3	3	29	88
65	94	5	60	22	65
21	47	51	2	3	1
51	12	52	12	51	9
51	17	17	17	43	9
75	16	24	65	4	35
55	35	75	54	69	82
75	54	37	63	37	37
26	19	27	47	38	32
80	96	20	90	77	76
97	17	49	28	48	23
20	52	32	40	20	39
49	10	49	94	49	25
3	31	1	46	91	24
4	85	38	38	6	84
58	33	18	57	29	36
37	37	37	15	20	100
91	4	96	87	71	60
61	55	22	13	16	29
48	7	99	84	48	48
68	17	58	17	17	73
28	19	28	28	49	10
80	39	41	92	13	60
29	84	96	40	83	22
16	28	28	71	17	28
86	78	93	86	56	44
34	75	34	26	34	74
10	78	37	69	8	61
46	59	100	40	100	87
37	83	37	37	56	16
6	11	11	14	11	66
51	41	82	48	41	41
12	64	81	32	86	24
93	60	12	44	89	34
97	60	18	77	4	31
33	33	98	85	58	1
64	64	41	6	100	53
64	92	63	76	74	91
49	31	49	54	49	87
83	35	79	40	31	30
92	100	7	17	92	15
49	38	73	92	91	72
90	41	88	89	80	98
18	94	19	56	95	60
93	5	48	4	5	5
3	22	96	22	22	28
40	25	55	79	90	72
49	31	74	47	31	81
54	90	60	26	1	26
97	18	97	94	76	90
83	88	75	89	26	1
78	100	35	58	43	81
10	47	75	24	99	55
39	39	68	3	19	39
19	24	28	41	54	9
57	13	80	11	92	8
64	60	81	79	6	51
82	78	27	27	27	67
71	55	41	25	91	11
20	64	67	32	22	21
93	51	6	86	62	11
5	13	56	75	17	1
86	71	12	40	43	100
88	94	72	93	35	2
42	71	80	69	68	31
69	51	90	75	63	73
85	58	4	4	30	43
21	9	56	62	20	97
88	21	94	18	85	94
26	100	76	36	52	38
64	83	6	99	45	81
44	82	89	85	58	63
8	76	82	67	87	72
45	40	4	35	19	29
19	24	24	43	24	11
45	65	22	22	62	9
86	59	97	97	36	10
11	23	92	3	3	3
56	44	44	81	62	93
55	38	73	38	42	38
86	7	91	82	54	83
3	11	46	35	57	91
44	44	25	69	44	2
62	18	24	71	96	71
19	31	37	20	44	31
30	6	20	52	45	52
64	42	24	82	24	24
89	54	54	97	5	61
31	18	94	32	80	81
91	86	76	59	81	19
41	95	74	50	79	22
29	42	97	57	42	42
83	40	30	20	7	82
44	70	15	95	92	4
82	18	89	4	40	78
56	18	53	20	33	57
13	83	11	4	89	10
44	44	83	44	37	58
4	29	1	44	83	59
24	10	54	35	24	24
80	11	88	16	42	89
7	6	80	90	90	27
41	22	74	25	6	54
49	7	31	7	7	66
9	21	7	23	99	99
75	35	11	27	53	62
5	69	12	29	58	10
85	97	48	52	22	36
90	87	39	35	69	35
86	26	51	80	95	59
60	39	57	92	94	24
44	45	35	98	8	100
23	93	88	8	24	50
81	13	23	1	51	1
73	45	88	4	60	16
4	95	35	4	4	94
26	98	16	16	38	16
98	34	75	62	61	74
3	99	73	82	92	21
20	10	20	50	48	20
15	13	63	34	61	72
6	14	14	41	57	95
25	95	46	25	56	25
61	33	33	54	100	33
60	42	84	42	42	92
29	4	33	57	96	49
77	17	81	63	2	28
25	6	51	6	28	6
42	50	16	83	49	89
100	53	12	37	65	75
26	36	46	33	26	26
19	34	16	12	52	70
3	36	7	36	70	36
3	55	3	52	3	4
72	26	4	76	31	63
2	100	61	89	89	63
20	10	85	96	77	18
15	98	8	53	72	37
54	84	47	88	12	49
20	11	35	90	60	55
79	53	55	1	16	21
54	22	66	42	19	95
99	10	27	10	55	10
10	98	10	10	69	59
27	48	55	65	31	64
77	1	25	66	51	81
58	99	25	2	40	11
25	63	57	75	87	20
72	44	47	6	41	56
1	81	69	51	86	2
75	85	30	25	7	74
70	35	30	80	27	84
49	83	87	61	76	91
20	63	86	62	20	60
5	20	50	40	84	64
74	52	37	99	70	89
37	60	53	85	45	47
32	15	45	25	68	25
82	73	45	14	61	30
76	48	48	90	19	48
49	16	65	37	31	100
15	77	18	80	27	72
6	82	76	33	91	18
98	9	7	100	11	64
4	97	4	75	4	23
46	21	72	51	19	10
18	15	82	99	86	58
55	26	71	98	51	56
33	91	33	45	40	33
59	59	47	98	76	95
28	61	49	6	62	71
74	3	10	6	10	10
44	44	44	90	61	72
44	97	44	44	12	66
73	41	29	29	29	88
38	54	86	27	27	27
62	59	95	40	52	69
77	39	60	35	80	61
18	18	56	21	6	18
31	68	64	72	2	90
30	42	23	42	42	79
54	24	13	93	65	31
65	29	91	62	88	84
1	84	32	93	69	77
2	63	66	2	94	2
79	1	96	81	26	88
84	13	18	18	46	28
63	72	92	21	51	6
84	2	34	99	2	39
16	16	18	45	38	16
43	93	43	14	61	43
39	64	39	39	85	90
89	31	59	31	88	31
1	19	8	8	8	32
34	73	39	48	37	61
24	52	55	24	24	6
40	70	40	96	40	98
40	63	40	40	10	75
30	73	18	72	32	26
88	57	35	94	62	84
84	91	42	68	60	83
20	34	46	48	67	64
33	33	94	25	39	33
4	24	52	20	25	28
19	23	72	39	10	43
45	9	64	79	96	12
66	61	26	18	87	82
6	70	19	60	63	61
9	87	42	57	48	31
75	41	41	85	41	20
63	54	23	23	16	23
29	32	97	63	68	47
47	11	11	98	93	23
72	1	9	84	3	100
95	99	69	64	87	54
61	77	66	37	68	3
58	85	15	47	47	47
97	15	70	68	35	60
8	85	88	47	82	44
8	45	20	29	49	79
45	58	34	86	41	87
97	44	81	33	52	58
29	17	97	86	73	93
2	2	2	44	43	59
99	13	91	13	13	2
73	87	10	7	65	46
1	12	19	23	68	35
82	90	13	96	6	3
13	47	86	98	45	74
25	25	40	11	25	31
90	77	41	15	99	84
100	45	59	26	73	19
5	48	5	5	72	77
5	65	61	44	79	42
57	83	34	21	64	82
84	84	61	87	53	22
46	6	85	74	73	34
33	26	43	39	70	95
46	46	4	46	8	69
18	31	27	20	100	72
60	86	50	56	77	17
6	95	81	70	29	65
70	65	39	39	77	39
76	60	53	70	46	2
100	89	31	53	7	42
91	53	72	64	61	25
20	95	55	72	45	37
54	72	62	1	74	95
49	60	66	96	74	26
52	46	90	43	74	54
94	69	40	94	43	95
61	16	23	100	16	16
55	17	65	70	56	35
52	54	65	83	46	90
83	17	39	18	30	98
81	56	32	20	58	78
39	43	10	43	43	33
49	83	18	18	52	18
36	30	10	39	43	29
92	61	29	14	6	65
71	1	91	25	51	63
49	18	10	44	83	67
5	81	9	32	64	90
15	77	15	15	23	94
76	33	25	74	83	61
77	42	49	24	32	15
8	20	61	79	39	76
68	22	97	77	84	17
70	50	22	22	53	22
8	87	51	45	18	96
27	54	94	4	75	72
13	30	26	13	22	63
24	59	17	65	11	24
21	49	46	46	46	81
29	47	4	62	1	46
28	11	58	2	30	69
64	28	41	99	53	95
20	63	94	83	53	72
57	5	46	68	49	49
75	3	77	48	23	42
3	83	94	31	3	91
88	17	10	74	58	82
12	66	46	12	12	52
88	73	95	3	100	7
71	31	38	94	84	64
100	30	14	14	26	14
19	62	94	87	85	8
53	27	26	25	6	40
93	8	98	100	57	86
65	23	23	13	46	23
33	33	34	96	33	59
34	96	41	9	15	71
2	47	90	14	95	84
94	4	23	23	23	78
75	79	36	42	66	8
42	10	30	8	18	11
35	6	66	86	1	40
95	42	55	26	22	94
32	32	97	95	32	65
9	14	9	76	84	9
56	39	99	76	58	12
37	26	75	37	37	85
10	29	27	10	10	20
72	44	62	9	69	41
31	95	28	3	50	57
26	26	81	52	21	19
39	50	24	69	41	2
7	7	77	13	65	7
70	43	14	46	42	51
33	79	52	37	84	95
13	35	3	26	32	27
69	56	33	41	96	50
44	31	2	91	31	31
34	14	100	14	32	71
9	18	80	18	18	88
74	43	100	25	48	80
72	57	6	49	85	38
4	31	34	71	34	34
67	29	97	19	11	40
61	94	11	77	81	21
24	57	67	56	62	52
1	40	96	97	49	47
44	84	77	34	76	12
7	3	99	16	37	72
43	10	38	10	69	10
80	35	35	73	35	84
80	90	35	37	42	37
63	59	36	49	49	89
18	52	11	29	3	100
24	62	64	21	16	12
9	94	82	99	95	5
49	5	22	67	35	49
11	49	23	4	13	73
4	1	25	92	93	19
56	34	100	27	52	58
32	81	62	14	52	94
56	58	100	91	22	65
13	2	85	45	30	38
26	14	64	62	79	99
39	49	39	44	39	15
26	40	59	84	36	41
74	45	44	43	93	73
6	51	57	96	11	44
72	76	18	20	58	30
85	54	41	96	72	67
81	7	79	40	25	95
77	20	12	20	60	20
16	37	33	59	74	100
4	31	22	22	41	22
55	94	9	66	14	3
88	10	31	31	31	9
70	16	100	52	100	79
13	33	78	49	17	54
69	53	65	57	7	23
35	67	88	58	85	58
85	12	33	91	55	74
4	52	81	15	63	16
53	91	3	2	60	2
79	33	77	70	87	71
66	98	42	18	76	82
95	42	12	63	1	4
58	11	2	82	42	68
2	21	10	21	51	21
49	49	63	57	49	86
82	32	61	65	69	34
18	45	77	18	59	70
62	6	68	63	50	21
26	64	11	27	35	26
60	50	5	21	89	25
83	41	97	36	61	61
94	93	14	10	22	60
77	25	25	28	87	25
50	56	47	65	86	38
14	14	14	61	34	94
16	54	60	32	32	52
31	2	75	31	29	31
39	11	4	9	83	45
83	26	80	93	49	17
99	42	42	42	17	76
47	47	40	47	11	23
44	97	95	58	80	91
46	56	80	100	64	23
25	25	67	40	99	25
98	34	99	75	34	34
37	48	8	71	45	36
27	58	35	21	27	27
12	49	12	12	72	60
57	10	35	71	6	97
58	29	29	11	29	78
48	11	99	27	13	83
5	54	49	57	49	49
21	21	61	21	5	66
73	28	47	70	86	80
45	45	76	53	68	45
63	40	88	97	47	48
32	38	32	24	63	32
14	84	14	49	14	66
60	38	100	68	37	18
74	13	13	36	13	66
22	33	80	85	98	96
81	78	78	2	48	46
43	45	16	45	41	45
47	80	71	67	55	39
9	88	32	45	51	74
8	16	88	30	49	88
86	77	40	100	49	82
74	37	92	14	23	3
32	32	23	58	32	55
15	51	3	3	3	5
87	94	93	50	66	79
74	79	28	45	84	61
2	93	49	22	2	2
38	2	24	7	73	72
36	50	15	27	49	6
20	88	75	75	38	79
60	57	23	16	75	33
17	83	56	26	57	59
20	69	71	67	89	49
38	38	24	38	4	93
31	13	36	73	31	31
69	48	48	48	65	32
95	33	96	60	72	10
71	92	80	10	76	66
45	34	17	11	14	67
96	41	11	49	10	6
8	98	8	78	58	8
100	18	6	77	89	81
96	37	56	7	34	95
71	54	71	51	82	59
21	82	51	94	53	15
76	92	6	38	85	18
38	38	28	38	18	36
18	52	31	27	27	77
7	7	45	39	14	7
96	15	59	31	62	85
48	16	23	48	48	22
28	87	17	34	32	62
67	26	35	35	58	35
37	48	39	48	16	48
22	1	1	1	78	30
100	64	83	84	93	2
36	78	34	86	18	67
74	30	91	30	11	82
9	38	47	49	47	47
16	29	76	69	53	84
68	27	69	99	53	95
63	93	86	63	56	21
55	18	18	12	18	47
45	66	6	6	6	91
29	8	93	65	72	97
22	22	37	22	11	91
17	42	19	50	95	9
7	43	52	73	82	16
46	55	21	80	46	46
6	90	49	28	49	69
99	90	87	1	25	64
32	39	3	28	49	45
16	16	16	60	85	46
36	52	91	54	99	72
38	33	33	33	41	23
30	61	7	83	69	32
26	2	14	74	28	86
100	55	57	3	63	23
34	2	48	51	93	51
27	33	57	75	60	89
14	5	28	67	74	7
60	71	13	54	77	88
17	19	3	62	14	19
48	1	35	94	87	53
30	40	85	65	4	84
68	76	1	92	6	29
5	5	5	1	45	94
8	50	9	98	53	67
40	18	90	67	77	75
37	98	31	3	64	7
35	37	98	33	78	88
73	66	21	51	81	73
78	90	37	1	93	32
33	90	78	56	85	34
21	10	96	32	49	30
26	53	72	6	94	44
74	91	43	37	28	13
38	12	29	37	37	37
42	85	83	5	48	8
44	28	61	58	37	80
8	26	53	22	22	63
37	43	31	63	38	76
89	82	76	71	61	85
2	35	27	28	27	27
35	39	93	71	69	99
2	72	93	38	95	66
74	74	60	16	24	24
57	69	7	66	92	21
79	41	42	91	86	8
16	59	25	73	56	9
33	10	47	19	2	29
73	13	31	95	56	23
51	88	71	62	11	37
55	57	60	84	69	18
79	7	23	85	27	7
7	74	7	39	7	31
96	5	91	93	56	14
49	55	78	47	1	7
21	87	79	51	71	24
40	10	32	81	16	5
89	98	12	35	35	35
2	26	75	7	26	26
2	80	48	76	53	86
78	21	46	69	46	46
92	93	1	67	26	13
85	15	15	15	3	84
26	26	26	19	45	88
16	92	38	16	5	16
42	1	79	69	33	25
77	11	34	65	46	77
81	94	91	48	17	78
10	70	10	10	74	28
70	67	21	50	61	34
63	86	100	37	11	42
23	57	94	46	48	23
3	73	50	85	32	77
38	61	64	67	81	73
26	11	75	6	44	29
72	70	77	28	88	58
2	73	35	88	52	10
28	10	68	10	10	22
35	20	72	52	35	35
95	17	17	97	17	49
83	78	100	53	87	14
25	23	27	10	3	91
92	88	91	68	73	81
67	92	63	24	66	53
5	93	42	33	44	87
27	22	88	76	44	96
70	100	65	23	68	13
58	91	46	23	8	95
11	30	11	90	57	4
9	40	89	76	85	95
93	69	84	60	25	31
14	21	81	100	23	70
70	32	98	52	10	93
54	65	76	46	31	55
61	30	97	35	35	35
27	27	43	27	79	4
49	62	49	49	76	96
26	33	20	100	67	8
56	17	49	75	14	70
72	84	33	71	38	67
42	31	27	27	27	85
49	42	81	13	76	83
33	11	79	95	37	7
85	23	84	68	87	2
100	18	13	27	13	13
80	44	23	76	96	57
95	56	48	18	56	65
55	21	57	50	40	31
42	22	73	42	42	80
76	73	81	27	55	83
23	30	12	41	1	34
31	13	94	70	53	5
31	46	14	67	22	57
34	6	86	53	20	14
5	57	5	5	77	58
89	61	38	38	87	38
73	39	65	63	79	90
52	65	89	34	33	2
39	36	8	96	94	73
40	75	46	79	69	44
56	39	91	67	30	59
22	5	29	5	86	59
41	82	6	27	18	92
53	49	10	52	90	76
81	1	11	92	32	67
56	5	87	24	58	86
37	99	26	65	37	37
26	57	38	34	20	78
15	43	1	83	68	5
58	3	63	3	3	16
26	42	42	15	34	42
3	93	4	17	83	1
76	20	96	94	3	14
38	12	38	48	38	1
32	32	32	41	98	62
27	5	24	28	26	53
48	48	54	23	29	48
15	16	100	19	3	19
39	10	25	39	39	74
9	83	76	66	78	43
5	68	13	65	75	14
10	44	1	100	97	46
33	10	48	52	69	43
37	40	10	40	51	40
44	6	18	51	55	3
98	26	88	80	15	59
71	48	59	38	83	45
69	86	36	92	12	11
66	79	13	92	48	63
55	65	15	88	69	76
68	91	6	95	6	6
9	63	64	16	44	48
59	43	28	13	1	38
12	12	9	76	99	31
71	49	97	71	14	85
34	34	35	34	55	96
24	62	31	71	84	29
21	54	8	30	47	20
15	17	31	81	89	55
40	77	18	32	60	73
47	22	87	15	8	33
63	70	9	29	17	24
52	97	88	29	42	94
85	35	75	21	73	47
10	40	40	8	40	1
58	44	22	12	37	39
7	7	7	76	55	73
22	33	19	8	79	14
71	8	13	4	66	63
95	69	53	82	14	75
11	29	11	11	51	61
33	38	12	33	33	96
26	27	26	26	83	39
81	84	83	57	39	21
47	26	87	60	54	32
66	21	20	19	41	19
54	15	66	8	10	47
20	12	31	69	26	5
85	1	1	26	93	87
58	35	98	31	81	13
4	52	4	41	83	4
12	82	12	12	41	30
99	5	62	22	80	42
8	11	10	10	16	10
66	18	68	23	47	52
49	30	1	30	30	77
14	22	20	81	52	71
49	46	35	17	91	77
64	77	83	39	33	29
53	43	20	90	94	24
56	15	14	26	60	24
83	51	37	7	37	43
12	70	2	25	24	33
22	2	33	33	82	33
17	38	17	17	42	15
56	32	6	23	76	87
46	47	46	46	18	55
38	32	23	33	59	58
26	2	63	12	50	83
1	100	70	48	38	94
23	76	56	26	75	6
73	43	22	85	73	13
42	25	32	95	69	67
98	95	30	97	99	56
48	63	43	67	98	80
92	6	87	93	27	57
28	28	28	99	81	17
38	38	19	18	38	68
29	32	32	85	32	92
79	10	80	46	10	10
98	63	23	93	73	18
78	41	11	46	11	11
11	11	50	11	18	81
60	47	1	47	47	90
6	6	62	6	99	36
81	65	23	15	15	15
27	30	17	32	32	32
2	3	45	2	2	10
46	46	93	64	46	79
88	81	2	48	29	55
58	19	13	60	50	11
6	9	6	93	53	87
28	34	61	14	79	37
52	39	4	62	63	85
36	30	53	61	43	41
53	30	86	34	4	65
100	15	26	15	15	10
69	57	79	33	8	82
57	14	60	11	39	56
18	62	36	60	92	27
18	18	81	95	91	18
13	29	32	71	13	13
86	62	15	25	31	45
42	40	58	42	45	42
82	37	63	84	37	40
1	25	91	35	35	35
71	5	83	88	2	69
55	47	60	37	19	11
47	50	26	50	50	45
96	55	66	41	15	22
92	33	33	51	33	81
18	18	18	54	14	84
50	69	76	32	12	14
28	88	21	42	92	56
3	41	56	12	48	71
58	53	7	1	1	1
72	46	77	62	18	73
26	18	89	51	47	23
44	8	94	33	2	38
6	70	12	44	24	47
25	57	25	25	56	72
34	95	17	72	34	34
60	39	7	51	18	76
11	55	48	24	35	77
49	44	57	12	82	17
57	13	49	95	49	49
91	87	73	4	72	3
88	14	65	23	95	8
22	49	4	22	22	56
97	68	24	83	10	41
36	66	55	49	36	36
71	53	47	27	57	47
13	78	60	93	81	47
95	19	85	50	45	14
12	89	76	26	70	63
89	10	87	91	21	63
8	8	10	8	96	44
4	4	29	53	88	4
86	48	48	97	48	95
67	96	7	14	84	18
1	16	77	93	38	59
33	33	50	40	33	25
8	1	8	22	11	8
64	43	43	61	43	48
84	25	25	92	93	25
37	17	37	86	37	42
96	10	87	63	7	84
16	76	61	16	16	38
62	2	29	77	53	12
25	32	32	65	80	32
39	27	82	83	71	35
30	33	52	80	63	65
98	38	4	64	38	89
87	86	7	32	83	23
1	71	1	35	1	33
38	99	60	81	73	73
17	67	91	97	81	71
73	43	69	51	10	100
80	59	88	47	33	11
61	31	18	42	18	18
86	1	2	23	86	99
31	37	37	22	37	91
16	16	68	16	86	48
25	42	42	42	29	38
27	97	100	33	40	98
5	88	60	40	3	29
8	44	8	8	72	20
70	85	44	44	93	44
42	83	14	30	99	95
68	17	65	17	18	17
94	73	94	10	55	82
85	22	19	62	84	65
82	99	77	86	9	41
72	90	73	30	77	53
71	82	83	3	86	28
27	50	22	47	10	38
85	61	61	43	46	29
10	13	2	22	13	13
36	40	6	95	1	22
96	58	23	97	70	78
1	92	35	54	31	35
72	61	18	73	29	58
4	56	78	23	91	53
42	18	65	87	76	60
31	94	70	46	15	87
84	98	36	51	98	95
75	29	25	13	78	20
8	15	92	15	15	66
46	17	66	46	46	50
34	86	39	31	83	96
4	53	7	94	6	57
13	20	26	76	88	65
90	8	31	75	79	95
89	29	29	97	29	92
32	68	32	32	71	70
59	57	43	52	24	48
89	83	44	25	7	70
97	71	46	46	57	46
96	40	76	93	40	17
6	30	37	45	81	97
63	39	35	63	5	93
44	55	34	81	71	96
13	97	15	27	27	27
78	29	57	95	54	80
1	20	89	87	5	94
94	49	48	66	61	3
7	89	70	49	49	49
96	39	67	74	68	76
23	54	1	90	75	60
59	4	4	4	19	3
41	11	4	11	79	11
20	96	3	89	74	27
74	27	48	17	24	44
21	32	89	100	85	93
75	44	36	36	5	36
13	91	29	30	2	14
16	1	1	1	39	26
61	6	85	6	89	6
59	35	9	16	50	44
62	17	46	57	41	49
20	93	61	88	3	19
50	50	50	37	78	51
79	36	43	9	43	43
81	85	91	79	28	68
21	7	84	7	45	7
36	90	67	100	7	51
48	65	63	83	97	70
1	70	57	77	18	54
84	56	92	62	1	61
57	56	26	92	39	50
51	30	86	30	30	63
62	18	82	77	19	73
87	6	7	72	99	29
52	83	95	24	42	10
72	38	73	30	73	72
98	73	81	5	49	41
52	6	64	67	65	67
72	10	10	10	18	7
100	46	68	58	18	40
11	29	1	41	17	55
1	5	83	5	5	74
16	41	45	40	45	45
78	59	20	57	28	99
95	38	73	77	46	68
81	85	9	13	35	79
48	21	48	48	2	88
26	26	34	82	26	58
2	90	85	4	34	40
47	75	47	47	58	25
51	53	11	69	76	100
37	55	69	51	40	39
53	76	75	4	25	17
60	95	38	82	34	79
14	13	54	14	14	57
43	43	43	2	10	48
17	5	17	85	71	86
12	40	57	12	12	46
23	3	23	16	23	89
21	58	21	9	74	98
58	83	76	6	25	76
28	22	28	9	40	28
90	67	6	97	22	89
57	56	54	46	15	23
99	39	60	51	18	73
94	92	64	37	10	81
63	14	77	77	90	45
23	43	47	21	75	55
19	10	75	56	10	10
9	76	45	45	45	54
34	60	76	12	13	38
7	97	20	53	27	20
23	23	93	69	70	77
41	22	14	43	22	22
33	33	97	33	65	81
75	34	34	13	8	34
60	99	91	23	46	37
100	52	35	37	57	12
62	71	58	44	58	14
85	26	62	25	66	61
10	32	45	46	53	39
100	4	75	67	5	37
41	17	74	48	41	41
73	42	51	53	61	53
67	81	78	51	36	5
5	11	81	68	45	80
65	24	39	39	34	39
68	49	89	27	15	6
67	21	50	50	89	50
18	18	18	60	33	36
42	5	5	15	76	5
25	11	25	25	96	47
17	31	73	31	31	89
34	4	4	44	75	4
17	18	27	87	51	95
22	21	42	22	22	30
9	18	6	38	41	100
50	67	51	50	14	50
81	23	22	83	15	69
99	60	97	66	52	80
42	15	42	57	42	99
99	16	29	16	13	16
24	51	75	8	70	86
28	70	97	51	11	60
30	94	6	50	67	54
68	8	25	63	67	27
3	75	9	55	58	65
5	77	73	80	5	5
10	65	12	18	54	85
71	92	3	51	57	60
77	34	11	10	31	82
32	13	32	10	47	31
17	85	69	44	94	60
6	33	50	83	6	6
62	79	20	65	93	23
19	54	1	92	90	74
2	25	41	89	23	69
2	17	35	35	96	35
47	90	28	23	72	90
56	47	47	72	4	47
88	24	94	32	66	70
53	93	37	29	7	98
59	27	3	2	70	50
29	86	54	100	92	55
38	17	84	38	38	29
17	7	27	90	2	95
54	46	31	19	4	79
100	33	78	94	17	80
59	52	94	51	67	3
10	10	34	4	10	98
10	88	76	28	76	87
85	11	14	23	10	96
11	20	22	17	69	17
75	32	62	33	98	24
10	85	25	82	12	26
75	85	45	65	37	23
24	30	4	4	4	76
44	70	72	35	76	44
60	50	56	76	38	84
16	94	22	73	16	16
42	8	79	8	8	91
90	73	93	33	91	5
1	11	27	11	21	11
39	6	54	68	18	59
1	20	83	42	54	34
34	34	34	19	26	82
84	5	5	66	5	61
47	7	10	57	59	40
61	77	40	27	6	25
37	60	95	57	59	30
50	65	48	50	50	11
2	40	50	50	50	53
76	54	81	20	50	67
55	17	19	26	69	46
55	63	81	87	60	23
86	83	43	68	69	50
55	95	36	4	25	42
96	14	39	81	4	30
15	7	45	45	45	81
90	60	20	35	14	91
16	85	56	34	94	18
37	91	8	8	76	8
60	52	56	100	90	10
48	20	91	93	20	20
23	92	24	41	89	99
96	33	19	39	83	85
71	12	27	58	48	99
17	81	83	12	22	26
47	38	76	60	69	100
97	37	75	59	19	67
72	44	55	44	6	44
21	19	80	15	88	3
72	68	39	39	49	39
11	89	12	77	41	37
80	33	67	58	4	44
71	39	35	38	30	38
38	97	43	43	43	15
64	93	17	2	81	7
42	60	31	42	77	42
31	71	7	83	60	32
22	76	33	61	34	19
75	56	19	8	12	23
54	25	92	64	7	54
59	10	87	72	23	57
78	68	23	71	47	56
69	22	1	83	89	99
39	13	39	39	32	56
14	78	7	46	38	75
81	20	79	31	76	31
24	70	9	7	9	9
34	48	10	86	47	48
94	35	34	81	22	64
35	13	70	13	96	13
19	53	84	71	20	52
17	30	96	81	50	12
9	11	85	37	37	13
51	50	42	81	98	92
45	2	45	45	70	43
13	66	16	49	99	25
9	68	50	46	56	82
46	36	92	26	34	30
29	24	85	44	66	75
68	39	24	51	96	41
9	83	33	93	44	69
56	63	40	58	23	74
2	10	4	14	76	7
55	9	66	54	70	5
29	33	3	75	10	84
17	54	26	17	15	17
63	51	44	91	44	94
67	96	77	49	39	74
68	78	79	40	62	33
3	69	74	35	44	44
30	79	100	91	98	88
97	31	43	81	78	11
44	50	62	98	92	95
66	55	13	34	77	50
72	63	82	37	61	34
84	85	23	37	88	91
20	20	28	20	96	62
35	82	63	87	8	7
50	78	50	29	72	50
71	84	76	66	82	53
3	29	11	72	85	60
51	54	90	98	75	67
23	63	34	56	94	75
59	89	14	36	36	36
56	48	27	74	79	30
68	54	46	32	41	8
11	30	79	94	70	60
42	86	11	30	68	24
68	80	27	42	60	43
82	51	6	5	34	55
6	37	6	6	14	75
97	10	15	68	10	10
45	41	75	71	35	42
53	51	8	70	8	8
47	98	33	97	93	36
47	91	10	10	18	56
45	79	82	63	78	45
66	43	58	16	86	61
41	12	41	41	81	61
79	44	58	23	18	16
34	11	38	12	34	34
28	10	8	74	64	72
41	9	46	21	12	40
32	2	2	2	88	48
58	58	52	86	18	2
67	33	95	27	28	11
91	53	49	87	27	48
63	79	44	39	32	76
6	66	50	50	74	61
15	55	61	92	74	59
37	79	93	40	44	26
50	87	78	60	92	76
46	61	98	59	91	72
52	14	7	33	81	29
98	93	58	96	65	27
88	31	6	83	90	68
58	56	88	46	40	3
48	35	78	83	70	62
91	27	27	27	68	29
44	40	51	71	49	76
20	84	17	84	82	56
25	67	4	75	64	37
98	29	42	29	7	29
100	29	44	80	69	9
85	96	3	28	9	19
100	72	79	98	28	85
50	66	50	65	41	50
68	87	56	21	100	35
57	95	39	66	78	74
9	33	18	43	43	43
2	47	2	73	2	25
12	36	12	65	12	87
62	25	95	26	24	36
63	40	73	5	23	62
45	72	45	82	45	80
20	75	10	57	20	20
42	13	27	7	23	74
74	63	84	81	40	3
5	74	41	41	68	19
54	86	5	22	55	82
69	1	74	33	33	33
3	7	3	24	3	72
66	1	24	99	24	85
55	43	77	59	38	43
79	50	50	42	17	50
79	38	81	15	38	60
85	91	76	82	71	44
44	24	52	50	22	44
49	27	12	47	72	75
11	41	11	95	11	94
15	15	54	37	61	15
52	46	68	93	30	61
85	17	25	27	24	4
47	81	55	95	71	38
18	18	18	20	92	19
19	19	52	19	74	29
29	54	22	95	89	64
43	42	38	61	96	3
75	33	62	83	34	60
70	68	33	31	88	43
49	30	8	83	33	79
76	30	7	24	86	52
96	57	53	43	16	62
57	57	76	91	45	70
82	59	17	8	55	19
58	35	35	82	72	35
96	60	19	19	85	19
70	86	66	85	14	1
51	9	89	78	37	20
20	39	65	28	7	44
24	46	46	46	45	18
74	86	95	69	17	38
67	7	19	8	89	70
85	75	56	57	58	81
73	44	44	3	100	44
98	89	34	99	93	84
28	28	39	5	28	98
8	69	18	57	71	85
87	65	15	48	48	48
31	90	40	31	48	31
31	8	10	8	8	84
21	21	59	21	32	95
54	9	37	52	84	44
93	22	14	15	77	76
34	27	29	27	27	66
8	46	46	13	26	46
42	91	42	73	42	79
10	21	49	68	55	60
42	77	4	30	4	4
48	13	47	47	47	26
74	29	61	66	74	84
49	57	23	9	45	82
73	35	61	20	60	75
87	20	42	78	61	58
47	53	20	25	48	1
32	33	24	26	33	78
57	38	44	92	88	36
37	21	16	21	21	2
16	8	53	77	26	18
36	8	38	33	72	42
42	34	43	19	34	34
15	22	25	25	25	95
99	65	77	30	69	2
72	23	69	3	98	37
22	47	75	29	50	26
54	1	28	1	1	39
76	35	2	3	86	25
32	20	71	88	33	81
19	35	50	77	39	53
8	41	41	56	41	89
10	25	22	71	4	2
61	16	44	54	61	27
69	91	29	8	94	37
98	49	41	17	41	46
53	84	52	51	87	44
27	32	57	98	83	56
41	67	67	67	91	94
17	86	57	19	81	72
24	55	9	49	72	40
84	23	78	79	44	11
36	45	79	6	27	63
45	47	18	30	36	50
33	87	46	31	31	60
40	92	93	47	76	51
2	53	100	1	47	56
46	9	43	93	10	3
41	77	50	75	41	64
2	11	91	79	70	26
21	5	91	21	2	21
61	74	78	59	22	50
90	60	11	76	8	27
56	51	57	100	38	31
30	95	73	45	44	33
81	52	41	3	50	28
28	97	70	89	80	46
84	44	88	81	52	89
34	68	62	23	7	21
56	81	9	84	73	83
7	96	43	12	41	64
14	26	5	14	14	40
99	59	31	39	31	31
49	7	47	65	27	49
64	62	6	89	34	98
33	47	64	87	47	47
46	76	15	46	64	7
47	8	64	12	24	24
24	24	38	68	85	24
4	11	12	45	87	87
53	66	19	21	17	65
21	95	96	38	98	87
30	49	49	96	49	86
94	45	50	91	46	44
5	5	14	5	45	83
92	43	32	2	2	81
30	3	40	82	34	87
93	47	80	43	77	36
47	42	96	61	42	42
10	83	4	97	55	29
7	85	80	7	7	44
33	66	87	33	33	21
41	20	99	56	68	18
51	81	84	51	2	5
39	96	39	57	39	94
32	19	62	20	20	20
100	80	53	9	40	83
42	68	16	61	11	14
2	71	5	5	57	5
26	98	70	83	91	64
53	6	19	6	6	65
41	41	17	8	41	74
60	57	30	80	42	61
3	67	89	3	3	86
43	75	35	54	23	99
48	37	37	23	37	83
16	16	92	25	42	16
98	53	100	83	99	82
45	58	48	99	41	35
73	7	89	74	1	57
26	62	90	66	29	15
28	28	76	28	43	32
24	79	17	21	21	21
42	3	3	72	3	54
93	75	47	73	12	92
11	94	68	22	51	72
42	3	37	62	37	37
54	85	73	17	7	33
22	48	83	15	78	11
11	37	35	68	39	71
61	94	41	45	17	85
13	4	34	76	20	100
51	79	91	98	24	37
76	17	2	10	60	21
21	58	21	67	21	36
2	11	31	86	71	14
95	13	9	79	11	15
6	6	56	50	55	6
43	39	57	81	61	19
41	19	89	17	98	91
23	49	49	60	9	49
61	96	89	27	40	70
42	96	74	32	76	100
32	57	66	27	64	55
58	70	20	70	8	48
76	15	86	23	38	86
53	52	16	88	64	79
85	42	58	48	38	21
77	93	51	4	37	78
21	63	90	96	9	65
34	37	56	16	12	70
85	56	61	18	45	11
41	86	55	16	60	61
78	50	46	26	46	46
55	1	12	61	25	86
39	22	32	48	1	14
42	77	35	66	60	18
22	75	69	8	52	14
16	10	99	87	19	81
23	30	74	52	64	42
22	4	4	4	40	69
74	18	52	21	82	96
35	25	53	58	69	83
17	83	35	20	20	20
63	2	22	24	88	81
16	90	99	7	15	33
51	95	14	96	84	31
35	68	62	17	39	64
10	10	10	37	40	44
36	97	61	36	36	24
26	58	27	74	58	42
70	23	82	7	24	47
20	48	16	64	48	48
35	24	24	24	42	82
26	16	18	18	31	18
32	19	91	19	19	100
80	43	32	42	40	41
53	2	52	50	94	60
36	59	76	54	49	18
10	39	4	55	53	44
25	75	5	95	46	70
13	32	86	9	33	65
24	87	84	46	11	35
81	17	10	10	10	24
4	40	8	58	11	48
20	15	92	28	54	89
42	42	80	42	94	1
84	96	54	55	68	84
67	25	25	25	88	59
28	46	84	73	79	79
82	7	50	17	49	3
46	12	81	16	16	16
2	45	27	77	33	40
7	26	38	71	45	98
6	31	13	6	6	7
45	10	92	49	59	71
29	97	13	7	82	41
22	74	28	29	45	17
75	54	22	48	60	6
76	85	15	20	16	96
13	53	64	78	33	99
53	40	47	74	62	93
66	90	74	12	99	50
46	20	15	46	46	5
13	52	93	26	43	53
62	53	78	14	46	18
18	84	48	39	53	65
49	72	16	15	37	43
97	41	1	35	89	81
88	38	25	95	16	13
93	79	60	37	11	33
5	10	55	48	31	87
83	6	41	81	29	31
45	3	1	82	80	54
28	65	9	91	85	49
67	79	81	75	24	28
9	74	91	8	36	88
26	83	56	18	8	11
62	11	93	62	50	55
19	87	19	25	19	24
67	40	77	19	63	92
90	87	71	97	72	83
68	23	88	52	92	6
34	22	10	10	10	2
39	74	25	39	72	9
22	95	27	75	79	43
48	13	11	93	94	85
49	15	30	15	15	82
43	90	43	43	12	85
9	32	12	91	67	94
100	64	80	51	26	86
8	82	53	52	38	34
24	24	37	91	24	1
99	33	33	33	91	23
13	13	11	16	100	13
10	78	44	13	27	46
23	66	17	10	26	25
20	31	43	67	22	13
6	57	63	21	18	8
43	71	33	57	1	72
59	76	31	48	42	48
28	29	73	69	45	76
43	15	43	43	2	100
83	42	71	92	79	36
75	22	55	8	82	29
97	92	97	14	74	91
3	97	28	74	60	46
21	83	10	18	94	15
38	58	9	8	91	89
95	86	89	40	8	18
19	67	74	38	92	6
10	38	52	10	10	44
52	6	45	86	55	52
66	34	62	50	41	95
49	43	94	3	38	45
68	70	6	91	44	19
71	9	32	1	1	30
14	3	88	91	78	52
64	67	14	72	89	36
79	50	51	5	35	33
17	99	26	3	40	86
74	25	73	15	100	99
10	25	64	92	80	69
55	84	80	92	28	12
78	9	59	88	49	70
51	40	40	27	10	40
96	24	66	62	73	32
2	5	82	39	90	26
90	89	2	92	73	78
75	54	96	88	90	37
28	71	68	65	28	28
1	51	71	68	22	46
97	63	12	12	41	53
95	37	69	62	40	15
67	75	8	7	8	8
73	60	15	44	24	41
24	5	35	7	18	93
6	26	59	86	6	6
4	10	74	10	10	95
87	28	40	98	18	28
10	10	10	98	77	90
20	25	19	11	90	95
31	17	22	73	18	78
19	41	17	41	41	77
26	53	14	52	87	44
89	48	11	44	98	44
17	50	55	50	79	50
46	23	29	23	74	23
43	90	43	80	79	43
14	82	93	78	65	12
67	80	99	85	16	15
47	19	9	83	9	9
34	22	3	25	77	94
26	17	72	14	36	45
23	21	23	23	92	77
83	20	20	79	20	18
38	44	65	11	11	11
58	76	98	61	34	74
35	16	77	5	77	69
79	1	22	1	50	1
42	42	54	42	84	6
38	80	40	67	54	38
63	61	6	6	23	6
13	11	14	22	14	14
40	100	33	92	58	11
94	89	27	5	71	83
97	35	18	34	8	11
73	21	57	14	78	49
82	36	38	88	83	94
86	6	31	6	89	6
76	27	21	92	7	34
33	65	21	96	55	38
75	92	31	43	79	100
8	55	1	15	19	95
57	42	96	52	68	99
91	52	55	64	57	59
33	8	71	33	95	33
17	35	76	53	100	26
99	83	18	29	88	71
98	6	97	53	27	13
74	46	33	46	46	69
91	23	65	82	23	55
6	78	88	21	45	66
19	93	54	38	68	54
23	34	22	31	6	26
52	22	53	51	80	93
77	80	30	91	60	69
52	88	88	95	21	93
52	7	56	43	58	77
32	40	23	64	15	90
7	32	74	40	48	94
24	24	94	5	67	24
58	48	53	79	89	50
36	16	74	70	26	93
51	29	5	99	41	39
52	10	21	54	42	98
21	50	4	89	54	55
35	35	64	36	22	35
23	23	63	32	23	6
5	58	97	5	4	5
42	22	37	42	42	94
10	97	46	36	83	48
81	60	50	44	1	31
49	3	68	17	93	46
86	30	2	48	77	82
59	58	92	53	48	48
48	48	91	14	96	48
60	66	46	5	40	76
27	100	44	22	81	44
45	29	90	40	32	2
78	45	45	92	45	28
51	81	9	5	91	69
12	12	12	35	70	59
32	22	91	63	45	19
63	82	56	53	23	48
42	83	58	50	5	81
41	8	28	95	59	32
50	5	93	68	29	34
5	50	4	36	44	67
7	92	74	37	71	38
81	78	2	36	14	94
1	97	34	1	1	10
57	37	11	66	37	10
89	2	25	76	88	52
37	78	29	63	53	18
31	4	31	24	31	70
70	43	77	48	57	69
13	49	49	53	35	49
83	48	98	48	48	72
23	23	44	13	82	23
99	39	91	46	6	66
28	28	63	74	41	48
98	9	24	24	35	71
73	50	73	39	63	45
79	39	1	99	46	2
62	92	46	24	12	72
43	36	98	17	37	69
47	26	37	47	45	47
21	9	7	39	1	1
18	77	26	64	22	18
100	22	75	33	20	100
79	17	15	67	68	58
40	40	100	32	40	33
41	41	76	41	70	83
21	30	38	3	11	99
59	59	34	93	15	68
67	43	65	21	92	82
72	8	8	23	8	89
98	55	85	51	75	55
37	9	39	39	39	59
86	22	5	10	13	77
13	74	73	93	84	70
37	37	51	40	80	37
61	77	61	6	97	9
74	26	26	63	26	4
63	13	19	4	19	19
47	95	97	34	72	11
39	7	39	43	39	91
12	29	68	85	68	58
34	69	3	46	30	9
42	62	42	1	42	71
89	88	55	16	11	60
9	25	25	44	25	37
6	6	61	6	26	11
46	36	5	46	22	46
5	57	30	45	46	90
10	20	75	33	49	2
2	100	89	2	93	2
50	47	13	83	88	58
46	6	6	98	6	51
90	76	43	42	93	46
15	38	71	47	21	90
16	91	13	23	95	39
15	15	8	33	15	12
80	84	98	89	56	20
47	4	47	95	47	25
21	99	90	78	13	26
19	42	76	17	17	17
26	38	46	46	35	46
26	88	95	66	41	13
81	75	21	50	32	68
2	73	90	60	59	1
50	93	41	50	50	94
98	32	82	37	7	98
35	25	24	25	69	25
6	84	72	71	16	73
55	62	90	49	47	55
5	81	74	10	2	71
52	29	29	29	22	45
30	12	9	94	5	37
66	95	68	25	75	23
39	18	5	45	77	29
36	92	73	15	15	15
17	73	2	85	9	70
3	14	3	1	3	33
25	66	92	93	29	26
46	23	13	66	53	63
12	18	20	74	42	28
72	10	17	48	73	32
43	43	57	2	43	96
24	49	52	97	21	51
33	33	12	48	56	99
26	89	10	15	41	80
37	50	43	98	81	7
70	5	28	42	16	6
100	68	58	18	96	64
54	8	21	74	51	80
71	68	45	26	74	78
20	27	20	14	4	15
94	78	37	92	74	41
20	43	17	3	79	52
58	6	40	94	25	68
83	59	8	19	34	43
31	31	78	96	31	15
72	94	58	36	20	57
31	67	37	13	95	82
4	91	35	86	38	33
89	42	8	97	68	28
61	18	97	66	72	9
66	83	2	74	95	16
66	83	10	73	32	14
60	1	97	44	72	95
61	23	60	43	35	94
30	3	86	58	60	95
79	23	95	70	23	45
89	34	1	86	100	11
87	99	60	29	76	18
37	97	31	40	62	51
8	45	4	84	42	14
97	64	36	69	9	25
43	71	82	37	36	55
97	66	98	35	2	20
35	7	83	69	53	28
57	33	16	92	50	14
56	95	93	23	13	76
47	68	13	48	13	13
16	16	21	16	25	50
51	95	7	25	92	95
1	66	84	1	1	51
6	88	86	32	21	92
49	47	98	40	45	30
12	10	67	12	99	12
79	99	62	86	34	71
82	15	27	64	53	21
31	54	98	93	18	56
62	7	65	26	94	25
15	17	33	84	24	29
72	50	49	67	4	43
55	74	71	62	46	42
53	36	3	3	21	3
4	29	64	4	26	4
100	19	78	5	16	30
45	83	45	45	19	4
15	20	80	24	15	80
3	3	48	35	61	3
35	70	52	35	35	50
88	46	90	68	99	13
44	41	83	44	85	44
36	33	90	33	33	67
95	10	82	10	10	86
5	64	50	5	5	14
35	58	35	35	92	7
25	73	62	87	95	86
61	16	14	87	3	90
16	16	16	22	19	36
8	56	54	48	93	75
29	77	38	76	56	89
77	88	23	14	69	11
83	63	69	13	61	51
13	75	38	95	25	9
17	88	86	67	37	18
16	57	41	78	71	18
61	72	4	47	48	53
73	100	80	38	89	50
99	67	57	76	62	5
8	56	61	76	76	43
48	30	48	43	94	48
78	9	90	85	95	100
22	80	6	6	59	6
58	65	28	24	8	96
51	83	56	91	93	70
60	31	26	67	53	56
93	38	12	38	38	6
73	9	49	93	1	40
20	79	20	86	20	57
42	30	23	34	66	21
12	12	73	70	36	12
11	8	30	89	23	8
28	68	84	53	4	40
20	32	32	50	96	32
35	97	91	83	10	87
44	17	90	60	44	30
61	12	16	12	33	12
89	88	24	67	24	24
22	19	40	67	30	76
88	5	5	5	50	64
85	96	19	2	68	38
34	13	34	69	34	52
17	67	56	35	35	35
47	25	57	87	38	66
50	69	40	58	43	10
85	36	20	41	52	54
48	54	9	48	16	95
75	78	23	88	37	35
6	52	38	33	9	70
91	3	82	65	29	15
29	53	1	1	1	96
28	70	71	87	29	53
39	62	11	95	3	75
39	47	39	21	39	31
14	87	20	51	52	59
60	41	9	41	33	41
37	44	4	47	47	47
72	45	81	38	1	95
48	48	83	15	82	48
81	19	55	6	26	63
18	39	39	14	39	37
63	63	56	19	85	44
25	25	98	25	28	84
64	17	9	43	54	19
39	89	1	39	7	62
70	41	96	66	24	31
91	51	93	91	53	23
72	86	46	46	46	61
51	57	40	20	51	74
78	81	6	4	18	23
53	17	90	61	17	17
19	77	74	80	74	88
60	95	4	79	92	69
37	37	8	10	46	50
4	56	65	42	58	60
93	11	28	11	2	24
17	64	94	66	75	50
53	42	70	42	6	42
19	54	25	51	52	38
16	1	5	9	1	1
42	64	12	1	52	10
19	81	9	67	87	41
38	47	1	53	55	47
26	78	55	35	17	72
1	7	99	14	57	15
91	3	68	62	55	85
85	74	55	72	82	91
35	85	90	81	16	13
6	39	61	35	66	85
84	95	39	48	72	70
48	7	14	63	57	93
55	1	42	68	5	72
54	44	99	7	26	69
78	48	53	55	61	26
50	23	42	42	42	59
98	48	10	48	48	51
19	12	16	59	12	12
91	13	13	13	43	59
80	77	42	13	71	80
5	99	96	27	62	83
60	3	4	82	79	37
27	52	27	80	72	71
90	63	2	58	7	99
55	62	51	38	96	12
3	28	6	79	28	28
52	77	72	44	76	5
46	48	43	30	30	30
5	70	49	5	5	60
33	36	6	53	80	90
17	3	3	100	72	3
91	6	28	47	40	8
24	53	35	68	27	53
64	84	27	32	71	29
73	25	72	48	25	25
59	36	93	69	50	62
82	94	89	1	74	36
26	26	9	14	26	81
87	6	5	91	24	55
14	28	9	25	82	48
90	28	74	93	18	47
70	31	37	37	73	37
92	85	5	48	30	80
9	76	67	61	65	99
31	60	24	2	36	57
2	69	2	2	81	52
13	53	66	75	38	72
46	44	12	96	48	51
99	84	50	66	64	68
57	89	73	6	81	87
21	40	29	21	21	83
31	67	31	31	85	47
60	30	30	92	50	30
57	20	41	38	17	51
94	86	25	46	24	18
30	44	16	34	89	67
65	12	56	94	25	97
51	89	53	43	36	69
39	48	53	94	33	27
53	96	73	27	25	65
13	13	45	13	72	32
89	90	6	13	42	54
36	45	46	20	45	45
84	51	38	31	85	54
22	37	13	3	100	99
89	23	8	66	59	76
34	52	21	11	85	100
42	13	22	11	39	56
83	78	78	74	48	91
69	31	15	14	65	89
82	79	27	61	4	54
41	74	77	15	15	15
39	89	6	81	17	87
17	66	4	4	4	18
5	5	77	19	82	88
23	92	34	88	8	88
14	14	26	14	24	16
41	35	90	30	13	28
93	16	86	11	77	82
43	95	35	8	41	99
97	82	68	49	74	95
30	64	88	24	40	53
5	36	12	64	91	58
30	30	53	30	3	27
29	100	14	82	83	53
21	57	77	49	88	1
98	68	30	88	97	45
18	8	32	92	56	98
73	21	54	45	11	71
12	28	23	31	31	31
17	39	65	54	25	96
91	36	5	37	60	98
32	27	16	22	95	53
72	42	89	35	66	63
99	49	63	72	29	19
64	82	63	71	74	61
78	99	6	60	71	58
54	3	51	25	25	25
8	38	6	8	86	8
73	26	14	37	73	7
91	58	55	30	82	36
84	86	23	45	12	14
55	27	16	69	2	3
54	5	93	86	70	42
52	45	9	43	87	6
10	34	88	94	30	79
54	15	30	70	8	8
97	96	85	47	62	83
26	36	97	36	32	36
3	19	19	59	44	19
19	19	81	22	19	92
63	74	11	48	31	33
37	28	92	16	16	16
72	84	26	10	5	32
6	39	25	26	6	6
64	51	73	45	45	54
42	57	42	42	75	2
3	45	62	42	45	45
56	43	43	43	59	38
80	17	65	17	17	46
86	12	80	69	26	5
99	42	70	26	52	65
21	23	34	64	16	62
64	17	74	9	83	82
78	90	82	76	20	36
2	91	58	36	95	98
18	45	97	17	6	55
34	41	87	79	52	35
53	32	57	85	81	74
1	29	87	25	35	32
83	2	88	14	9	17
97	23	18	33	18	18
88	7	45	43	45	60
4	78	5	54	96	36
63	93	6	39	25	22
9	22	69	55	52	58
53	67	43	76	50	38
64	13	47	32	48	54
17	65	86	86	61	8
34	88	49	61	92	48
48	53	25	48	45	48
16	79	78	53	5	98
39	33	50	61	16	35
19	11	35	19	19	22
99	57	81	36	44	36
68	31	99	95	5	90
97	4	69	11	10	26
44	87	25	38	88	41
45	73	19	50	19	19
19	69	19	10	85	19
50	4	29	72	4	4
8	26	26	26	20	100
47	11	56	32	20	93
23	22	14	98	71	62
65	20	23	68	3	97
43	95	43	36	45	84
70	65	82	53	59	51
43	39	1	39	39	34
77	59	8	54	33	86
24	57	99	30	65	3
19	90	91	55	69	97
42	6	86	2	73	8
34	26	90	50	11	33
10	32	10	36	10	25
76	54	71	67	5	23
70	28	18	31	18	18
65	27	67	73	40	35
67	19	94	8	20	90
22	68	80	32	12	45
30	54	50	61	23	38
47	10	4	34	89	96
36	99	11	3	30	59
16	83	25	61	17	28
76	35	84	5	47	52
87	21	10	34	68	61
67	48	29	76	70	79
60	45	86	67	38	62
69	88	27	93	78	27
37	42	42	42	45	91
23	82	77	23	95	23
76	79	1	3	97	92
13	15	13	69	13	40
50	77	93	68	26	28
95	75	80	50	4	18
28	51	92	44	1	37
2	14	37	72	89	32
79	44	14	79	21	99
58	59	79	44	98	78
15	72	15	15	33	95
24	38	51	71	7	21
97	14	42	42	42	59
61	9	65	84	37	51
16	21	16	16	13	64
45	28	47	88	89	14
41	49	51	79	23	4
69	22	93	57	7	17
82	73	45	22	30	58
92	59	7	63	7	7
62	100	46	57	76	54
80	63	86	97	80	28
21	36	41	19	38	7
70	58	54	57	7	84
65	62	12	12	94	12
4	26	43	76	24	17
47	89	31	34	4	68
22	29	34	11	13	60
58	16	96	9	65	3
6	44	6	85	32	29
81	62	63	35	10	55
4	63	42	66	14	86
15	93	88	56	81	66
68	22	99	56	24	4
28	49	84	50	13	90
62	14	76	46	13	66
65	81	54	97	25	16
26	72	31	36	35	17
80	78	69	85	95	62
72	12	85	60	75	76
39	63	94	61	62	22
8	51	25	93	25	25
34	54	56	8	61	64
63	3	53	57	75	75
59	80	34	97	98	49
31	75	82	68	50	5
94	63	92	68	37	67
13	15	3	66	14	40
12	90	14	80	5	41
83	56	93	91	82	46
24	94	29	78	29	29
71	69	64	37	96	75
58	89	88	8	47	67
76	89	47	15	49	62
70	24	90	33	96	3
49	70	4	76	35	100
54	24	52	49	5	67
18	43	59	20	97	32
98	99	74	86	100	50
14	75	19	80	2	17
85	94	11	21	80	67
67	3	45	97	26	27
63	73	39	4	43	11
8	48	5	90	42	61
93	41	78	24	37	82
1	21	56	73	90	82
26	26	45	7	26	6
23	12	36	89	77	46
24	57	1	33	67	54
81	18	10	93	67	29
4	13	28	66	95	97
18	71	60	53	88	72
36	73	13	83	36	36
20	35	81	2	94	12
81	35	97	35	92	58
24	36	90	89	73	90
36	83	77	52	8	56
39	46	44	24	19	47
43	23	91	43	43	19
14	51	19	14	16	14
16	27	5	99	83	68
28	53	8	5	79	71
29	50	54	86	56	76
57	22	59	83	45	37
47	94	22	48	22	22
76	88	46	11	13	8
34	54	52	51	53	78
79	95	37	62	72	89
19	32	67	77	24	56
18	81	24	81	10	52
94	13	15	15	15	52
14	40	41	51	52	23
16	27	74	16	16	35
95	11	11	70	11	75
39	16	1	32	52	38
24	55	44	44	40	44
69	75	31	31	31	88
93	7	48	23	63	87
60	71	84	37	78	70
49	19	13	49	49	74
88	19	96	41	4	44
55	48	40	81	78	71
98	87	38	8	72	97
91	69	19	52	52	35
3	73	93	74	43	93
89	44	8	20	74	91
14	7	14	62	14	93
14	21	95	64	20	14
94	75	98	64	98	52
23	59	89	88	62	9
23	68	19	99	23	23
60	13	67	46	17	90
16	37	16	8	16	56
68	66	61	40	52	61
62	67	89	76	100	28
6	10	1	94	76	91
48	48	48	90	97	42
4	23	15	63	77	68
13	57	29	7	36	78
16	12	62	12	12	57
49	49	49	30	26	56
91	26	58	16	36	57
15	74	13	25	89	7
60	35	28	28	66	28
77	57	55	9	35	76
5	53	43	11	57	48
66	48	89	28	16	88
23	23	23	14	57	1
74	48	28	48	48	86
2	56	57	18	62	29
85	22	87	22	75	22
59	2	2	32	36	2
2	62	19	71	19	19
73	53	85	49	90	34
82	9	63	41	72	74
23	40	31	72	80	97
56	30	17	41	30	30
39	24	66	28	49	99
4	95	7	48	99	18
66	83	30	42	80	59
39	100	27	77	26	84
40	62	49	40	40	9
14	51	28	19	2	95
47	17	28	28	77	28
50	91	23	50	55	50
18	61	18	42	18	59
13	41	37	88	96	24
8	72	98	31	83	44
38	64	76	66	92	76
12	16	54	68	42	81
72	48	61	33	27	53
56	80	26	18	63	4
35	88	14	14	18	61
33	39	57	12	55	28
83	14	62	38	31	89
8	9	18	18	71	18
14	14	93	14	68	79
70	42	16	84	7	47
61	26	36	77	13	64
15	19	66	87	21	53
52	18	78	63	27	53
93	15	88	15	15	73
42	78	64	75	77	31
57	63	42	68	46	69
69	18	50	18	18	84
99	73	88	90	100	68
34	33	46	49	34	69
73	61	15	37	2	87
38	46	47	47	99	47
42	53	11	93	15	53
45	30	33	65	39	31
2	51	1	90	37	6
72	47	53	44	10	40
70	1	50	8	59	2
10	30	10	66	10	35
38	7	7	25	7	34
69	81	15	92	27	8
39	77	38	59	22	17
7	89	7	74	10	7
48	88	88	91	98	68
68	6	45	66	37	67
24	64	28	70	76	82
41	41	89	41	36	100
53	45	7	51	7	7
42	85	30	54	69	97
94	9	78	20	2	53
29	87	28	89	62	39
13	75	99	27	40	28
89	61	73	87	99	14
43	50	5	24	28	68
25	93	25	70	25	54
7	96	6	34	23	50
25	25	80	10	25	92
89	39	17	33	98	24
99	45	23	15	15	15
95	2	89	2	56	2
18	39	23	28	7	20
7	10	58	7	7	61
26	45	65	95	49	89
15	38	31	7	20	89
94	35	65	56	68	75
12	19	20	20	58	20
42	88	42	42	13	97
72	8	45	28	86	80
88	11	59	34	7	41
32	37	45	27	21	89
68	11	96	7	7	35
50	70	79	41	73	41
57	53	11	27	65	64
40	23	72	79	27	48
47	16	47	8	52	47
12	14	29	25	87	4
91	48	92	94	10	80
41	73	75	87	45	28
25	72	4	4	65	4
56	63	53	92	94	34
22	23	23	75	5	48
26	64	13	26	26	76
45	48	48	48	97	15
58	53	15	15	93	15
31	39	60	33	33	65
39	39	39	82	96	6
16	31	3	31	31	62
49	38	5	88	32	19
32	41	57	62	98	76
69	93	3	27	98	8
23	21	23	23	99	67
16	65	39	73	4	64
39	75	2	6	39	43
58	17	14	46	55	57
25	44	27	51	28	98
48	19	5	24	81	80
59	17	42	12	28	89
34	79	95	88	36	64
40	10	31	51	6	26
80	91	22	22	74	22
45	48	95	30	93	80
30	91	65	24	38	99
29	2	27	39	10	55
46	15	64	39	38	81
73	73	50	12	77	23
61	5	35	37	46	18
10	80	20	27	43	34
71	52	66	87	77	41
89	50	9	50	18	69
95	41	15	77	84	58
85	80	70	53	12	3
28	20	75	77	97	29
42	3	42	88	30	42
69	21	20	73	97	8
47	31	95	31	31	94
87	22	96	98	35	67
96	71	72	6	100	8
53	25	27	53	8	40
48	52	48	95	42	48
34	46	84	47	62	84
45	97	93	24	45	45
86	78	96	45	27	11
32	35	22	90	25	14
33	33	35	33	31	62
29	22	47	3	49	58
54	9	4	88	34	85
46	74	13	46	46	97
41	24	52	59	100	10
21	87	59	29	74	46
28	77	43	58	63	12
82	96	18	22	76	28
22	52	22	6	37	22
47	43	67	18	54	55
30	13	20	18	78	20
29	77	55	70	35	77
70	68	70	84	54	9
67	68	51	16	78	66
95	47	24	12	37	73
43	94	14	35	46	91
75	63	47	59	39	74
81	37	34	37	99	37
8	40	14	8	8	76
6	93	6	4	34	41
38	67	76	90	92	11
44	2	26	14	12	71
96	53	86	47	90	46
46	60	87	46	57	46
47	26	50	24	89	98
86	23	65	69	3	81
7	86	46	64	99	43
58	22	72	94	22	22
46	3	46	46	89	90
8	95	80	44	14	27
36	26	29	100	94	80
50	100	27	36	10	23
96	86	53	10	67	42
39	92	5	12	3	51
41	40	99	96	7	33
8	6	6	44	59	6
94	13	1	43	27	88
42	62	42	74	42	17
49	3	58	37	49	49
1	2	68	85	36	6
29	34	94	14	14	14
16	51	47	96	24	4
6	99	34	43	60	36
28	28	28	79	12	74
21	28	28	28	35	52
27	21	88	25	89	93
48	50	48	97	72	48
10	4	4	20	25	4
60	49	51	83	76	44
94	67	11	15	57	26
59	21	21	53	89	21
63	44	28	53	13	57
40	40	89	40	19	66
19	13	13	13	28	65
54	62	17	38	73	61
48	73	8	48	48	89
7	27	76	69	10	93
10	92	36	86	98	94
17	94	20	62	79	24
26	14	65	73	92	88
28	15	71	76	84	34
74	100	49	2	28	16
41	17	50	61	29	78
11	42	53	65	83	46
30	55	12	65	73	74
33	43	47	17	27	22
35	99	72	61	28	13
19	96	90	47	21	4
40	16	16	93	75	16
44	62	78	18	33	55
56	10	15	99	20	86
1	1	79	1	10	96
82	58	79	39	80	3
23	33	73	59	33	89
48	51	91	72	48	48
48	76	74	7	14	15
61	86	27	33	32	70
60	19	86	17	84	34
62	38	75	100	71	89
22	17	1	23	5	5
62	66	29	57	46	38
95	16	5	95	1	82
49	70	65	83	35	88
41	81	27	27	68	27
11	22	22	93	22	82
38	91	24	39	24	24
84	80	42	69	92	66
44	19	44	44	100	64
42	16	21	23	42	42
10	13	10	70	10	69
11	20	28	53	63	96
1	63	49	41	2	37
99	98	4	53	42	6
22	28	20	78	45	94
31	37	77	78	10	9
69	24	95	56	71	34
77	90	43	16	100	10
69	57	44	44	51	44
66	95	79	42	46	66
33	33	54	33	29	21
42	91	91	11	27	46
66	18	22	25	43	39
51	17	23	72	57	29
93	59	96	72	96	39
41	42	35	79	78	33
87	59	48	77	48	48
91	20	45	20	60	20
52	68	46	69	86	80
42	81	3	75	92	69
20	20	50	20	94	2
91	44	88	45	12	74
34	34	34	86	62	8
67	76	92	31	93	61
34	24	34	68	9	34
2	61	58	40	29	93
65	16	91	84	89	72
12	8	76	28	78	64
76	19	25	11	94	62
67	83	71	26	95	8
40	72	13	56	57	96
21	68	41	96	54	41
53	80	99	65	3	45
19	50	69	96	22	45
80	94	93	59	25	92
9	89	20	72	20	20
23	23	42	2	23	65
56	48	48	6	48	57
31	5	87	63	33	82
6	50	83	21	64	2
83	38	42	5	50	67
7	60	93	34	42	89
1	57	14	53	98	48
88	51	94	48	35	93
91	47	47	22	77	47
53	52	37	69	95	82
75	61	100	71	6	81
74	82	77	95	93	88
79	10	18	55	47	7
52	46	90	93	25	96
99	24	73	24	45	24
31	36	49	26	31	31
11	23	11	57	24	21
45	88	40	47	38	68
74	19	6	58	4	82
37	9	85	32	94	43
34	100	71	21	55	49
19	25	44	44	16	44
9	41	75	67	41	86
22	69	61	33	56	28
17	79	70	70	98	13
42	58	62	71	72	39
47	98	72	82	88	56
76	21	36	2	20	50
16	86	66	99	16	16
3	77	51	97	53	15
36	14	40	32	40	40
58	88	33	38	84	30
1	16	5	16	16	71
41	56	32	100	54	18
42	42	42	96	24	57
85	96	97	73	3	14
13	24	17	67	45	60
67	41	10	85	11	61
63	93	85	100	44	9
45	48	43	88	41	48
20	20	39	20	61	33
61	80	92	69	85	56
4	74	47	88	43	72
77	63	91	58	84	36
85	41	81	86	13	93
16	41	76	38	93	10
77	7	79	57	25	7
49	49	22	83	49	67
73	45	45	45	43	86
56	59	65	17	27	29
16	48	48	83	19	48
78	82	34	56	65	31
33	33	19	70	18	33
82	31	57	98	85	7
35	24	70	11	44	65
2	9	28	67	44	92
87	81	24	71	91	21
64	44	23	81	40	17
89	84	3	17	36	48
62	53	67	77	28	25
79	49	3	83	3	3
52	18	18	18	31	59
14	88	14	7	83	14
85	82	23	92	74	36
48	11	16	88	99	82
46	4	1	92	81	48
14	59	14	56	91	14
13	9	9	90	9	67
57	14	11	81	7	10
56	96	82	8	12	22
55	87	48	45	11	39
15	15	69	15	96	16
69	76	84	9	21	67
36	87	83	3	34	13
85	68	73	1	25	20
65	40	17	32	37	31
21	84	92	99	33	38
100	89	24	23	72	87
31	96	61	62	50	90
39	6	89	10	61	59
49	73	29	20	28	95
9	16	43	95	5	65
14	14	70	14	59	87
56	15	6	34	84	60
68	96	75	40	93	61
8	25	33	99	8	8
46	46	46	78	61	73
34	11	83	25	27	69
94	12	71	32	25	98
88	23	79	43	94	43
43	68	51	44	46	15
88	58	29	52	48	86
4	58	69	34	17	75
20	1	1	94	1	18
26	62	80	77	31	72
77	84	31	31	31	71
15	11	20	9	56	56
18	26	89	18	18	11
73	18	75	68	95	99
49	63	37	25	68	16
26	26	77	52	11	26
65	29	80	22	45	20
6	88	2	80	66	94
95	45	3	75	76	76
79	8	63	10	10	10
30	66	37	55	36	26
15	38	92	82	23	20
75	15	39	39	39	28
43	42	65	35	42	42
24	14	94	94	100	48
100	18	18	18	34	86
36	36	52	36	15	21
91	27	92	17	14	88
73	58	9	13	92	61
25	69	25	25	42	26
54	38	71	36	17	53
62	38	53	73	28	92
18	94	54	18	77	99
13	20	13	57	13	98
4	49	50	13	44	38
79	3	66	92	93	77
36	36	36	79	83	99
29	55	4	21	14	79
39	64	21	82	66	72
12	97	72	93	94	36
75	87	20	49	32	83
9	96	74	23	69	41
53	8	44	61	10	93
46	70	24	87	24	24
33	45	84	45	53	45
7	7	89	95	7	84
86	32	38	67	8	23
86	64	74	35	71	28
17	52	33	50	35	59
73	96	2	96	64	51
99	93	88	87	80	16
11	42	99	98	74	41
56	51	99	37	29	86
11	80	41	43	89	50
68	69	91	8	56	17
12	23	36	9	50	75
33	47	33	33	88	61
47	52	6	27	87	19
1	38	1	86	73	1
5	24	99	57	17	68
58	74	98	54	40	26
49	14	93	100	54	15
26	46	1	46	10	46
39	29	100	79	2	73
72	94	85	94	73	99
76	39	57	72	39	39
11	94	59	69	58	52
26	90	20	74	20	20
30	99	75	52	97	75
87	66	74	47	47	47
64	73	86	38	54	94
85	39	59	39	39	72
17	5	10	35	58	50
56	56	58	48	52	60
2	43	25	18	49	48
8	69	8	65	8	99
43	73	15	92	42	44
56	31	19	100	92	43
78	39	8	86	39	39
43	51	84	68	85	73
70	89	73	29	17	45
37	37	37	13	20	24
25	98	74	3	3	3
32	51	43	38	3	69
10	76	100	33	35	95
82	44	60	71	44	44
73	96	45	6	63	48
32	47	83	78	72	24
88	9	58	54	75	93
3	14	12	100	4	23
9	70	86	44	48	62
62	74	80	6	30	58
31	10	88	18	1	92
89	40	39	69	62	60
53	13	63	26	63	6
8	40	17	3	84	47
77	37	80	91	91	73
84	54	8	48	25	50
84	10	4	10	10	11
14	13	82	14	14	40
66	44	50	45	58	15
66	55	72	25	37	16
94	90	38	58	66	38
29	22	62	78	4	4
44	69	13	82	32	67
69	51	37	48	11	65
100	46	47	62	11	51
56	49	25	49	49	40
7	79	18	81	37	100
57	3	16	20	84	27
15	54	6	9	95	2
6	53	82	91	68	96
55	37	37	33	64	37
31	7	33	10	33	33
3	82	3	3	27	66
72	28	34	48	93	7
56	7	25	68	67	15
49	65	16	88	84	42
91	31	71	3	3	9
86	22	25	28	51	1
56	64	45	59	90	77
41	65	7	41	41	96
46	12	23	23	23	47
58	69	23	66	56	85
82	80	53	8	14	43
3	87	88	51	70	48
75	35	64	35	62	35
28	28	28	24	52	12
39	26	11	36	13	69
68	18	6	6	6	22
41	41	41	4	91	23
42	52	47	42	65	42
16	13	18	13	13	14
16	31	100	27	31	31
88	12	3	67	61	60
63	100	49	32	1	26
67	37	37	82	37	50
13	27	53	42	6	18
23	14	95	14	36	14
84	76	68	1	98	20
27	26	19	5	23	92
2	59	2	26	2	96
31	48	95	2	98	54
100	73	92	71	5	73
22	83	42	42	89	42
23	63	84	58	32	55
6	84	1	70	54	7
65	100	92	27	50	30
47	63	87	13	12	77
97	48	19	59	19	19
77	80	93	95	63	74
54	93	43	20	99	65
62	11	67	74	47	48
40	58	10	40	23	40
28	22	17	54	21	10
48	24	49	6	36	7
55	88	39	21	100	15
73	7	45	86	86	72
93	5	12	51	25	25
59	53	24	56	42	80
80	22	33	14	10	58
30	85	24	7	85	90
55	41	42	13	15	67
40	66	24	12	28	28
37	37	94	39	37	96
28	26	26	6	10	8
48	40	67	15	16	74
68	18	58	43	98	21
35	80	73	62	37	21
69	13	28	7	79	87
76	65	17	30	71	32
26	54	12	12	12	23
70	95	64	48	8	21
24	49	45	49	49	10
15	76	94	73	63	77
26	66	96	18	91	76
21	55	59	10	41	80
52	29	85	29	29	1
64	34	6	28	11	46
84	46	3	2	67	17
100	43	72	86	68	72
15	17	99	38	46	14
16	16	84	69	16	34
27	4	27	27	37	33
23	68	11	49	3	30
97	6	6	3	6	31
34	58	26	37	34	56
13	92	81	34	7	95
55	31	10	43	63	82
62	28	28	28	10	90
60	96	2	59	23	51
23	23	26	23	57	45
30	35	12	20	23	31
11	23	79	28	86	88
93	25	5	7	27	55
6	81	4	42	3	71
52	1	95	1	1	15
20	2	95	93	5	51
57	44	94	12	67	57
89	95	43	24	32	57
48	48	49	85	71	19
18	1	98	78	18	87
9	9	9	85	16	13
78	34	5	76	76	79
94	7	82	72	6	24
22	26	22	27	22	82
20	20	49	20	55	1
4	67	84	4	44	4
89	50	5	87	63	80
43	87	43	35	43	64
1	34	49	41	41	41
8	77	30	31	61	66
1	49	49	49	52	24
79	84	16	26	30	54
48	45	20	45	23	45
15	12	15	41	27	15
15	26	31	12	3	9
56	97	41	43	16	52
3	66	35	56	74	72
81	19	63	49	24	70
16	16	26	98	44	16
95	4	81	33	61	70
79	43	63	41	95	10
17	63	18	56	94	42
7	20	50	17	20	20
40	13	8	62	48	64
11	70	55	95	61	18
31	45	10	31	67	31
21	88	3	13	94	15
36	90	61	16	53	19
19	60	95	21	56	21
65	94	48	13	83	68
43	97	13	13	13	22
45	5	4	68	34	78
83	71	33	33	84	33
22	97	50	98	1	90
62	49	21	61	66	52
30	55	64	100	82	25
71	94	71	66	20	91
37	70	37	5	37	55
29	34	9	28	14	21
26	88	45	80	64	21
52	71	29	29	79	29
98	55	84	72	43	18
21	47	21	60	21	24
52	42	25	3	39	3
27	87	82	28	17	13
64	46	41	17	71	37
46	96	24	46	21	46
79	100	90	35	48	79
42	25	44	12	34	82
89	31	57	31	16	31
78	66	74	45	22	45
39	49	18	57	55	69
50	57	26	84	95	10
100	35	61	17	17	40
2	40	23	27	14	71
92	48	36	36	36	94
76	2	30	43	77	3
88	1	53	31	82	12
97	38	6	77	77	68
88	29	39	89	30	38
11	40	83	80	5	97
18	35	35	35	100	76
62	55	62	5	43	2
13	65	20	31	20	20
34	49	19	13	84	84
40	29	77	46	20	75
10	98	52	45	85	48
16	56	16	49	79	16
9	9	53	9	80	94
20	46	20	86	61	20
25	36	45	36	3	36
81	13	13	13	85	61
79	86	22	52	95	9
72	47	87	11	56	93
66	5	38	62	99	48
21	33	46	45	84	2
92	62	78	33	12	59
42	39	66	63	42	42
45	92	47	36	45	45
38	62	10	78	64	54
48	48	13	48	28	94
19	36	91	19	19	61
62	75	53	63	64	79
74	4	78	19	18	40
15	15	15	9	3	44
32	90	8	71	36	9
86	90	21	39	20	72
54	1	55	40	83	84
41	97	84	54	84	71
20	43	20	35	20	40
4	4	4	31	36	63
6	16	88	28	88	93
40	23	39	77	23	99
10	44	85	8	87	37
9	36	27	9	77	9
3	80	90	62	85	9
21	30	8	57	79	76
36	46	54	64	32	19
43	37	43	43	92	36
61	26	43	26	26	60
42	39	39	72	39	25
17	58	91	74	74	92
73	17	6	8	91	94
23	92	90	19	69	70
37	73	63	25	30	26
50	50	89	62	50	60
48	48	47	76	48	26
86	69	1	71	56	25
86	79	30	42	86	87
87	39	72	36	98	45
31	60	75	7	62	91
71	45	48	45	45	34
65	8	100	64	24	46
49	100	6	90	49	49
67	56	78	91	99	25
59	1	82	19	65	72
18	68	12	88	18	18
96	24	37	28	20	12
67	55	10	42	10	10
5	43	9	5	41	5
11	53	55	28	100	87
79	8	90	13	57	94
57	9	54	44	7	41
84	10	53	30	42	84
20	81	91	80	16	100
35	45	59	85	19	40
2	19	2	2	49	27
21	71	33	33	33	32
11	84	17	76	48	15
45	50	45	77	92	45
45	87	66	45	57	47
86	53	59	87	52	50
100	59	89	59	47	99
54	68	84	95	92	57
61	18	46	83	58	92
94	2	27	72	20	41
58	89	79	38	34	32
89	66	90	58	3	51
60	29	29	2	29	15
69	58	55	93	41	70
44	41	44	56	16	44
56	72	67	7	62	28
38	38	21	74	49	38
80	15	28	60	97	60
25	38	38	38	86	9
5	43	26	26	18	26
14	60	12	38	12	56
50	50	23	50	42	87
86	16	47	98	35	30
98	45	98	3	17	44
99	32	29	25	9	92
97	75	52	92	19	92
73	100	71	23	96	35
83	19	5	5	3	5
45	52	97	88	98	96
17	74	67	17	17	64
41	56	41	81	41	97
11	99	22	92	35	16
77	64	51	45	27	34
16	74	83	6	87	13
69	77	16	10	37	87
8	57	48	22	38	46
19	7	82	42	38	10
96	64	40	86	48	88
5	28	5	94	5	38
7	72	40	83	6	50
48	99	74	69	89	50
24	4	70	85	21	71
98	51	85	25	96	5
44	19	44	44	73	13
4	4	43	4	12	96
15	20	17	30	8	15
24	24	68	33	24	93
58	62	33	74	78	25
50	90	5	19	100	17
88	46	17	4	17	2
49	70	38	46	57	61
72	44	53	43	49	31
69	32	23	83	37	4
4	81	4	86	41	38
34	25	48	52	29	1
60	6	47	42	29	68
49	82	36	36	21	57
100	84	95	38	32	96
86	93	22	16	93	80
59	30	43	25	79	72
72	4	9	91	44	86
2	59	51	70	29	49
100	89	51	87	81	18
66	90	62	36	92	43
37	77	37	4	31	21
11	24	24	69	79	24
31	29	93	47	71	16
16	91	17	74	67	3
50	75	50	50	82	40
76	14	27	34	14	14
70	74	82	88	72	83
65	77	60	52	49	9
5	72	4	53	46	42
85	6	57	69	95	48
24	26	33	34	37	73
98	81	97	87	51	39
24	68	89	87	24	24
77	22	45	15	88	61
21	27	70	93	21	30
75	14	39	23	25	37
44	37	44	44	82	77
27	18	4	90	38	61
21	70	89	48	7	26
66	85	54	32	8	27
4	4	4	83	77	27
63	67	11	51	48	45
25	96	26	26	26	39
72	2	83	36	73	82
3	4	4	4	99	26
6	5	6	9	24	6
36	22	12	75	22	22
71	29	63	49	23	100
87	75	35	55	35	35
21	48	65	48	48	44
21	70	23	51	11	51
46	46	51	77	20	46
50	51	14	96	14	14
95	27	88	99	57	1
11	97	87	14	91	84
78	2	90	2	2	88
38	38	61	6	54	38
66	86	20	53	12	37
77	41	51	41	23	41
22	59	99	73	67	40
66	71	16	45	58	83
33	20	20	36	69	83
47	39	88	54	87	39
85	65	23	11	15	92
93	19	36	45	36	36
16	40	95	40	87	40
88	43	59	7	30	2
73	28	18	74	28	28
27	35	44	83	36	66
22	52	7	54	6	29
69	93	53	21	2	49
25	7	25	25	85	66
84	17	89	20	91	23
45	32	27	32	32	67
77	23	38	22	23	23
78	64	20	79	90	39
54	49	9	29	29	29
44	91	53	68	33	38
55	24	3	24	24	67
91	85	60	40	96	95
20	89	25	75	72	53
76	56	1	94	41	25
33	59	37	34	37	24
16	76	89	25	59	68
71	59	33	92	83	55
43	13	13	13	9	58
10	10	30	95	81	10
24	75	26	52	26	26
14	5	35	27	56	81
42	42	42	92	28	26
43	43	90	14	43	82
98	74	92	61	5	73
44	16	73	83	73	82
69	49	72	37	21	2
51	71	86	8	71	48
42	62	31	78	92	63
46	52	40	91	32	67
28	37	59	46	73	29
13	70	86	8	13	13
16	85	2	2	55	2
33	46	87	88	71	62
87	51	52	5	24	60
51	65	1	100	3	44
47	62	1	10	62	31
68	35	35	35	22	26
38	68	53	21	29	76
43	46	33	87	86	74
83	49	45	12	66	56
31	81	96	39	87	46
95	70	70	72	22	30
76	73	8	24	97	75
10	39	10	69	45	10
22	71	85	47	20	28
91	17	32	35	54	99
98	18	78	81	61	47
95	71	81	36	59	89
45	7	44	7	7	3
28	54	39	78	30	13
43	57	57	63	84	70
98	63	52	42	82	2
55	73	33	36	36	36
47	87	53	81	19	42
2	97	32	36	81	37
96	49	72	75	42	5
81	53	18	18	12	18
7	7	7	75	55	58
54	69	30	100	14	27
72	49	8	52	5	79
71	58	70	82	56	32
47	16	91	65	87	36
92	1	29	55	75	25
25	31	31	87	54	31
73	16	47	39	16	16
96	81	56	98	75	21
98	33	72	19	20	92
13	3	65	78	92	3
57	50	50	50	46	33
70	93	47	34	28	21
24	59	23	96	63	98
8	70	8	80	8	58
8	8	70	40	8	90
14	50	69	32	89	2
25	51	8	52	68	96
43	90	43	58	56	18
38	28	69	62	88	1
27	11	11	11	79	28
82	48	11	9	84	22
61	46	46	76	46	94
20	17	12	24	74	85
66	18	69	95	68	39
44	44	74	1	8	44
94	13	22	87	22	56
87	100	23	83	26	83
26	81	29	45	67	49
18	12	72	23	27	52
9	3	42	3	3	7
32	23	67	27	12	99
61	65	15	27	11	47
82	40	46	25	33	60
49	82	22	6	100	44
21	84	9	79	74	22
21	42	6	86	42	42
80	45	26	46	16	80
8	21	95	8	8	46
22	39	78	47	92	67
97	6	27	79	27	27
92	34	34	34	50	53
17	40	17	17	4	65
19	7	30	22	37	52
87	99	97	34	29	12
62	71	3	76	81	38
80	16	28	26	26	26
84	38	38	90	38	70
9	73	1	82	36	63
56	87	65	2	64	68
63	1	1	86	1	12
95	67	67	15	81	57
51	92	43	30	14	74
69	66	37	43	91	85
48	34	71	59	48	89
7	61	39	91	92	52
32	12	2	32	32	61
43	89	52	82	65	83
18	12	23	18	24	18
9	40	40	12	40	13
89	6	21	21	70	92
48	29	73	13	3	17
39	19	39	80	67	63
47	20	22	20	94	20
17	17	57	47	24	17
77	37	37	40	37	73
9	32	32	25	15	20
100	46	15	39	4	33
70	37	37	96	25	37
15	40	26	30	12	61
71	24	98	6	19	22
22	13	35	16	33	30
32	91	78	31	32	32
48	9	9	9	7	29
28	73	54	60	74	73
58	73	34	40	100	33
44	53	18	41	71	35
57	86	20	78	25	76
82	23	42	91	34	87
59	66	90	74	83	94
19	29	75	73	61	40
69	63	25	79	74	3
30	27	32	30	2	30
96	14	78	89	28	10
1	84	90	6	80	88
48	96	13	34	77	51
73	99	48	40	92	73
54	49	38	49	70	19
19	50	50	50	100	91
40	87	29	36	91	76
71	6	70	50	32	89
5	7	56	75	17	4
8	42	4	81	49	39
13	3	30	64	97	82
71	78	48	91	86	9
47	34	98	62	85	51
61	68	85	79	62	91
5	75	22	10	91	32
58	47	55	72	48	30
78	36	29	32	47	77
70	99	41	36	36	36
28	28	17	59	53	28
13	90	57	13	13	96
7	54	1	57	92	25
29	62	56	54	24	92
77	26	26	41	90	33
45	64	14	45	40	45
46	96	98	16	93	19
57	5	94	70	20	75
46	53	4	31	43	14
18	26	22	21	58	55
95	59	76	1	48	26
12	84	60	48	97	45
2	77	49	9	2	2
49	23	49	49	8	51
58	11	89	57	38	48
5	12	5	13	5	6
73	22	97	96	26	51
98	21	15	38	57	19
89	71	14	14	51	14
30	18	72	18	75	18
78	98	43	97	27	66
83	4	88	81	90	59
82	18	91	100	17	78
84	80	90	92	75	1
2	2	2	64	59	14
31	45	45	57	45	9
54	97	44	27	91	69
36	28	52	60	11	79
40	34	47	74	54	24
28	87	87	71	99	87
46	94	32	95	46	46
30	27	30	68	82	30
44	86	79	12	78	34
11	64	85	11	95	11
37	37	43	87	45	37
16	80	16	11	16	68
38	38	30	25	38	67
28	48	48	71	48	96
92	51	66	72	1	13
13	19	75	45	4	36
100	50	59	50	50	45
52	22	15	90	3	7
63	63	90	59	80	41
93	33	10	5	8	50
96	67	49	71	59	34
36	36	5	49	36	72
78	44	16	63	16	16
19	29	36	73	70	36
67	62	23	23	23	22
51	54	38	14	51	92
100	4	5	3	3	3
69	74	78	59	5	32
26	48	70	6	6	6
7	26	71	64	52	65
24	29	24	24	86	34
76	33	56	28	12	70
93	3	42	23	5	81
36	40	44	46	44	44
74	43	68	15	13	87
43	71	63	43	43	59
37	22	56	35	96	25
16	41	54	77	80	22
17	56	52	26	86	78
75	52	59	1	31	50
2	19	71	21	70	87
99	29	28	8	97	88
28	34	23	36	94	2
70	77	6	35	54	3
50	95	41	84	62	99
3	99	97	84	3	3
92	10	48	1	60	20
10	42	35	75	80	11
92	90	16	100	33	38
81	33	57	16	87	23
98	65	96	2	49	96
25	37	63	71	46	20
84	49	86	71	88	3
6	49	20	6	63	26
98	87	10	10	60	10
40	54	98	10	52	62
11	46	79	58	24	54
7	5	22	64	94	4
65	21	22	16	58	34
4	10	86	78	4	4
7	70	93	15	69	28
12	13	44	54	35	92
8	50	89	69	31	96
50	71	24	37	9	93
75	50	90	75	47	83
68	31	91	31	60	31
25	60	100	9	94	94
26	14	32	83	85	97
64	75	60	32	65	44
12	72	8	7	98	11
63	50	10	48	86	12
13	27	74	34	86	59
74	12	58	5	25	55
43	46	18	43	69	43
47	20	29	89	96	46
50	49	71	9	2	50
77	8	53	8	8	49
49	2	34	33	30	1
87	59	28	91	69	17
68	5	33	76	90	57
3	36	87	50	42	76
8	67	18	18	55	18
35	35	75	35	7	98
57	58	95	49	29	5
19	19	47	70	19	61
61	77	9	9	9	100
26	23	23	25	98	23
2	10	53	71	31	62
6	21	90	47	83	32
18	18	93	59	91	18
65	43	24	69	39	74
76	8	92	59	4	35
97	49	4	39	58	100
8	80	24	38	43	45
80	11	13	45	50	28
9	73	92	9	24	9
8	12	1	1	98	1
78	17	17	94	17	33
97	32	5	88	26	35
52	42	72	35	33	76
29	44	26	66	44	44
19	35	35	69	35	46
35	75	80	56	13	1
90	54	36	22	60	75
83	12	47	50	15	37
23	59	15	11	15	15
25	25	75	25	6	84
23	85	86	39	34	44
33	10	53	87	31	54
47	5	93	57	57	76
63	18	15	86	46	7
7	69	7	87	70	7
39	39	39	26	58	60
54	30	46	21	46	46
4	3	33	3	69	3
90	41	92	92	44	13
3	87	52	19	95	80
94	43	56	34	34	98
87	98	87	19	87	36
64	55	2	3	2	2
1	46	90	47	40	72
9	46	19	23	90	55
86	9	96	13	7	47
27	85	20	27	27	21
19	19	36	67	19	46
45	69	34	34	34	13
28	33	49	29	37	32
66	21	2	2	71	2
34	36	48	15	58	86
66	97	37	11	11	94
82	56	33	90	21	11
22	100	50	23	54	64
13	72	13	69	13	65
44	99	22	59	25	92
53	24	38	83	95	55
97	17	24	17	17	76
9	47	47	48	76	56
98	79	26	73	76	53
63	73	28	42	21	37
25	94	75	1	94	1
15	15	75	15	29	87
52	55	37	64	76	86
20	42	67	71	17	44
18	37	33	33	33	86
68	69	11	94	47	29
48	47	61	31	19	26
92	34	78	87	5	45
85	31	83	94	80	22
27	15	15	25	100	15
74	58	56	43	14	82
82	20	81	15	45	37
69	100	8	23	80	20
66	71	60	72	73	5
24	49	49	19	49	89
45	8	4	56	8	8
34	12	17	17	17	42
39	37	19	32	19	98
85	56	21	50	45	22
28	36	8	100	95	36
99	68	35	57	94	33
36	66	30	97	13	22
18	22	18	75	15	18
68	46	61	70	77	40
14	23	49	27	26	29
85	37	37	43	12	37
14	31	39	31	31	46
94	53	68	65	26	85
86	32	7	95	57	58
32	24	24	61	24	16
65	91	45	45	100	45
14	49	41	7	4	38
92	81	60	66	9	96
89	13	74	14	45	11
7	39	39	93	39	46
48	48	91	48	79	78
45	80	80	23	67	80
37	78	100	16	90	4
42	28	27	37	31	89
19	19	65	60	19	52
8	22	39	9	4	95
100	80	4	66	3	14
27	27	56	27	79	50
3	3	35	90	3	41
24	47	54	50	67	26
45	23	92	27	84	33
95	33	86	85	27	96
18	49	9	13	13	23
8	38	32	32	3	32
6	39	52	10	28	19
23	35	74	35	35	81
60	59	83	77	41	16
89	32	16	26	64	66
47	30	95	56	16	52
55	21	21	21	26	9
6	75	98	34	41	48
21	74	11	77	81	45
23	23	19	92	23	76
92	17	74	93	29	41
19	25	100	18	33	16
52	74	77	27	90	9
88	76	33	69	26	29
78	63	58	17	95	32
13	9	24	68	13	13
68	82	28	6	39	25
44	44	40	67	16	44
11	11	11	23	49	24
11	15	48	58	30	29
13	89	68	49	64	40
1	67	6	25	75	80
52	34	65	40	97	13
47	91	92	47	35	47
21	35	5	89	15	39
63	34	3	3	24	3
38	13	66	38	38	58
42	13	52	33	32	43
93	80	75	97	95	46
46	56	4	71	32	1
21	19	21	21	98	31
38	38	96	19	38	43
87	10	13	65	37	7
23	48	50	96	61	26
26	85	32	58	32	32
26	77	85	26	80	26
57	16	19	73	51	80
39	16	68	63	97	4
4	21	18	47	35	39
53	73	25	6	30	29
95	43	53	34	14	11
13	17	45	30	56	47
72	29	29	37	58	74
40	39	95	40	96	40
25	70	61	77	5	65
2	62	48	48	80	48
59	67	72	22	26	42
24	24	45	17	24	1
78	12	5	89	3	25
92	93	1	5	11	99
57	66	80	54	47	31
16	20	79	20	20	23
10	99	82	22	61	13
10	63	48	54	34	73
12	26	1	34	26	26
36	31	34	36	79	31
72	56	33	81	57	91
75	40	39	95	72	60
94	58	24	52	21	81
66	85	91	46	20	16
20	51	77	35	51	36
8	92	6	6	6	93
69	2	86	2	2	50
55	20	45	75	82	52
99	47	45	41	26	61
93	56	58	3	21	47
48	6	22	48	46	48
94	48	89	11	40	88
18	89	54	29	86	22
55	76	43	54	24	31
73	88	17	25	18	50
20	47	41	20	20	59
82	40	40	40	10	3
48	58	91	98	91	55
47	41	17	47	55	17
45	85	65	32	18	84
79	4	14	57	36	31
10	10	10	95	36	98
21	36	82	22	36	36
12	9	67	58	70	34
10	70	77	10	21	5
39	1	84	42	99	13
12	74	95	34	19	62
27	51	78	71	34	97
4	79	91	27	27	27
3	3	81	38	56	3
35	55	83	33	86	15
16	74	87	15	52	20
36	36	13	45	90	36
72	15	20	8	32	27
3	99	34	72	38	40
42	41	87	42	42	68
12	53	33	76	12	89
32	57	43	49	19	61
52	91	57	37	60	45
44	84	91	44	44	93
70	35	23	32	42	28
31	48	48	66	95	48
52	65	95	76	19	44
22	47	20	14	20	20
16	1	81	7	36	98
75	78	72	55	8	84
63	70	18	23	35	70
41	5	49	99	99	62
34	28	70	58	55	4
16	50	91	50	50	76
30	87	11	24	26	61
89	88	48	48	40	48
42	59	2	76	69	52
92	76	24	54	5	66
17	76	7	11	29	47
47	31	34	34	34	10
17	75	19	46	45	78
57	1	85	30	1	1
40	65	6	26	16	71
92	74	75	21	48	85
66	23	39	11	47	2
88	48	36	35	50	74
35	4	35	51	87	35
59	64	56	21	80	41
15	67	81	95	14	81
35	28	35	62	63	35
89	21	21	97	19	75
77	87	1	17	99	49
15	11	15	15	75	43
49	15	4	49	49	22
80	38	51	4	38	31
32	59	87	59	21	7
95	44	53	94	58	86
46	46	4	46	22	60
95	8	98	14	93	42
85	14	3	3	74	3
38	18	45	97	72	15
87	23	66	66	36	75
35	64	35	73	35	62
91	72	99	29	23	31
57	34	34	26	34	80
65	48	57	87	22	35
75	33	29	49	97	5
11	3	3	3	59	81
48	51	6	43	88	11
46	46	11	32	46	86
32	25	60	47	45	49
4	67	16	46	4	4
9	9	84	20	9	29
27	84	35	41	35	35
42	9	49	33	42	42
18	31	75	31	57	31
44	61	25	36	29	66
43	72	12	45	43	79
20	38	87	20	20	27
18	74	18	84	40	87
76	9	30	37	72	73
75	45	47	39	39	39
20	72	34	34	34	10
53	67	89	69	86	2
67	74	46	7	29	15
36	86	65	60	12	19
90	62	92	53	33	53
98	93	69	34	55	97
1	34	46	80	76	90
69	100	21	12	63	30
33	27	83	30	30	30
15	21	38	89	63	63
91	25	74	10	30	13
55	30	2	86	76	16
96	79	58	91	42	69
6	25	84	54	88	89
94	35	14	30	91	100
64	44	61	42	44	15
25	1	82	25	25	95
59	95	5	22	27	10
66	56	85	3	31	23
5	53	90	25	88	77
96	81	30	22	27	1
64	6	60	10	11	28
35	10	3	57	99	75
25	13	55	72	26	96
88	5	19	50	16	48
17	62	75	17	60	17
17	30	99	30	30	51
33	44	80	6	67	56
91	32	3	27	54	98
79	42	33	18	54	23
38	4	96	56	20	71
15	14	15	34	3	15
74	45	14	53	73	3
12	92	12	75	80	12
39	39	85	6	39	22
71	78	61	66	82	91
70	68	27	91	28	34
15	4	84	56	35	88
77	48	30	47	48	48
70	88	7	18	67	59
72	30	62	1	12	18
16	76	38	38	38	94
61	77	32	71	79	32
19	19	19	84	75	46
56	23	66	56	75	40
17	31	94	38	46	20
92	86	1	33	70	15
98	75	3	63	11	84
49	75	12	77	20	96
7	99	4	73	62	93
79	51	27	84	100	82
27	71	11	14	55	32
97	86	8	2	58	99
44	11	44	54	44	74
71	77	34	10	100	97
31	84	6	27	82	57
79	67	32	60	48	90
44	12	55	21	83	79
86	93	53	82	100	98
55	42	42	51	42	72
28	11	11	97	23	11
34	94	83	67	7	73
71	32	94	99	32	32
12	50	50	50	94	60
4	67	33	76	20	69
42	98	96	49	71	55
52	79	71	93	33	97
34	58	60	25	42	66
25	35	92	80	14	74
22	18	27	75	12	78
28	23	23	20	23	45
62	13	23	13	77	13
31	31	28	24	31	72
47	62	47	22	26	47
12	19	78	13	41	7
52	99	46	8	94	26
83	13	80	53	23	93
1	16	64	52	90	2
100	2	8	58	80	98
10	92	69	57	4	9
85	41	70	35	99	37
60	16	55	53	8	29
46	46	76	48	25	46
49	85	96	96	33	73
58	40	39	39	39	71
37	22	18	53	5	18
62	43	43	43	99	60
49	59	74	79	34	74
60	69	32	28	27	62
52	77	1	1	1	54
37	65	37	54	29	37
35	83	72	35	33	35
17	75	94	17	84	17
20	20	74	20	51	95
6	3	40	20	98	28
26	55	64	36	4	86
70	55	23	35	39	31
90	82	44	44	44	85
39	36	54	8	91	54
5	85	58	48	44	39
87	46	16	54	16	16
84	27	71	37	97	88
25	9	73	25	25	83
58	53	62	72	95	19
47	47	9	47	18	25
62	44	8	41	41	30
50	17	69	73	70	43
43	35	34	68	27	13
58	37	72	67	37	37
44	44	3	23	44	96
38	28	82	71	56	51
71	2	72	100	2	17
56	48	23	47	2	79
16	23	49	35	82	85
95	64	76	7	27	88
72	81	29	11	56	8
82	31	62	48	92	43
73	90	65	35	3	45
64	85	79	35	24	11
5	28	52	5	92	5
62	42	68	31	46	59
15	68	16	79	16	16
61	37	3	46	7	2
79	19	42	74	44	22
98	52	47	77	86	92
4	85	54	94	77	30
35	98	90	6	26	3
38	44	23	43	31	72
26	33	17	67	9	69
32	84	19	71	32	32
14	29	14	32	46	14
80	6	79	63	71	49
66	60	12	58	72	100
1	27	1	64	1	7
31	73	38	95	31	31
56	11	24	24	70	24
68	28	6	90	47	33
48	48	78	82	48	35
80	60	26	33	3	4
17	75	53	58	62	57
57	77	94	98	71	29
91	26	49	31	52	70
71	75	59	74	71	69
38	32	53	20	17	69
42	90	87	19	61	74
36	91	91	70	21	72
3	45	71	62	67	38
8	8	14	12	17	8
8	72	10	21	81	15
64	75	17	47	28	69
18	43	38	2	57	65
9	9	41	89	46	9
46	79	24	87	77	50
12	3	55	87	37	45
10	84	87	43	62	30
93	27	5	83	97	100
37	67	80	85	14	55
3	27	71	6	89	55
4	18	89	18	18	25
14	23	14	1	14	78
85	34	68	55	62	17
35	3	95	63	38	8
14	11	62	69	76	27
12	11	11	20	11	2
13	13	64	47	4	13
88	27	20	60	31	4
49	98	95	85	97	86
73	42	65	19	67	43
79	20	43	43	53	43
18	19	3	16	75	7
10	10	32	10	22	72
20	14	75	75	14	52
16	71	64	64	40	35
31	15	25	98	97	89
46	6	38	30	35	57
38	33	81	24	75	37
39	51	40	76	39	39
44	92	54	35	35	35
28	12	12	12	16	1
43	98	99	68	53	92
15	15	3	71	41	21
58	60	78	61	10	81
84	54	74	85	74	67
12	43	33	37	51	59
62	43	80	36	32	38
82	87	68	11	5	16
88	24	78	43	15	65
80	15	23	87	23	61
68	96	93	71	74	2
43	2	45	53	55	15
60	59	68	79	16	77
44	14	52	44	15	44
68	93	3	60	85	27
89	15	31	5	35	1
42	73	75	89	38	38
16	45	45	45	58	97
76	85	50	36	71	1
14	20	85	83	72	97
26	15	29	87	26	26
96	9	9	12	45	9
24	21	14	14	14	3
81	19	88	47	98	97
99	67	98	42	34	97
29	88	35	25	25	25
70	13	43	89	52	6
3	96	90	75	91	8
90	71	98	38	84	87
3	47	12	99	73	9
20	53	22	2	54	35
41	99	43	43	43	96
47	67	46	52	55	37
17	69	85	94	49	97
22	38	73	59	87	82
27	27	49	28	1	27
33	79	33	33	28	93
91	17	50	17	17	56
11	60	8	1	30	40
96	87	38	73	38	38
2	68	43	84	92	91
31	6	5	73	22	83
19	25	19	19	87	99
69	73	69	20	69	57
31	10	93	63	77	22
5	43	78	88	28	94
9	87	98	6	47	50
49	82	29	29	26	29
31	31	31	29	84	26
45	89	45	100	99	45
59	20	87	18	27	90
88	33	29	29	29	100
58	57	86	86	34	66
67	47	33	65	84	69
79	87	52	77	2	67
63	44	56	22	51	29
18	36	68	35	81	30
61	27	90	9	2	71
39	39	46	39	1	28
86	72	71	77	52	65
8	49	11	54	53	89
39	34	48	95	44	49
86	77	84	3	70	99
11	11	58	18	37	11
73	92	77	24	67	40
51	65	92	39	75	66
55	77	75	64	69	30
32	25	66	69	81	11
28	55	50	5	71	64
31	85	100	38	70	28
68	37	37	37	63	57
25	37	48	20	20	20
5	86	98	66	31	95
4	4	93	4	66	88
44	44	76	44	9	71
11	55	29	14	100	57
100	18	90	28	91	87
68	78	14	92	73	46
48	19	39	36	68	32
67	77	12	65	73	34
39	31	82	21	37	68
79	80	50	95	85	32
50	24	14	41	11	87
51	84	21	64	92	49
71	74	68	88	70	1
80	86	48	27	41	86
26	3	90	74	26	26
25	68	92	93	44	76
34	15	34	19	53	3
19	19	4	19	90	3
19	52	26	42	19	19
46	39	8	23	44	68
11	58	20	3	89	78
82	71	38	60	66	25
79	4	100	91	84	30
61	87	8	61	67	64
37	47	73	37	37	61
62	58	40	42	35	64
1	50	98	14	18	44
74	57	87	88	93	75
37	41	88	43	51	10
41	23	57	11	2	56
95	13	46	93	28	85
77	34	48	24	96	10
21	57	21	20	93	21
50	50	50	6	17	79
10	10	44	10	78	52
78	38	98	38	38	83
41	24	41	41	15	59
92	33	69	6	17	68
30	36	75	27	99	74
20	4	58	79	4	4
56	73	54	69	51	51
12	9	25	87	47	53
37	44	18	18	89	18
38	40	44	81	48	54
53	78	8	78	19	63
89	25	35	52	25	21
24	58	96	35	77	42
37	62	18	95	83	1
13	19	19	49	62	19
21	46	40	89	25	12
97	52	43	87	85	53
91	41	98	46	89	55
59	54	57	27	77	96
66	84	1	89	2	44
65	55	52	14	26	57
26	16	20	5	81	73
76	18	43	6	34	8
33	73	7	67	35	79
89	94	85	38	81	33
56	15	3	3	95	3
79	98	78	23	78	68
73	95	17	98	93	32
4	16	4	61	4	2
33	8	33	36	33	28
77	86	76	19	36	72
91	18	30	92	14	86
68	35	33	30	57	59
16	49	86	34	90	61
60	44	49	88	73	28
78	67	91	40	40	40
78	37	37	91	37	83
89	35	73	76	30	56
2	65	25	11	37	25
2	28	84	28	28	44
56	1	69	85	46	22
39	51	20	20	49	20
36	1	45	15	38	25
3	25	8	85	96	47
69	79	18	18	18	31
9	22	43	57	42	6
33	52	1	1	1	54
28	88	53	19	88	33
83	48	39	48	36	48
35	54	5	5	5	91
35	55	35	35	77	20
88	76	95	31	69	24
72	54	12	62	82	51
46	74	54	56	46	46
18	20	20	20	88	91
97	34	85	81	71	25
26	1	57	86	18	79
25	87	20	75	43	45
35	1	89	75	85	98
36	77	2	13	56	37
15	18	92	38	78	37
74	48	28	18	21	64
66	98	27	93	53	27
98	55	60	5	69	15
59	46	46	46	98	41
96	28	82	98	88	33
1	10	71	86	8	57
42	57	57	86	14	95
49	80	49	49	22	32
41	33	86	6	6	6
1	82	45	36	44	10
92	62	29	83	29	93
9	39	61	95	76	91
54	44	31	2	64	19
18	94	47	75	47	47
99	25	70	97	27	25
82	18	68	20	20	94
65	76	7	98	9	14
31	11	2	91	85	55
40	83	9	68	9	90
65	24	24	24	77	40
92	19	62	36	32	66
98	6	74	57	83	2
94	38	33	37	72	16
55	87	39	18	24	62
28	100	28	28	60	35
46	90	46	9	12	62
48	18	99	18	55	18
5	29	46	4	79	6
13	31	21	13	57	13
14	71	19	12	6	61
34	97	48	61	70	94
57	75	69	90	3	12
95	70	78	89	38	34
76	70	100	62	26	28
98	22	12	3	91	85
48	48	99	20	21	48
99	41	16	41	60	47
99	29	38	50	42	63
62	29	31	74	23	60
15	80	52	100	9	73
70	4	11	62	82	51
35	52	24	24	65	52
8	13	91	71	13	13
52	41	7	14	88	23
53	1	10	50	70	97
50	6	80	66	50	50
37	78	37	53	20	37
35	6	85	1	6	6
24	37	20	39	87	51
88	72	64	49	45	14
15	28	57	15	79	15
56	47	47	62	3	47
28	28	28	95	16	67
90	44	85	32	56	25
8	8	78	61	8	60
83	24	73	6	19	90
87	70	79	88	93	60
20	90	21	76	11	39
100	4	82	51	9	42
90	75	18	76	72	3
35	71	48	86	28	62
6	91	23	44	2	68
49	15	49	33	49	76
1	76	52	20	28	10
98	48	45	45	45	91
41	93	41	29	92	41
73	14	87	67	14	14
1	34	86	87	7	43
74	90	36	36	38	36
55	62	36	40	20	86
43	78	60	51	49	61
6	59	44	38	72	47
55	1	33	33	33	54
86	11	11	15	16	84
24	43	50	71	82	8
71	66	75	89	26	54
43	6	6	77	20	6
60	9	84	33	66	17
46	61	1	18	11	27
31	59	10	78	36	51
61	5	20	71	33	56
74	84	31	23	31	31
21	35	35	35	3	37
79	49	5	32	32	32
69	80	66	28	1	69
6	18	81	36	90	94
30	19	19	13	39	51
54	71	3	51	23	99
49	77	29	86	91	27
55	71	63	51	36	44
81	18	30	42	33	95
59	45	7	41	59	94
4	7	38	22	22	22
31	7	39	89	57	1
44	25	71	53	36	36
67	50	50	21	50	64
100	77	79	29	81	6
93	38	26	97	35	77
8	58	28	18	65	100
37	10	30	14	63	7
16	32	69	12	35	75
25	52	6	17	20	96
42	42	42	68	93	55
66	41	38	87	57	59
94	64	78	57	28	70
48	20	82	48	83	48
22	18	28	23	22	22
37	8	14	44	7	31
61	94	32	96	33	90
73	65	53	14	69	65
100	65	18	21	83	63
61	81	38	8	33	79
78	77	98	10	63	83
58	51	9	69	11	94
49	34	53	86	45	6
77	70	72	48	99	39
39	71	42	87	61	43
18	90	64	89	19	20
85	54	28	58	53	86
95	19	44	36	73	58
12	29	52	40	36	99
89	44	86	30	68	11
44	44	77	44	82	37
57	54	50	59	2	48
50	45	10	47	11	31
45	12	85	55	44	82
90	96	36	89	82	17
49	76	41	29	9	48
30	32	32	32	15	14
37	28	82	21	76	54
2	2	52	2	66	27
68	70	75	63	20	31
13	55	35	23	37	55
1	1	45	1	100	30
56	57	21	41	57	36
61	73	88	19	79	44
67	57	80	51	75	88
63	95	55	97	24	70
60	99	44	55	20	35
92	26	69	73	88	54
5	5	39	16	5	36
79	85	58	47	47	47
39	57	22	43	65	43
64	69	82	54	22	18
86	40	32	66	26	76
76	94	97	75	15	69
49	98	62	80	29	64
93	95	74	8	56	3
93	33	33	10	51	33
68	22	91	43	46	88
36	59	64	53	55	55
95	5	98	62	46	78
29	28	16	33	17	65
99	76	38	23	52	87
1	41	48	1	27	45
39	39	22	4	40	67
46	6	35	30	6	6
16	61	75	95	54	87
50	43	73	43	71	43
64	88	92	22	75	97
50	50	24	67	50	82
66	52	40	93	67	42
93	59	39	39	39	14
56	22	69	79	41	60
39	88	31	58	41	14
70	43	27	33	38	69
79	26	66	8	8	8
18	82	84	39	5	8
87	19	34	50	64	44
73	17	87	32	54	34
23	23	37	87	32	23
9	93	49	77	67	80
1	51	18	4	4	4
17	17	80	17	75	61
21	21	99	46	21	17
50	39	15	53	15	64
96	26	96	16	61	33
31	3	35	3	3	41
85	4	25	4	4	82
24	64	48	63	63	41
44	71	28	46	30	73
8	48	48	87	48	85
25	94	82	69	50	42
49	43	83	66	20	64
82	26	9	13	4	42
89	67	52	96	36	29
49	83	63	77	51	24
17	48	96	25	71	100
13	67	54	73	90	59
50	50	50	92	55	71
51	63	73	40	28	35
62	92	93	20	9	66
98	12	22	22	22	55
83	79	45	50	6	72
32	97	71	13	87	34
59	9	11	7	40	12
29	88	97	34	19	52
76	65	47	84	70	11
35	32	35	9	65	42
46	8	88	89	38	94
29	39	60	53	25	70
93	40	6	9	89	66
30	94	86	30	30	82
74	95	72	65	20	56
89	45	58	78	76	24
32	92	15	30	15	15
76	48	48	2	48	65
81	63	65	45	78	5
65	88	58	78	92	28
92	76	59	57	78	17
94	20	44	33	33	33
28	4	42	27	4	4
66	5	3	68	38	78
82	59	14	67	50	23
43	16	16	37	16	57
20	76	60	57	72	29
48	22	57	48	48	2
94	6	61	77	62	9
23	91	72	84	42	4
9	3	88	95	75	46
89	3	3	76	57	3
57	26	22	1	51	95
26	52	73	49	83	21
76	10	66	10	10	83
60	91	40	21	49	58
71	17	66	45	17	17
26	51	89	23	26	26
66	37	92	16	37	37
80	32	82	72	90	81
74	38	35	38	6	38
4	58	3	72	53	55
55	7	46	51	96	90
87	42	90	71	42	100
7	86	54	94	83	48
81	33	81	89	7	79
27	82	5	68	25	40
57	60	51	7	98	9
12	22	66	18	12	12
16	22	49	91	50	10
12	29	78	5	76	32
5	32	32	32	53	100
22	22	89	41	22	76
65	66	75	98	19	30
6	51	4	36	75	30
10	87	65	43	5	18
40	37	90	44	47	88
85	94	11	67	84	76
19	33	13	7	91	89
39	6	20	25	67	25
29	40	98	16	32	70
95	51	50	76	27	34
34	5	95	56	45	75
53	33	24	33	33	90
96	36	92	49	41	15
20	86	40	22	31	77
21	21	7	24	3	21
60	34	34	100	93	34
93	23	11	63	53	37
9	100	100	93	24	24
2	85	87	28	28	6
69	58	48	24	20	9
61	5	51	34	10	90
16	36	43	80	59	95
12	45	45	33	45	28
12	20	46	45	82	73
87	78	11	44	13	31
63	42	97	14	85	90
55	98	8	8	47	8
43	21	22	54	20	1
79	43	9	42	51	73
34	81	34	49	40	34
10	97	10	68	10	38
69	53	78	61	82	24
36	18	2	47	55	87
90	40	98	26	44	69
54	49	33	67	54	84
6	6	26	38	89	6
36	58	66	3	16	50
100	67	48	32	32	32
45	45	74	75	78	45
4	1	2	61	63	99
83	80	26	26	93	26
4	89	62	5	94	6
41	38	6	31	19	9
5	25	25	25	62	89
82	59	87	77	31	62
53	42	78	47	55	59
24	36	15	67	15	75
33	73	33	27	76	33
7	54	79	95	67	74
41	7	41	49	73	41
71	43	43	11	5	43
79	40	13	5	83	17
85	99	93	88	80	56
48	85	77	48	43	89
66	14	19	17	17	17
20	20	43	64	20	53
69	58	95	71	75	50
68	100	43	6	82	83
56	47	36	90	65	51
7	59	23	36	58	27
81	79	13	22	43	16
13	44	42	21	88	39
92	49	96	64	49	49
11	75	11	61	31	11
2	58	40	71	4	54
33	87	2	49	29	83
8	10	8	28	8	40
53	87	17	69	77	57
10	86	54	96	69	98
41	41	41	9	42	35
18	87	30	18	59	57
49	48	11	26	50	25
39	26	89	2	21	5
50	36	66	25	18	78
89	18	9	64	18	18
35	18	54	74	40	61
52	61	8	25	8	8
2	72	60	14	81	18
17	71	61	88	21	56
25	14	14	34	43	14
87	73	72	52	21	25
53	99	94	68	49	2
20	84	1	34	61	54
54	44	88	54	44	80
30	28	69	27	64	100
83	72	3	3	3	57
95	93	42	71	53	18
72	26	45	41	29	42
2	28	28	48	12	28
45	26	68	1	84	23
55	39	29	67	50	33
7	7	22	82	80	7
58	71	39	60	32	81
42	85	45	44	88	68
87	58	94	45	87	30
51	6	52	91	67	59
94	67	89	73	50	89
7	3	99	88	67	98
66	17	9	17	17	92
70	98	2	18	33	93
41	55	16	50	63	29
73	82	68	28	93	34
74	32	23	89	68	25
41	15	68	6	60	4
13	26	26	95	26	8
44	34	77	4	81	69
64	28	12	8	12	12
25	48	88	10	68	38
19	88	36	36	59	13
31	81	31	92	75	31
19	8	46	23	64	33
57	30	76	30	62	18
71	76	26	92	10	13
60	92	31	51	76	26
84	76	11	52	16	64
5	10	33	35	78	60
17	77	24	21	1	98
77	26	86	13	47	41
85	65	92	91	2	24
69	93	11	64	14	7
99	35	29	11	7	73
1	12	3	69	38	74
79	45	31	63	32	75
34	41	3	41	86	41
96	22	90	99	46	27
58	27	15	17	3	12
59	33	88	66	11	55
55	37	95	98	17	12
18	76	42	28	74	50
3	28	21	21	21	69
32	32	60	42	32	36
11	53	6	9	37	94
77	97	97	23	85	7
39	34	13	66	73	33
96	8	7	22	8	8
84	5	38	5	10	5
37	59	34	4	17	98
30	65	75	38	83	84
1	23	23	23	63	54
86	9	11	76	96	34
3	97	43	30	49	28
32	11	56	54	41	12
5	37	37	52	25	37
19	47	57	41	90	68
31	2	100	37	24	30
1	13	26	90	61	67
66	76	18	100	53	36
97	97	95	85	54	59
96	88	90	43	44	45
7	2	6	74	39	84
71	67	7	20	33	9
34	22	34	19	34	64
35	16	77	100	42	45
5	60	41	51	77	24
94	28	97	70	18	66
53	83	53	22	58	50
45	71	11	62	79	66
35	78	75	35	35	52
60	23	80	23	99	23
88	48	12	61	71	34
53	62	69	87	42	74
30	83	69	71	10	46
4	78	35	54	6	31
41	23	41	37	41	48
38	63	94	38	38	68
63	7	91	78	7	7
40	43	19	19	37	19
7	95	35	35	87	35
75	54	84	14	25	21
49	32	85	20	8	22
49	70	49	2	22	49
82	48	43	11	66	94
93	13	41	13	13	61
87	13	72	19	72	79
19	46	85	44	33	82
24	78	100	21	1	58
10	12	6	21	14	53
99	20	85	64	58	79
14	23	61	86	17	12
58	75	87	43	39	54
97	58	92	89	71	23
39	86	21	39	39	89
76	98	83	61	85	92
62	88	58	89	95	51
47	47	65	7	47	80
58	82	74	70	91	58
10	7	5	5	5	31
80	12	24	56	70	53
24	42	20	41	59	26
1	13	13	66	67	13
90	57	74	91	61	68
52	63	25	34	54	60
10	24	43	43	35	43
14	93	61	69	67	48
49	38	47	29	38	38
46	18	85	48	80	65
98	82	99	24	63	18
77	30	68	68	19	76
45	12	63	9	12	12
43	85	19	43	91	43
27	95	27	68	27	67
90	62	51	61	40	42
57	64	88	45	15	87
19	50	19	46	3	19
50	85	42	90	62	12
9	23	29	66	18	74
98	67	35	5	50	76
72	23	53	23	23	99
36	46	65	46	59	46
60	51	41	21	35	69
6	4	17	12	84	30
14	68	56	36	58	53
8	8	93	95	99	8
47	29	39	45	28	50
7	7	7	77	35	71
61	50	72	26	70	68
8	23	92	14	24	71
41	41	25	95	97	41
97	64	84	34	5	25
51	90	76	8	85	28
65	45	23	18	6	14
94	16	36	20	35	22
47	90	13	83	5	84
59	62	37	50	38	10
91	9	42	24	24	24
44	42	66	50	90	30
91	52	97	26	41	11
86	81	52	57	21	70
64	80	76	17	9	98
45	42	39	5	35	41
8	47	14	67	27	19
8	57	95	21	2	64
36	5	10	36	36	97
64	58	26	21	48	13
12	33	18	51	68	54
14	98	14	14	95	10
3	83	37	70	73	3
38	27	23	50	85	72
57	86	82	94	98	40
76	38	72	79	83	61
21	98	22	13	47	59
96	46	13	58	78	92
77	69	96	15	2	89
51	44	35	75	48	51
63	74	64	64	63	58
45	6	45	93	45	27
19	86	73	95	83	56
86	40	51	74	40	40
19	15	11	1	95	20
5	92	83	56	85	65
42	63	57	26	59	68
84	48	48	87	48	74
82	15	48	71	65	88
17	61	79	97	38	89
90	43	32	32	32	61
10	19	10	46	10	94
1	79	74	4	94	3
48	2	19	79	48	48
70	48	79	100	52	17
28	85	48	68	94	9
35	71	81	35	35	24
50	50	4	50	96	81
69	78	91	59	17	45
28	28	2	20	28	87
91	40	96	63	20	8
87	28	91	76	4	63
77	1	22	54	80	11
25	12	44	88	25	25
11	42	91	50	93	66
1	49	1	50	1	12
70	81	44	28	67	49
14	23	13	30	26	33
72	64	68	61	47	20
7	53	77	23	100	89
8	8	71	59	8	49
68	27	46	63	27	27
47	58	1	1	44	55
73	14	75	1	12	63
45	45	53	100	45	76
68	53	86	89	79	85
100	65	82	61	26	19
7	7	96	7	18	4
20	22	52	22	22	56
25	62	53	37	78	37
52	21	62	66	27	75
34	45	99	86	22	68
10	11	51	72	33	57
44	44	44	53	92	65
15	82	4	44	89	55
98	22	60	97	64	66
24	24	40	18	24	55
60	85	7	97	27	82
61	12	1	71	1	1
35	85	61	78	35	35
70	20	29	60	90	39
29	80	81	68	30	99
90	75	27	15	15	15
30	27	23	27	6	90
87	43	43	4	43	21
95	46	15	46	71	53
60	50	11	81	29	6
54	27	82	12	7	47
74	9	31	27	63	55
30	14	30	30	64	27
46	3	15	58	85	77
53	58	65	22	97	84
44	77	59	18	47	36
80	64	21	7	46	8
65	89	48	48	56	48
28	6	3	64	6	6
81	66	63	100	32	97
92	15	15	99	15	14
79	35	7	79	50	80
85	95	17	39	17	17
97	14	49	8	45	73
8	25	95	95	56	57
52	96	76	61	7	82
72	75	46	46	13	46
4	85	49	65	73	94
48	38	62	71	95	50
71	47	6	27	89	77
6	49	83	49	54	49
69	94	40	25	6	78
28	88	9	33	30	55
29	40	7	66	58	38
93	8	16	15	22	60
4	41	55	1	32	11
54	94	19	30	62	64
51	53	49	79	3	76
39	77	78	31	39	6
69	34	34	34	86	88
37	61	9	100	32	53
100	97	45	51	45	88
27	31	31	26	31	29
27	20	27	79	27	36
94	98	4	15	40	42
32	100	41	99	20	60
52	65	15	13	70	18
88	5	21	87	41	25
39	14	64	4	89	80
4	43	43	54	2	43
90	97	85	76	30	48
54	71	80	81	13	9
18	51	48	80	84	36
19	19	43	42	19	53
39	67	17	53	94	81
34	47	85	26	26	26
76	57	14	20	66	63
95	54	52	7	29	39
81	15	15	9	4	15
56	85	15	28	60	13
9	7	26	57	61	49
38	21	31	77	13	94
36	27	29	54	86	96
49	27	4	33	27	27
72	67	87	28	11	96
77	68	48	99	13	90
10	45	44	20	10	10
24	98	98	76	52	18
89	4	61	10	4	4
77	42	53	53	63	59
89	66	92	29	29	29
42	69	97	74	72	74
15	75	52	59	42	86
36	51	60	21	75	30
44	48	94	62	50	52
11	82	11	86	10	11
55	21	98	22	22	22
46	78	52	35	61	75
86	22	43	63	92	14
26	50	50	25	50	94
87	42	26	91	59	100
54	36	94	45	37	98
27	50	50	50	62	19
63	11	62	47	19	43
49	12	5	27	44	77
15	16	15	33	15	60
19	76	21	54	33	85
29	40	47	86	62	78
39	74	75	81	28	44
27	49	49	7	55	49
73	48	76	55	18	11
56	85	2	80	1	52
75	45	7	25	7	7
99	18	15	76	24	74
62	26	22	88	53	23
44	37	71	46	52	9
5	96	46	13	20	38
98	28	28	42	25	28
73	91	61	36	36	36
78	16	43	56	94	25
59	87	10	9	63	87
90	17	45	89	90	70
12	12	12	3	65	49
18	20	9	18	10	53
6	64	47	32	48	98
27	67	77	91	63	1
21	28	94	28	35	28
50	14	83	9	12	95
34	69	65	51	25	68
90	100	57	61	81	81
49	69	49	49	10	21
10	23	86	22	64	31
19	28	16	28	28	50
10	10	38	10	18	61
73	10	36	10	59	10
21	36	67	30	99	45
68	73	68	3	24	48
34	38	33	1	25	1
63	79	49	17	99	55
82	86	34	55	17	14
82	50	68	50	50	4
36	22	22	22	24	25
73	83	78	4	87	63
63	50	52	70	52	16
70	36	74	1	36	36
46	55	54	46	44	46
18	74	19	39	39	39
74	8	24	2	8	8
42	85	50	6	23	38
27	49	49	75	93	49
43	2	16	99	74	29
36	48	80	35	39	54
17	22	90	67	92	50
68	39	57	83	15	8
55	48	96	60	15	1
35	21	92	5	65	95
20	27	78	5	73	12
81	34	15	35	22	30
4	77	4	4	63	56
14	75	83	98	14	14
68	33	81	88	1	56
1	15	61	1	1	79
82	7	54	26	44	97
79	34	21	32	79	46
25	75	76	29	31	40
56	36	5	92	12	7
45	87	72	39	74	52
76	3	4	52	55	80
30	14	50	38	94	98
52	78	28	25	97	73
70	67	25	90	95	63
87	81	46	26	26	26
69	29	1	76	54	10
2	14	13	67	3	46
68	36	4	100	4	4
22	42	36	29	52	4
6	29	40	11	67	34
11	52	84	79	94	92
55	42	18	11	67	75
1	16	52	55	74	10
83	87	42	39	34	80
8	42	66	60	7	11
26	78	37	16	8	61
38	5	71	95	25	16
96	77	65	97	21	21
28	67	62	55	5	43
94	8	42	8	32	37
40	79	1	1	64	78
12	95	100	66	74	60
86	71	18	89	17	5
91	7	47	7	100	7
49	57	83	23	74	60
24	59	24	8	24	31
39	83	12	33	3	93
74	92	60	97	5	91
13	27	27	12	27	95
78	47	25	95	81	57
31	47	56	31	31	40
62	80	54	47	26	19
58	41	41	20	41	34
45	76	56	63	97	59
57	12	82	95	18	70
99	73	21	35	96	74
81	55	58	31	9	98
16	65	82	51	37	8
22	47	26	17	74	99
81	23	79	73	51	67
10	1	83	63	81	74
12	61	30	12	12	71
9	1	6	43	52	40
2	28	58	28	28	18
12	45	7	48	42	44
67	94	51	55	11	28
83	12	26	35	63	4
13	13	13	54	85	84
51	32	12	16	15	27
32	59	32	94	32	28
67	65	26	97	58	49
80	88	100	18	75	65
43	24	74	89	32	77
91	6	92	17	5	18
47	11	7	11	34	11
49	57	52	56	59	12
2	86	80	43	2	2
83	6	16	61	31	47
26	24	87	74	79	72
57	91	6	59	59	18
38	60	26	81	70	75
76	15	86	45	96	47
13	34	58	89	75	74
100	92	11	94	100	11
63	48	29	66	31	70
19	19	68	85	98	19
2	2	99	25	24	2
27	70	81	15	15	15
5	87	3	24	8	78
93	98	98	52	5	89
44	100	62	3	67	65
48	95	76	8	6	66
69	16	52	94	60	25
21	35	29	43	7	43
89	6	38	17	82	17
16	74	74	32	17	33
20	66	51	67	81	41
95	51	15	79	3	15
57	11	59	74	61	43
96	34	9	90	81	81
22	65	3	22	22	61
23	77	5	5	5	100
40	60	23	21	55	64
96	60	12	39	8	53
66	59	1	34	50	11
23	37	90	29	85	18
45	15	87	15	15	77
52	75	97	93	19	69
45	72	45	10	3	45
76	62	40	22	19	20
91	6	62	6	49	6
92	8	17	17	94	17
7	29	24	6	51	55
63	11	90	92	27	41
94	66	24	72	38	53
20	45	98	62	39	18
48	51	20	48	48	34
32	80	32	19	32	67
29	23	48	26	26	26
60	75	11	11	34	11
5	18	91	12	52	75
12	10	17	76	34	70
81	72	2	99	73	16
19	21	88	27	90	60
24	24	24	74	97	36
89	5	39	54	69	24
74	43	37	10	9	88
22	98	38	22	72	22
5	5	36	87	5	79
2	67	35	48	67	13
43	64	43	43	80	88
16	30	100	11	40	75
79	46	42	71	72	67
9	45	76	73	97	44
79	18	48	8	8	8
62	91	37	88	1	59
80	96	55	72	21	13
65	7	7	7	63	88
29	46	31	31	31	20
86	11	72	73	63	91
50	50	70	50	21	5
53	4	2	9	35	46
9	78	95	35	29	70
11	33	59	33	56	33
24	10	4	82	28	84
72	65	99	67	38	50
38	86	11	35	33	45
87	38	19	28	41	80
20	20	9	57	20	5
84	68	63	83	87	72
70	31	3	6	52	11
18	47	84	26	32	73
1	1	1	36	66	6
10	23	81	75	10	10
26	30	23	57	82	20
50	84	3	14	87	5
53	64	11	62	60	39
58	58	50	31	80	29
62	12	69	5	3	74
18	28	2	29	60	49
41	73	31	57	49	72
39	82	39	16	88	39
35	73	15	68	100	52
79	26	17	38	47	86
80	10	78	30	4	21
40	75	44	44	44	48
63	11	11	87	86	96
45	75	45	45	66	15
91	15	15	42	71	15
71	90	25	84	95	40
98	79	5	76	12	17
79	89	3	93	25	79
4	28	8	38	28	28
55	78	90	94	57	43
39	43	93	38	12	28
47	63	40	15	65	49
54	73	8	22	27	40
64	49	85	69	23	65
54	99	98	34	28	48
85	8	62	32	98	21
6	56	61	86	61	25
14	59	14	89	61	14
35	25	86	34	35	35
80	49	11	46	26	76
40	43	49	40	40	26
15	62	44	88	32	95
29	10	74	44	74	10
34	34	54	34	28	87
46	46	64	100	9	46
18	7	52	61	39	9
7	7	86	55	5	7
1	68	21	82	77	41
82	15	81	65	48	27
55	17	29	88	40	95
10	91	71	7	22	52
58	39	79	39	39	52
100	61	46	63	46	46
10	56	47	42	46	22
46	75	85	58	64	30
72	72	44	11	36	92
41	31	40	55	49	38
20	1	49	2	32	1
5	20	45	78	85	48
23	48	23	23	18	60
68	25	98	66	25	42
64	14	14	35	7	14
67	94	56	9	18	15
28	10	28	60	28	31
22	22	37	22	71	49
76	55	37	89	35	63
60	54	100	85	70	92
85	84	100	35	10	5
12	86	4	17	69	31
91	100	45	45	4	80
44	44	29	10	44	7
100	50	16	52	73	27
25	25	25	18	28	24
51	8	34	34	60	34
48	46	83	46	46	16
100	94	63	47	8	35
69	61	94	42	43	22
4	35	4	96	94	76
5	93	8	42	42	42
77	60	16	38	41	47
33	33	20	13	33	23
100	48	32	47	19	44
38	72	61	69	50	9
9	72	18	82	65	31
78	32	5	76	40	51
94	28	4	42	90	6
55	48	72	53	45	10
33	33	40	33	45	70
64	43	91	68	43	43
47	59	97	21	66	79
38	83	37	5	77	71
63	44	44	58	49	44
39	77	58	97	63	38
79	100	99	34	52	77
87	79	28	60	74	46
8	86	58	54	40	96
47	9	52	39	31	63
36	15	35	21	15	15
13	18	77	50	71	48
50	13	4	6	39	97
6	68	96	16	85	64
100	100	10	1	62	77
9	9	69	96	9	43
43	43	91	41	43	69
10	20	71	34	33	38
12	1	12	49	39	12
45	78	49	45	45	3
42	89	47	53	18	36
9	76	13	86	65	85
100	68	37	67	56	14
59	91	69	44	18	52
8	39	1	46	59	89
74	14	29	88	30	17
27	27	78	80	29	27
43	54	15	43	43	7
40	12	15	12	12	44
48	47	47	75	28	47
4	95	21	4	78	4
82	40	53	40	40	59
94	13	54	17	48	22
47	8	17	35	26	75
38	54	13	3	29	18
54	46	40	91	95	44
67	87	3	56	78	77
17	22	56	22	22	77
15	15	38	33	15	78
22	43	22	58	14	22
5	53	60	25	1	9
66	96	91	17	15	24
4	76	51	59	14	94
20	10	10	10	11	21
82	8	55	85	75	91
17	44	75	3	88	90
89	23	74	64	41	59
79	93	58	67	69	67
64	57	36	5	85	38
15	63	77	44	98	75
92	48	77	85	55	72
83	48	52	32	85	79
7	11	1	80	7	7
87	42	37	8	11	65
88	79	91	54	27	24
81	51	32	38	6	20
90	60	22	56	83	27
89	12	28	7	3	46
28	28	28	33	7	48
65	32	72	11	100	58
94	63	44	29	53	80
66	50	95	9	75	29
95	14	45	65	5	12
97	73	65	78	33	18
62	72	73	6	47	21
91	36	35	83	100	78
61	10	16	61	38	46
9	47	42	82	47	47
63	45	7	81	11	54
41	62	57	31	43	29
27	7	29	75	100	45
2	1	99	81	89	56
9	24	72	21	31	76
27	10	61	48	86	4
37	24	5	71	74	21
2	48	6	27	68	13
89	75	56	24	29	20
27	12	13	12	31	12
86	17	48	21	89	89
71	33	2	81	97	21
50	1	7	63	12	24
14	65	4	42	36	80
96	42	33	45	86	62
39	50	50	32	22	50
98	47	48	32	47	47
99	74	75	36	54	75
39	63	72	11	39	39
5	5	22	85	5	69
47	42	25	44	15	33
43	90	100	62	65	25
82	45	68	4	9	68
7	51	28	54	1	52
1	24	81	8	62	6
17	17	96	44	17	56
24	83	24	61	64	41
75	65	83	78	65	82
22	68	99	47	52	90
66	14	4	87	83	48
44	39	93	95	64	77
25	1	2	24	60	80
40	38	28	37	35	31
94	50	7	90	91	30
90	77	65	68	7	35
95	96	60	87	48	99
64	55	99	73	6	91
28	24	58	24	63	24
98	8	67	56	93	1
85	69	70	10	14	67
30	10	30	30	97	15
55	85	36	42	14	60
3	41	88	87	73	28
18	95	18	10	18	98
9	16	8	79	23	39
70	14	20	18	54	71
31	31	25	31	87	13
38	38	38	45	48	37
29	63	35	31	30	69
21	79	89	32	53	55
19	49	13	72	79	23
35	19	44	64	65	18
76	44	53	44	91	44
87	80	70	72	44	20
20	68	77	14	52	10
70	31	88	72	10	49
84	24	13	3	94	99
56	79	5	38	23	39
54	17	93	36	71	4
69	75	87	92	7	68
53	37	66	9	97	41
47	89	62	19	1	8
31	73	31	24	31	84
74	41	100	68	80	95
37	38	44	95	44	44
100	63	79	48	62	86
68	85	1	25	27	24
20	14	25	56	79	69
3	78	95	35	85	1
81	25	23	23	23	86
28	5	23	24	15	29
12	97	97	19	80	18
85	62	61	67	82	24
25	24	22	24	24	37
78	31	1	65	63	33
20	4	98	80	80	42
48	35	23	45	72	94
20	20	20	36	6	11
1	13	28	39	43	30
12	20	96	55	63	60
78	75	91	14	45	43
96	50	65	10	14	14
71	96	31	25	25	25
28	22	23	30	85	12
18	44	96	61	43	61
60	2	72	38	65	90
64	32	77	78	74	59
69	3	37	96	77	14
96	98	37	80	5	95
34	11	59	49	69	43
80	72	36	75	53	34
100	20	20	95	20	69
75	68	100	94	27	45
75	30	89	86	83	11
77	77	55	53	16	10
61	24	24	51	37	24
96	39	54	3	10	28
52	35	100	73	13	6
48	56	99	12	46	11
26	19	57	90	82	41
76	13	84	45	44	48
25	80	86	21	18	86
58	49	12	64	32	46
82	86	13	27	20	82
26	32	32	11	32	6
39	69	37	39	39	87
8	14	40	50	23	62
89	16	6	6	47	6
9	22	58	9	9	78
39	40	13	92	32	3
36	37	55	21	49	12
33	29	33	25	53	33
14	7	12	20	50	4
92	60	97	78	30	64
63	81	30	1	55	58
2	2	66	2	35	46
94	13	11	13	64	13
8	62	92	76	98	43
83	28	24	21	36	90
57	63	84	26	96	77
58	77	67	19	50	2
63	53	13	86	78	26
32	4	97	8	8	8
33	17	33	55	41	33
83	62	14	58	12	84
47	58	52	47	61	47
14	98	53	73	15	45
85	43	54	59	53	54
83	68	26	68	57	90
27	19	27	27	81	65
90	32	6	84	86	99
84	90	54	13	40	2
28	62	41	71	95	49
48	34	1	14	65	50
62	3	81	50	48	52
78	26	2	27	55	98
82	44	58	94	52	30
38	4	38	43	80	38
89	28	77	11	86	5
78	98	93	34	93	10
100	65	14	43	75	75
1	71	6	47	6	6
3	83	77	65	61	98
38	38	38	56	73	63
48	48	87	10	48	54
23	79	72	2	42	56
27	74	45	40	27	27
54	58	61	73	98	42
29	99	25	33	97	85
35	91	74	100	24	70
6	40	40	40	4	2
63	32	19	32	32	78
47	51	38	74	72	21
89	29	4	28	75	79
32	80	10	65	77	40
10	10	69	58	10	92
65	40	54	86	82	78
38	21	36	99	35	24
32	61	28	39	65	51
17	28	83	46	22	33
39	71	43	54	59	59
9	36	65	63	23	76
40	78	71	31	70	95
76	51	8	13	3	55
50	20	31	79	56	34
41	74	31	31	87	31
53	29	15	69	49	28
91	99	11	16	47	57
51	52	87	31	70	16
38	44	44	36	60	44
95	5	71	85	70	14
16	98	13	52	13	13
86	90	80	31	17	2
93	15	15	50	15	66
41	68	2	41	82	41
63	50	23	50	48	50
11	22	98	33	71	71
26	84	17	31	16	3
61	51	57	44	57	42
95	2	70	91	45	31
76	46	49	29	9	70
39	21	79	49	78	65
13	100	33	63	20	7
24	24	93	44	9	24
85	56	2	33	9	18
14	19	46	74	100	5
55	30	82	54	51	18
68	4	1	57	32	41
40	29	9	9	61	9
38	90	84	67	19	23
80	3	29	75	23	8
94	3	61	89	23	84
76	72	67	90	24	55
21	62	79	85	3	48
72	70	88	74	82	23
71	7	7	26	11	27
2	68	7	58	69	69
21	9	58	13	29	37
23	58	45	45	72	45
14	12	64	52	45	6
44	11	77	74	40	30
78	77	30	61	55	59
28	67	73	77	28	28
2	91	61	99	18	67
4	55	3	49	38	5
11	68	13	13	13	39
41	100	71	19	80	36
99	17	17	17	57	1
79	50	65	57	62	68
92	56	93	55	27	32
87	41	2	98	6	47
53	77	2	2	18	2
68	47	84	14	39	44
64	96	23	64	72	59
66	58	72	24	87	46
6	10	24	89	22	79
29	14	42	100	39	79
24	60	24	24	88	78
39	24	95	77	39	39
40	93	26	40	77	40
50	57	59	46	93	20
97	36	36	36	59	74
67	13	88	63	9	31
5	65	58	34	32	28
84	32	96	92	98	73
7	41	71	4	82	20
34	71	74	4	75	19
16	67	41	41	41	9
19	85	56	83	80	65
60	36	19	92	46	2
34	92	1	21	50	5
46	40	46	64	30	46
2	88	67	37	40	13
42	94	14	27	33	17
79	66	56	20	35	32
67	96	54	62	55	65
49	74	95	65	28	4
61	28	70	96	33	70
97	22	84	90	41	17
82	93	73	58	86	72
44	33	8	75	46	50
38	4	11	93	59	51
35	35	35	70	100	14
26	45	87	13	88	8
36	96	15	40	36	36
22	77	22	48	22	26
84	9	41	32	22	94
78	27	13	91	69	47
77	93	44	79	41	1
4	65	70	27	98	75
25	46	26	6	6	6
27	27	27	70	97	21
29	69	29	75	79	4
56	79	30	52	15	5
54	33	71	56	13	57
57	64	16	16	16	6
10	49	51	49	78	49
14	14	14	82	84	64
29	77	6	100	12	23
29	98	54	26	26	26
27	84	60	77	72	41
40	98	39	26	31	53
3	64	34	3	3	91
6	38	38	3	38	65
24	51	7	10	91	43
44	84	12	34	2	64
29	52	30	96	30	30
25	97	53	17	58	48
83	89	51	50	36	72
55	99	99	11	81	25
84	42	8	45	15	5
44	48	66	40	81	99
39	77	2	91	10	91
45	23	60	71	32	79
33	64	82	45	66	47
42	57	100	3	30	4
31	8	67	31	14	31
8	32	8	56	8	70
51	29	29	23	29	28
82	51	87	23	99	34
35	53	23	35	57	35
91	1	31	14	26	12
14	1	14	64	34	14
100	89	39	19	68	78
96	2	2	25	82	2
54	53	75	63	27	60
95	37	59	37	55	37
45	37	37	74	37	35
7	7	38	32	7	8
95	13	28	16	97	57
5	37	5	52	5	50
29	21	70	56	75	96
62	82	45	75	75	77
50	42	78	42	6	56
49	87	82	30	44	96
52	27	25	78	57	73
100	60	66	34	73	16
25	9	93	95	57	19
27	37	59	60	61	44
62	4	25	25	25	38
79	11	11	67	6	49
17	17	63	85	49	17
30	19	59	80	63	26
54	89	86	3	92	47
7	42	96	93	6	42
37	13	20	84	20	20
11	30	53	91	75	54
65	71	15	57	90	43
62	43	20	20	37	20
49	8	24	1	1	1
1	67	53	1	3	1
7	87	17	42	70	18
90	48	45	45	45	93
87	50	16	58	7	88
20	69	58	83	71	39
38	11	73	9	86	25
2	83	44	100	56	15
85	30	78	99	11	23
10	72	23	7	38	70
71	83	19	7	18	40
50	77	68	34	74	39
80	97	85	98	17	10
91	73	20	32	12	64
7	60	45	85	33	20
98	2	25	49	79	6
65	30	16	27	8	70
46	40	25	30	46	46
78	25	70	5	77	91
7	47	22	50	26	35
94	83	44	3	7	33
87	3	63	89	73	77
48	93	11	64	36	16
37	37	58	99	37	26
49	72	49	52	55	49
38	35	50	85	84	49
82	77	92	56	19	58
39	86	30	17	73	38
96	59	3	88	12	28
27	13	78	94	3	8
69	93	60	60	24	10
89	41	63	65	80	76
21	9	88	91	62	36
68	71	21	10	13	1
55	33	33	33	83	20
32	40	40	9	40	64
73	14	77	14	14	51
21	35	80	17	73	78
76	71	43	43	43	84
97	97	61	88	15	39
65	46	62	85	42	2
43	83	40	40	40	89
23	27	47	60	74	98
1	1	9	51	89	1
24	59	40	17	69	26
77	90	24	21	86	59
36	38	36	9	36	1
30	68	30	92	30	62
60	8	89	8	59	8
47	1	63	68	71	91
14	15	93	15	15	92
94	30	52	83	91	80
91	34	16	59	1	56
22	28	6	78	82	42
73	76	84	20	72	88
12	74	73	97	17	73
49	89	49	84	42	49
45	45	45	6	61	80
85	8	65	5	57	51
54	33	32	81	48	18
98	90	18	18	18	13
62	14	45	79	37	31
76	49	67	24	60	33
24	24	28	16	2	24
80	92	84	15	9	81
43	77	57	43	43	34
30	53	30	93	30	54
58	35	15	15	81	15
85	18	33	92	73	44
99	42	47	8	58	75
98	28	84	32	28	28
6	6	88	69	6	83
5	57	17	68	56	25
100	33	79	58	40	98
85	71	22	42	49	83
55	95	85	17	72	30
94	16	56	88	13	23
73	49	34	61	64	1
22	54	75	68	22	22
92	6	27	90	80	93
75	58	51	2	17	91
19	61	9	52	28	40
34	40	40	40	100	49
82	45	59	98	86	29
86	80	50	93	29	15
43	43	43	87	21	55
52	69	44	84	27	61
35	12	92	97	77	66
1	1	84	96	52	1
10	37	39	40	82	58
25	37	100	64	44	81
59	94	87	65	43	39
26	46	60	26	25	26
61	47	67	41	22	23
31	42	96	41	44	87
94	100	19	76	61	12
31	40	27	65	21	35
33	19	1	44	32	45
85	55	15	44	70	9
36	61	44	44	12	44
17	59	16	84	57	22
3	69	79	54	50	32
42	52	67	91	99	56
37	41	41	50	41	97
60	66	49	35	29	52
39	84	55	39	41	39
92	12	13	10	35	77
70	41	39	19	44	74
15	95	85	4	80	48
37	75	55	21	58	12
3	83	99	43	27	26
68	29	68	42	57	12
38	38	14	23	30	38
7	63	39	83	89	75
9	88	92	3	91	78
2	100	57	33	30	43
38	8	32	21	8	8
63	66	79	14	28	32
3	76	68	92	3	3
73	91	6	6	6	66
50	37	50	12	77	5
72	46	78	94	84	38
28	97	92	76	90	6
37	75	67	9	96	46
67	95	71	16	11	100
75	30	32	100	38	65
71	50	77	48	71	12
60	38	38	38	77	89
50	80	50	27	50	51
39	39	20	2	53	39
55	5	11	11	20	44
89	1	58	50	87	67
76	87	34	36	88	91
82	34	34	24	69	34
2	51	25	2	2	63
81	18	4	67	76	66
13	14	1	19	75	24
31	12	49	57	49	49
8	40	58	46	14	33
31	52	94	41	90	30
6	41	30	4	50	22
1	36	1	12	1	49
60	50	50	3	50	80
83	100	86	86	88	70
25	46	28	38	46	46
37	52	8	8	8	51
80	60	49	26	87	87
26	35	20	57	89	65
53	24	91	100	95	97
29	27	84	88	60	37
98	87	75	2	91	90
67	55	68	49	25	21
17	93	14	14	14	95
74	55	54	86	12	9
2	38	93	46	47	71
98	23	22	23	23	48
67	38	18	81	10	30
16	59	16	85	31	16
94	18	18	93	18	45
54	56	20	50	50	50
22	32	12	87	38	54
45	45	70	45	43	20
37	37	37	31	66	67
5	86	45	74	93	28
23	1	37	36	19	54
17	92	75	74	71	68
34	42	23	23	23	83
4	72	81	90	35	22
43	43	49	43	24	59
49	49	49	3	53	51
21	1	52	12	56	39
68	38	18	38	66	38
16	22	46	22	22	21
12	12	12	69	30	41
7	35	94	46	24	1
41	41	41	60	43	1
86	6	13	27	78	89
25	47	44	21	47	47
70	26	25	70	72	87
66	94	20	62	37	58
66	26	83	16	63	65
2	44	38	39	49	82
90	29	29	78	29	14
8	98	36	99	51	54
77	2	97	99	80	78
1	79	65	31	76	91
47	56	66	18	88	2
98	92	96	44	88	92
14	78	29	9	44	57
46	100	92	88	60	95
49	43	77	36	45	69
15	91	6	19	53	48
90	58	52	40	47	24
36	58	32	83	18	7
15	100	15	27	15	65
49	31	32	31	10	31
26	3	3	78	3	56
76	13	13	2	17	13
35	20	20	12	20	52
73	99	2	30	85	41
53	3	34	34	34	79
3	10	10	33	27	10
21	50	70	71	21	21
41	78	41	59	41	96
20	94	100	44	16	22
82	96	76	33	42	82
37	30	89	44	51	68
43	67	67	74	53	24
60	34	88	59	65	13
76	99	34	59	28	1
35	48	48	85	78	48
32	18	51	87	70	40
94	7	63	67	22	55
25	58	47	14	10	48
79	74	2	47	15	49
97	22	88	22	80	24
29	8	8	22	8	16
47	44	47	4	30	47
88	30	41	6	71	85
7	79	44	2	11	85
33	70	20	10	97	13
29	70	43	65	64	74
30	76	97	85	39	55
90	1	8	1	78	1
56	84	67	20	2	55
13	8	8	8	50	31
16	30	62	74	57	76
41	41	91	41	68	85
90	48	52	91	44	39
59	14	3	86	14	50
35	96	70	82	71	2
89	99	72	89	14	52
19	84	59	61	64	95
8	96	45	45	45	79
89	87	34	84	53	84
73	12	12	12	68	94
8	11	48	40	48	48
23	23	23	16	57	48
78	85	68	10	83	96
27	9	81	76	73	36
67	75	37	41	23	80
10	10	40	74	10	97
30	49	86	10	57	33
23	42	73	15	29	6
2	24	24	5	4	24
53	4	12	4	4	46
93	29	90	97	57	56
11	89	83	94	3	57
21	100	15	40	31	86
87	28	28	30	51	52
9	14	14	57	79	14
48	54	1	67	59	38
53	31	93	18	48	41
39	48	39	24	39	67
22	96	22	14	22	2
41	7	19	41	41	40
13	77	38	29	13	13
10	73	65	7	57	36
41	100	36	41	19	41
16	16	16	42	62	89
82	87	98	38	21	8
68	25	93	25	25	96
58	57	64	24	42	84
22	39	58	98	86	96
47	66	21	50	6	81
51	30	71	72	5	16
23	44	32	27	75	10
24	19	50	37	68	25
72	86	53	46	82	51
29	32	68	64	91	12
64	47	13	47	47	44
40	40	42	34	79	40
15	7	9	92	4	24
23	48	23	89	23	81
29	7	86	29	87	29
47	83	21	33	51	9
7	57	45	89	39	11
85	41	82	19	78	77
100	42	42	42	51	24
12	81	6	32	39	68
48	34	25	22	22	22
48	25	48	75	48	88
75	100	14	18	18	18
24	50	44	50	53	50
39	95	52	70	95	9
56	27	9	2	45	81
7	27	23	77	36	12
24	43	40	88	89	94
40	73	67	56	37	43
42	42	23	97	42	71
50	41	50	16	50	48
19	68	47	70	47	47
70	36	16	81	67	76
66	59	49	25	28	32
73	23	99	19	98	46
50	50	78	4	45	50
23	36	41	49	25	17
71	94	92	82	48	36
91	51	49	14	100	39
78	80	67	4	4	4
17	27	17	59	17	84
8	59	17	80	15	32
66	20	28	45	91	9
18	83	18	46	93	18
60	20	93	77	62	96
32	14	23	41	50	74
29	80	18	43	25	85
61	77	80	53	57	63
39	61	63	15	3	61
70	39	34	81	80	84
84	44	29	55	29	29
24	6	61	53	49	11
83	84	23	21	90	55
78	48	60	13	29	66
75	88	2	74	6	26
98	29	33	17	45	82
9	14	14	50	14	32
29	16	86	47	60	23
37	19	87	19	19	18
47	47	59	47	74	98
30	15	56	89	44	15
45	74	56	16	7	54
71	39	15	15	93	56
76	43	12	47	95	54
80	49	73	27	5	31
73	97	31	31	31	2
1	15	92	71	5	74
44	44	60	7	44	49
32	45	20	35	90	96
19	45	56	4	63	5
87	76	2	94	56	26
51	37	29	98	37	37
78	7	82	13	15	67
86	9	20	9	60	9
84	61	91	83	13	94
20	74	40	69	73	26
19	70	67	27	46	93
31	36	15	27	86	5
6	98	99	59	97	72
31	41	89	97	52	56
78	46	11	32	73	5
18	7	30	53	67	78
78	27	67	27	54	27
87	45	75	13	91	12
75	99	40	50	96	60
81	80	25	25	25	77
22	55	30	59	56	44
81	75	88	4	47	76
98	93	3	12	18	57
80	54	62	35	61	31
30	22	22	22	95	12
91	24	40	74	90	44
66	24	29	11	29	29
80	76	88	28	34	86
32	88	38	71	37	70
20	44	53	49	57	74
52	14	20	20	84	20
85	44	71	88	53	98
33	54	2	33	23	33
68	46	97	30	34	9
84	78	32	32	22	32
54	19	19	19	52	29
27	45	65	67	23	63
39	74	39	12	39	46
48	48	73	48	66	96
87	84	39	58	91	96
81	13	100	84	43	11
32	65	40	50	18	93
55	16	60	57	21	2
68	28	44	67	60	12
80	29	63	85	32	29
13	60	99	98	94	50
50	3	3	41	17	3
16	28	29	80	45	75
84	60	46	45	57	74
71	13	96	45	13	23
15	67	72	82	79	58
21	51	46	10	10	10
21	21	51	21	70	74
43	30	21	78	21	21
25	42	51	4	42	42
15	14	30	30	30	76
83	40	44	28	88	44
84	71	2	85	88	14
29	64	24	48	5	12
29	29	2	29	25	65
70	14	58	45	91	48
45	31	51	37	32	12
21	37	37	37	64	79
3	88	85	10	92	98
80	29	19	77	13	95
27	2	62	56	40	10
71	34	55	59	20	79
81	45	34	91	74	94
45	86	2	85	47	65
67	63	94	1	16	75
34	91	17	92	85	4
12	48	6	19	90	21
73	94	19	36	9	20
43	46	38	6	46	46
20	27	96	61	50	3
94	57	70	68	76	30
33	26	69	27	18	16
12	5	29	65	17	45
23	40	65	61	23	23
5	2	33	95	70	75
46	34	76	37	3	31
86	67	96	53	16	69
54	45	92	4	93	87
4	45	35	86	59	39
6	44	10	73	41	67
98	31	31	36	49	67
29	80	54	48	81	75
61	23	47	83	16	49
28	58	11	94	54	74
79	90	9	62	3	89
30	92	67	62	9	47
88	90	79	69	80	51
98	4	27	8	18	17
10	10	10	50	15	93
65	22	22	21	22	84
32	32	14	28	32	90
52	34	11	22	88	2
64	41	44	59	25	12
30	64	30	36	30	21
93	15	3	42	81	27
36	28	36	91	69	36
99	80	15	31	27	32
70	17	44	82	15	80
79	54	59	72	95	76
15	98	44	22	64	50
1	50	24	93	13	63
83	42	25	18	98	48
56	46	1	1	35	1
49	53	17	11	42	4
92	43	86	43	50	43
75	42	13	47	66	89
44	44	3	44	45	87
39	52	5	11	13	44
5	39	10	48	5	5
5	66	97	72	94	1
100	45	21	21	21	95
7	43	33	89	89	23
34	50	33	86	47	28
85	96	41	30	65	22
5	30	46	51	7	47
43	7	49	47	58	21
57	57	15	63	51	42
32	96	74	77	76	91
93	38	21	84	64	9
57	14	79	14	1	14
89	32	17	49	43	23
38	18	4	4	12	4
30	81	70	63	88	83
35	62	30	55	40	4
31	66	51	48	44	57
77	60	69	15	52	41
58	58	22	17	43	29
33	27	66	5	62	79
21	2	79	12	63	93
96	76	97	88	8	12
82	32	24	13	25	71
34	40	35	99	92	64
63	99	73	40	87	68
49	50	78	66	47	12
43	13	45	76	40	52
98	18	86	78	5	36
36	68	36	36	48	100
60	8	26	10	34	19
82	81	2	2	59	2
95	34	34	20	8	34
75	32	86	32	32	39
43	3	63	20	43	43
4	33	18	62	26	77
2	63	7	7	7	87
80	57	5	23	47	92
69	90	80	39	36	100
68	46	39	96	85	95
38	54	86	2	99	37
62	32	31	50	35	88
96	16	16	46	80	16
80	87	18	46	81	67
70	64	26	68	29	96
47	47	1	47	28	32
93	12	98	98	36	53
52	61	27	32	41	46
57	89	73	82	34	10
43	87	17	40	33	90
98	14	70	14	14	19
10	52	98	75	12	21
22	96	63	68	4	7
9	11	28	58	66	53
62	7	22	51	1	90
33	50	90	23	20	22
46	60	88	66	13	85
92	45	67	20	3	15
8	84	100	26	19	98
35	35	48	35	4	18
97	28	3	3	3	73
13	11	13	17	13	12
62	81	10	40	23	49
25	40	5	5	27	5
22	20	73	30	12	46
52	76	37	21	86	61
73	27	23	23	90	23
84	64	92	70	38	94
90	94	32	5	37	88
43	50	65	26	81	44
85	98	36	72	21	94
85	28	45	48	65	59
93	31	9	31	33	31
31	67	32	51	29	85
37	2	37	37	8	50
98	34	45	42	59	71
75	82	68	99	72	27
27	83	39	49	14	60
46	70	45	34	23	27
88	26	65	48	46	53
42	93	32	83	52	59
85	80	9	9	61	9
41	38	26	26	43	57
72	16	16	16	46	44
61	62	58	17	74	76
100	18	1	27	72	75
16	16	77	46	16	87
16	58	21	88	83	91
14	44	14	14	20	16
8	8	8	37	82	41
3	51	88	42	81	94
24	83	30	54	22	26
7	81	81	5	12	55
44	53	46	67	60	25
32	22	5	5	68	5
39	51	64	63	90	34
10	10	38	100	20	10
10	96	10	69	10	8
9	9	9	80	100	42
63	99	36	59	100	90
13	12	17	78	69	45
15	91	23	63	99	66
52	78	45	81	34	22
7	7	38	27	7	1
1	67	95	44	62	50
54	72	13	96	42	45
25	39	35	57	25	25
75	73	57	37	78	27
47	2	46	96	17	56
37	68	61	12	61	40
7	50	99	95	16	89
22	73	22	91	64	22
69	47	40	3	87	15
25	17	19	85	87	6
17	39	17	74	26	17
85	78	16	74	75	35
90	63	30	41	26	56
19	43	53	15	64	51
61	22	19	29	41	32
13	94	59	46	14	13
40	88	6	4	34	59
41	30	41	20	34	41
28	28	28	58	5	78
38	56	94	13	6	74
32	77	86	56	61	84
62	75	81	2	54	74
63	38	56	86	38	38
24	17	81	52	92	28
80	13	11	98	18	99
93	22	78	41	19	62
6	54	83	97	55	14
34	40	47	8	54	99
76	68	52	9	51	87
93	33	41	76	60	13
33	33	32	33	96	2
70	11	90	89	49	41
41	41	41	70	20	52
7	73	78	33	97	83
18	60	46	64	46	46
18	25	22	18	24	88
46	80	80	97	27	3
9	91	21	100	66	69
32	6	80	12	59	27
2	87	7	69	94	84
57	92	6	55	54	48
53	27	27	27	70	43
7	7	43	7	83	100
37	13	8	93	8	8
13	19	89	89	93	34
46	69	97	5	86	50
39	59	28	84	89	1
87	91	82	25	36	25
13	64	37	47	50	89
14	84	14	61	91	6
76	37	90	32	9	76
12	31	38	12	29	12
72	46	46	9	62	46
83	2	11	69	2	2
81	83	47	62	68	54
83	15	83	18	38	61
27	64	17	27	79	27
92	79	93	99	28	71
56	1	94	6	38	82
36	67	10	50	54	86
14	18	83	79	75	47
40	63	1	32	14	76
42	42	21	42	50	61
56	34	76	14	69	53
66	36	36	36	75	64
64	33	69	71	59	55
35	96	35	11	35	40
98	10	71	33	9	91
68	44	4	55	67	19
46	71	46	83	55	46
89	84	24	35	24	24
11	62	22	2	29	66
24	17	82	42	24	49
43	43	60	62	43	52
47	35	79	67	51	100
8	22	89	54	59	78
48	34	48	57	45	48
9	1	16	44	36	8
51	99	94	77	67	71
53	40	61	40	40	60
38	81	98	74	2	11
42	12	64	77	42	42
42	65	77	11	64	76
21	62	21	43	25	21
73	7	7	59	75	7
6	41	25	79	64	20
9	41	8	49	50	30
10	41	96	68	69	74
75	89	30	30	30	1
56	28	68	23	11	23
21	20	85	1	35	44
50	74	41	5	90	60
45	45	45	29	23	98
4	15	2	3	24	7
96	64	31	62	14	66
60	17	41	76	79	12
82	14	48	95	93	35
34	59	75	88	23	51
7	27	69	17	3	32
68	1	2	2	56	2
78	82	5	98	82	100
38	6	38	38	44	83
12	7	12	12	33	41
9	78	33	33	33	58
1	22	60	39	68	67
18	94	51	36	71	10
27	27	6	50	27	51
99	45	29	24	57	76
81	29	19	90	19	19
47	43	90	66	82	40
67	20	51	29	24	68
38	32	57	41	94	41
38	38	100	2	38	83
33	88	23	98	15	38
8	79	90	20	94	49
56	91	27	59	27	27
30	10	87	10	10	63
57	44	63	80	60	3
86	52	57	85	51	26
25	16	97	20	24	63
27	27	27	35	83	49
91	12	60	12	32	12
45	4	70	45	75	45
41	41	26	28	41	38
33	86	63	46	35	30
9	14	29	61	45	63
50	50	19	57	61	50
9	70	9	94	86	9
38	35	30	39	16	53
12	28	95	60	79	39
11	51	25	11	11	35
54	73	53	88	73	18
82	55	10	13	95	42
76	70	61	34	86	67
20	56	54	70	74	72
97	54	72	74	44	41
65	77	30	22	23	86
93	15	15	56	15	35
13	38	48	38	38	97
67	7	47	52	42	49
72	10	34	96	15	19
63	49	20	71	84	33
77	45	55	45	45	9
47	100	16	55	58	67
37	65	14	8	74	86
92	82	81	49	32	74
21	21	18	56	74	21
92	98	10	31	45	77
37	94	86	76	96	10
20	20	90	20	44	70
74	12	81	32	27	70
81	29	43	43	43	35
34	33	34	49	19	34
12	32	46	9	33	36
39	92	100	48	29	61
49	14	93	20	54	29
9	12	22	76	5	3
33	66	79	41	70	16
60	49	96	14	47	14
94	38	96	38	46	38
77	31	65	15	54	1
52	15	81	32	32	32
30	10	5	83	53	19
6	42	19	17	24	90
95	100	78	53	78	42
24	47	73	76	9	27
38	20	79	22	89	90
73	14	14	65	66	86
25	85	52	68	84	12
88	65	25	8	22	52
98	78	14	14	14	83
52	92	93	94	21	49
45	5	52	90	18	79
68	70	36	36	36	46
63	62	75	69	80	84
21	43	74	86	4	5
40	100	44	36	19	38
89	84	31	41	31	31
22	54	94	36	84	27
40	40	56	62	4	12
36	62	71	72	54	16
45	20	43	72	23	25
81	58	11	89	11	78
8	97	44	35	52	61
20	75	76	18	84	25
21	39	33	33	33	5
24	3	94	14	76	17
15	34	26	26	26	97
20	61	23	72	8	63
65	53	91	40	100	53
19	86	46	14	59	32
4	63	73	44	45	49
63	92	3	11	74	1
88	73	15	53	41	75
4	6	43	43	73	61
23	58	72	29	51	30
15	17	87	15	15	82
74	19	31	56	85	11
65	92	62	17	13	18
75	14	1	67	97	70
98	76	93	59	97	57
36	89	36	68	59	36
50	65	75	30	93	83
71	1	1	42	53	1
58	52	7	7	91	1
31	56	36	66	6	49
56	29	81	44	17	50
17	17	17	51	50	2
65	17	56	53	90	58
26	26	3	73	94	26
75	75	68	90	42	23
42	48	72	24	1	88
42	12	12	27	12	10
23	48	69	23	23	27
91	98	53	10	51	42
18	100	100	71	83	94
88	40	19	27	27	27
85	90	22	79	51	16
28	74	64	59	90	89
59	59	59	5	47	1
61	21	36	22	40	45
13	88	89	7	44	39
96	10	2	2	15	2
48	56	79	55	59	92
82	34	31	15	74	40
72	80	18	18	75	18
22	88	61	32	67	25
68	3	3	3	18	23
72	17	36	36	36	7
91	18	90	87	1	60
45	71	87	90	85	38
75	98	77	69	50	81
26	49	5	5	5	82
41	25	41	45	2	10
14	19	53	3	24	82
100	18	71	22	39	88
1	58	1	1	57	81
92	7	7	66	24	7
95	19	100	28	34	63
8	42	84	55	57	44
20	12	6	1	1	1
15	61	97	32	24	48
63	23	42	99	52	62
59	41	41	35	29	41
73	6	95	10	78	63
45	31	3	39	14	12
31	37	12	5	12	12
48	13	73	87	57	1
11	38	36	24	38	38
98	14	76	9	6	35
15	79	60	53	7	64
59	40	74	22	25	81
38	100	38	28	38	99
8	41	41	98	48	41
62	46	52	97	37	18
21	61	21	17	21	19
41	100	59	51	12	36
69	91	90	54	42	17
22	67	100	85	87	8
21	34	21	56	21	73
41	14	2	75	11	1
20	20	56	20	91	55
31	49	33	45	63	62
20	62	21	50	54	88
35	75	2	11	55	57
26	26	95	68	26	65
23	13	6	13	13	48
86	66	56	96	93	65
30	90	33	95	76	6
68	79	89	78	24	50
56	25	2	39	87	71
2	99	91	97	34	1
87	1	50	38	30	35
78	2	2	34	2	58
36	100	36	36	77	53
38	76	21	21	5	21
79	14	35	97	17	46
15	75	4	15	93	15
14	3	19	66	73	59
86	41	50	86	18	49
35	31	7	1	35	35
77	49	100	74	100	19
9	71	9	75	9	23
43	3	43	43	47	37
71	26	90	98	41	36
8	30	8	8	48	39
24	80	87	50	34	95
18	28	68	18	18	14
71	71	48	51	93	37
41	10	54	24	96	1
61	70	38	24	7	59
66	69	27	81	52	80
50	55	38	96	38	38
94	44	79	20	44	44
36	45	45	81	45	90
15	77	29	91	64	79
39	12	39	97	83	39
8	37	14	9	32	99
20	85	46	39	40	71
59	56	97	14	3	34
65	1	97	43	16	82
46	74	50	26	84	85
42	79	42	42	66	9
52	90	58	65	49	65
35	70	73	12	100	3
49	35	21	92	100	11
68	32	10	72	2	25
21	47	44	89	45	53
93	9	20	9	9	18
71	14	44	60	3	65
46	60	77	4	17	39
94	4	64	62	31	58
99	21	67	80	44	56
87	59	61	71	66	3
15	80	10	97	99	61
24	100	20	31	43	84
97	94	2	26	65	67
43	21	55	97	92	95
18	18	7	18	26	89
81	46	46	45	46	28
22	5	43	29	5	5
7	27	48	7	12	79
13	13	31	47	96	13
2	2	2	34	25	43
23	23	27	42	23	31
46	40	79	3	34	27
77	87	99	99	59	82
75	54	76	8	84	21
7	85	37	77	79	44
54	47	72	69	63	53
85	74	52	21	71	91
4	4	25	75	39	4
97	79	41	5	64	66
47	29	70	88	88	23
4	99	85	21	39	13
5	20	35	44	44	31
87	29	71	21	89	95
36	36	17	93	36	95
10	32	9	9	22	9
46	53	79	48	56	73
92	91	68	79	44	44
21	21	49	80	16	21
82	16	2	79	49	34
100	87	75	8	33	58
89	98	45	85	28	39
81	18	60	10	91	62
5	15	61	58	100	4
84	19	64	11	27	92
15	67	15	84	59	15
19	4	41	95	39	47
11	26	7	7	7	73
7	60	90	56	92	78
65	86	9	83	20	41
90	15	15	48	60	15
43	43	17	43	10	62
98	93	94	73	69	48
90	60	68	28	45	73
61	13	17	88	58	60
6	25	81	88	19	85
14	66	44	63	14	14
62	94	77	83	76	23
62	39	91	54	2	36
48	79	35	93	27	91
22	37	70	61	97	75
2	76	77	99	43	65
49	21	6	53	39	73
6	99	59	71	17	20
26	35	95	35	4	35
48	49	48	65	100	48
57	96	65	23	27	82
28	62	53	28	59	28
20	45	42	89	51	72
37	75	29	37	58	20
38	81	17	20	82	10
86	46	87	72	93	14
18	7	7	7	25	12
23	94	75	78	99	97
12	19	34	7	12	71
9	22	64	20	60	7
86	11	81	67	83	71
98	16	70	9	46	2
34	51	64	81	76	100
69	16	33	18	90	49
68	3	33	3	3	99
11	82	11	39	87	11
16	1	16	51	16	14
31	24	86	33	2	25
29	29	3	77	29	92
8	100	84	47	72	80
63	68	28	60	5	70
98	46	69	64	24	35
29	29	60	57	47	29
48	66	45	45	45	39
45	2	80	80	76	77
5	21	5	32	5	12
14	71	25	88	40	89
14	50	27	29	77	69
1	32	94	32	91	32
34	52	60	51	70	55
98	70	35	80	75	92
19	70	92	73	73	39
2	8	68	80	27	31
47	32	76	36	19	18
60	86	89	54	30	77
24	98	2	29	59	37
61	7	75	96	89	4
71	11	21	15	21	21
34	47	13	24	30	64
79	4	59	43	52	69
21	18	21	21	8	80
11	11	25	36	11	13
76	83	51	45	45	45
13	13	79	86	77	13
97	75	82	85	56	39
18	3	8	3	3	27
52	98	31	18	91	81
38	46	10	53	10	10
77	64	19	85	87	8
41	89	3	78	35	29
56	92	83	72	89	23
45	87	4	50	4	64
13	8	8	10	40	73
76	68	19	79	76	3
16	21	70	53	85	36
79	6	50	82	77	81
35	72	65	35	85	35
87	77	75	92	100	64
47	43	79	74	7	48
60	55	9	18	82	88
18	94	22	40	22	22
81	73	53	9	5	61
58	97	10	82	39	49
27	8	12	19	9	88
8	81	12	8	8	88
57	19	19	19	2	17
33	58	20	93	15	19
80	11	47	34	27	82
38	29	91	87	100	24
100	55	15	66	93	13
38	34	23	30	21	51
62	27	27	1	27	19
41	76	89	61	25	37
99	72	1	21	24	77
14	28	99	19	8	22
89	10	89	69	24	97
5	40	7	85	13	2
95	2	29	46	5	98
43	30	73	11	57	30
41	34	95	13	70	33
57	69	40	80	69	32
45	8	10	78	93	54
13	29	84	4	13	13
18	45	73	29	59	2
86	25	44	4	75	34
9	8	27	39	70	62
89	84	52	79	68	1
56	13	19	19	98	19
69	52	16	62	74	76
14	21	74	80	96	26
70	61	14	74	96	89
88	27	27	27	31	66
21	7	46	92	98	37
20	63	26	64	44	34
88	84	71	34	44	67
36	92	90	31	84	15
60	78	8	93	61	35
65	39	89	57	15	70
30	98	63	69	38	61
1	44	26	57	22	25
78	63	70	69	57	25
39	47	73	63	3	74
3	85	3	4	3	44
87	24	14	24	13	24
41	56	53	60	90	99
77	60	55	41	33	72
14	42	92	41	49	70
70	29	19	30	57	68
68	68	82	56	4	3
28	38	33	28	15	28
45	30	59	64	34	36
46	19	22	22	34	22
36	46	50	46	46	45
18	54	48	99	88	99
68	64	81	43	43	43
66	33	19	20	37	79
21	36	90	18	92	2
22	25	55	33	71	55
92	66	42	74	22	46
74	86	83	22	99	35
8	8	30	53	4	8
81	48	45	2	73	4
33	40	54	12	31	54
1	1	99	17	1	61
82	1	68	48	41	70
44	12	67	14	14	14
82	2	21	83	91	73
85	43	76	6	75	62
58	16	75	65	32	84
45	56	63	35	73	53
99	25	93	25	25	77
21	89	21	68	3	21
97	42	42	35	42	70
40	38	86	93	21	75
83	88	65	65	56	90
94	10	22	81	10	10
31	99	47	47	67	47
62	60	17	59	12	18
33	33	60	100	33	77
3	63	47	28	72	47
14	37	98	20	97	53
13	3	78	14	13	60
18	18	78	32	17	18
11	5	71	29	5	51
43	91	69	47	57	98
36	36	92	36	9	78
29	43	73	74	84	37
28	33	56	14	9	32
42	27	31	52	73	53
62	36	86	45	42	65
24	57	16	89	15	35
32	57	36	96	90	78
50	4	17	36	5	97
71	3	54	50	35	45
34	16	61	72	82	4
93	3	51	48	60	17
87	62	16	7	48	90
40	32	33	50	23	67
69	60	43	40	79	91
71	91	59	71	31	42
23	79	55	83	68	67
97	63	42	33	47	78
49	54	34	21	89	77
4	72	44	29	56	57
7	79	70	48	87	68
2	63	27	8	18	21
16	91	100	25	12	11
53	27	80	74	21	82
85	82	16	42	25	1
5	60	71	51	37	56
6	11	35	41	48	87
100	75	43	41	39	10
74	2	34	6	42	63
27	71	34	85	19	86
58	1	1	22	27	1
18	18	51	29	18	73
38	60	69	57	54	56
49	31	31	28	11	31
43	43	59	53	92	43
8	71	57	44	18	28
10	97	36	22	46	47
45	21	26	40	39	24
72	87	1	64	6	18
99	31	67	40	60	57
26	33	37	83	87	28
27	28	84	15	5	83
60	62	79	46	46	46
1	6	20	47	17	16
68	57	52	40	73	79
33	50	1	1	98	46
21	100	86	80	99	84
46	3	4	31	46	46
59	47	47	93	47	69
68	30	85	83	10	87
25	76	32	32	12	32
84	94	55	33	21	75
7	76	21	66	70	91
37	40	46	40	88	66
97	100	94	67	40	14
32	61	32	2	32	77
71	63	27	62	27	27
63	92	82	1	62	47
96	60	63	85	96	64
94	94	67	8	38	82
44	34	41	12	56	87
52	51	66	38	42	46
13	87	13	13	48	72
68	89	28	81	58	73
64	43	37	96	76	25
70	86	20	18	34	68
80	42	99	39	16	35
19	19	19	13	73	7
25	25	25	35	64	13
49	31	83	19	83	10
98	28	59	16	59	31
28	28	75	90	28	38
34	18	8	78	34	34
22	1	36	79	53	74
21	12	21	53	21	68
18	67	21	99	18	18
37	4	85	82	71	28
84	4	87	4	8	4
53	49	34	63	17	97
90	45	19	84	92	97
47	48	10	89	10	66
34	34	52	12	34	90
29	26	6	82	14	83
96	14	21	4	25	93
12	52	33	51	47	45
86	82	21	32	5	51
6	46	17	58	14	20
26	48	78	26	88	26
63	93	20	77	57	59
78	28	59	84	85	22
40	39	70	4	45	97
5	48	52	61	64	18
55	19	51	68	2	65
3	29	3	25	3	81
76	8	52	24	62	72
22	92	6	49	60	89
78	17	17	73	17	76
23	22	22	91	22	89
51	58	66	58	99	58
81	84	62	50	58	46
95	96	49	98	38	8
29	5	25	5	59	75
17	2	3	89	16	83
42	51	45	74	49	26
5	88	49	8	8	8
82	17	13	53	18	79
69	50	38	49	14	95
61	21	86	96	84	4
99	42	93	47	56	44
37	30	94	72	20	79
76	13	49	16	21	8
60	68	54	48	71	26
14	93	39	23	40	78
43	100	77	87	52	53
78	98	63	66	84	51
18	69	15	24	64	28
75	36	54	36	77	36
42	57	15	87	94	3
1	1	43	100	1	4
21	92	21	40	14	13
43	93	95	72	32	66
98	42	5	95	68	31
15	15	47	52	15	50
21	21	58	21	51	73
79	100	31	92	21	27
100	65	76	32	96	53
62	7	99	7	7	92
25	77	26	12	60	73
60	35	62	56	89	4
30	42	35	41	35	35
73	84	46	34	17	60
3	46	6	39	75	77
64	19	46	1	1	1
21	57	54	86	31	18
56	67	11	34	80	21
20	14	3	53	41	78
9	9	39	41	93	9
12	58	10	36	12	12
97	58	77	85	68	44
88	44	62	80	44	44
89	47	10	47	32	47
17	73	55	14	59	33
83	85	83	81	93	42
60	43	95	97	54	78
34	65	9	80	96	36
76	24	40	60	70	46
14	84	61	89	33	90
20	20	20	85	76	27
22	47	97	47	47	77
41	91	100	43	4	72
6	44	44	52	48	44
95	44	97	94	21	59
63	91	84	77	11	75
20	29	45	21	45	45
41	21	86	21	21	90
70	30	80	30	30	19
73	36	9	48	5	76
45	48	48	48	10	96
33	81	33	79	96	33
8	79	63	80	29	57
72	54	9	31	31	31
77	34	47	62	3	99
94	36	24	40	30	86
76	75	17	81	19	81
75	50	49	20	96	31
5	14	5	66	25	5
6	6	22	13	6	98
6	70	27	69	8	2
69	28	75	41	37	67
17	8	94	82	37	68
85	74	27	46	22	28
29	11	22	91	52	32
72	84	81	49	26	14
47	15	50	26	92	59
40	38	35	75	69	65
87	31	55	63	64	28
51	30	44	21	42	74
87	48	48	48	86	34
76	90	42	89	75	19
60	54	49	28	28	28
95	99	89	97	15	99
9	20	63	48	48	48
86	80	6	73	28	47
94	10	10	69	33	10
90	63	54	45	49	33
67	28	88	1	16	23
23	59	76	96	84	10
47	83	31	53	94	48
47	40	1	66	93	9
89	2	48	39	9	54
13	80	3	71	12	8
19	13	19	20	83	19
90	62	9	5	36	33
71	21	47	58	12	94
86	61	77	28	77	51
81	39	91	67	39	39
79	16	22	70	34	59
64	58	27	72	29	58
67	40	27	53	65	38
27	95	49	39	64	84
38	11	49	6	64	91
33	11	11	11	93	22
61	14	74	60	29	68
56	94	84	77	91	88
58	29	58	28	43	59
94	98	73	28	32	67
43	3	4	86	74	37
35	62	36	74	65	42
8	8	90	9	93	8
72	11	27	48	63	34
10	75	10	99	40	91
15	5	86	65	82	96
86	100	12	34	68	31
71	54	34	25	71	68
69	5	5	5	8	60
41	42	21	21	21	34
73	49	1	77	50	69
82	65	61	78	86	1
25	55	25	94	25	13
12	35	49	49	82	49
26	22	11	42	71	86
65	13	100	33	73	22
91	32	32	54	65	39
66	39	72	63	59	22
69	25	8	43	91	73
93	50	32	32	32	19
51	78	63	40	2	56
1	96	82	48	43	18
39	19	24	38	24	24
69	31	31	31	1	87
48	23	23	54	31	23
12	55	47	8	3	77
85	78	76	41	96	61
41	30	90	32	70	70
55	42	51	42	88	42
91	31	99	66	71	43
27	95	9	44	73	44
17	22	81	28	29	40
46	90	77	46	60	46
29	29	20	29	6	26
1	15	36	60	3	65
72	68	81	3	79	99
75	30	17	30	69	30
66	71	41	14	43	57
10	67	70	49	100	53
49	44	27	63	87	67
33	7	50	62	32	29
87	26	16	16	16	95
4	49	46	49	49	53
26	76	98	1	48	77
39	39	39	29	32	10
79	63	99	96	94	1
54	80	82	36	84	9
71	21	23	11	21	21
16	8	8	20	11	8
51	27	44	29	100	59
67	49	11	73	49	49
93	83	31	14	14	14
75	89	12	4	64	28
54	22	77	73	46	93
11	58	90	61	92	51
29	47	83	65	13	4
59	32	45	79	87	78
68	76	67	64	51	89
56	80	31	57	42	66
96	52	37	49	16	46
1	43	75	49	14	7
50	3	95	74	22	66
81	1	25	17	25	25
79	3	38	38	49	1
59	95	23	52	68	11
24	39	12	60	46	48
52	18	46	32	9	68
46	21	14	86	77	91
14	11	9	66	50	84
2	51	78	88	5	15
16	35	8	1	25	11
64	44	58	6	57	17
80	15	23	53	71	33
11	97	82	50	87	6
49	5	72	44	5	5
55	91	58	64	98	83
5	13	5	68	32	5
72	99	13	63	36	25
25	30	13	60	74	77
42	80	98	39	68	67
41	15	93	41	67	41
27	52	22	95	98	92
66	85	5	23	50	4
79	6	35	70	42	9
18	23	27	1	1	1
96	75	26	66	36	48
20	95	17	83	73	54
31	67	31	31	87	97
47	7	40	8	80	41
12	22	45	46	34	57
30	52	1	67	95	99
11	28	11	11	53	66
50	67	11	30	68	51
70	24	93	11	41	35
23	22	21	9	3	4
44	1	93	57	94	84
72	88	59	91	12	60
26	22	61	2	56	84
95	57	56	22	79	2
28	61	89	66	80	84
55	6	6	37	6	36
70	100	25	39	79	36
55	11	62	55	45	96
2	94	93	2	2	16
26	31	10	99	26	42
77	12	57	97	5	65
48	48	85	60	48	43
10	10	32	72	93	36
45	7	45	50	87	45
85	86	20	95	20	20
17	65	65	13	21	1
46	36	53	81	96	22
48	14	4	6	90	91
80	60	79	97	92	12
30	91	30	30	54	63
47	43	11	17	72	10
29	31	79	31	31	22
59	64	50	30	5	76
86	73	97	61	2	85
47	10	67	47	46	47
38	63	99	75	46	70
71	79	29	95	18	9
43	69	17	95	43	67
74	77	4	69	58	20
53	26	26	83	43	26
6	11	91	82	55	46
88	26	20	79	58	22
16	38	16	65	96	16
18	42	26	57	15	81
17	80	12	54	73	59
54	39	32	37	93	66
71	81	33	45	47	29
2	47	38	13	35	5
64	11	48	54	52	51
12	63	88	3	4	23
60	88	68	30	71	30
65	77	6	52	88	2
22	30	35	67	49	14
40	40	82	64	28	40
8	45	20	99	9	3
32	10	10	10	86	77
87	1	94	63	19	32
19	34	95	71	32	81
78	10	28	62	79	54
69	52	92	56	54	48
97	33	5	66	51	96
27	52	9	78	27	27
36	87	11	59	6	3
63	52	57	45	76	80
27	9	99	1	34	34
62	6	96	4	28	7
78	30	72	60	4	18
11	91	78	32	40	67
41	1	63	54	28	61
70	59	15	55	42	41
79	17	45	45	45	16
11	98	61	31	69	70
30	34	7	53	51	48
25	25	94	62	25	65
71	66	67	2	36	27
7	44	44	10	44	82
24	97	33	60	42	28
37	37	28	37	90	74
25	64	37	25	89	25
58	95	60	10	64	49
17	28	24	23	28	28
5	84	94	63	85	98
75	71	67	69	66	63
54	38	22	5	84	94
45	37	45	94	45	21
22	21	46	77	97	51
55	60	87	7	23	66
47	93	65	86	83	24
46	10	10	56	10	77
63	23	1	42	100	74
66	73	42	41	40	93
88	86	26	9	9	9
74	83	30	43	69	25
71	81	46	92	23	60
75	86	40	94	8	60
20	4	4	10	8	4
49	55	37	12	13	78
12	24	12	12	63	21
17	9	75	38	38	38
65	83	36	58	26	12
66	30	30	30	81	88
99	3	2	68	4	92
82	15	53	50	8	43
5	19	8	19	19	100
86	69	14	58	19	60
58	82	69	41	21	7
82	35	12	87	35	35
54	74	60	23	21	93
49	43	93	51	17	45
70	14	100	49	90	52
68	62	53	89	78	5
75	30	30	19	55	30
7	81	25	33	25	25
76	20	12	52	38	83
2	98	1	81	26	96
10	10	90	10	14	29
17	3	75	73	3	3
30	27	85	72	29	34
11	100	4	22	4	65
19	19	95	19	2	56
96	25	94	47	25	25
24	24	24	8	72	11
66	75	39	17	37	76
87	32	95	31	76	53
46	80	40	40	60	40
48	76	94	5	20	97
32	16	38	38	38	94
25	7	93	65	5	73
54	3	78	79	51	51
60	47	8	65	80	68
11	80	89	76	14	40
79	20	20	20	90	75
5	68	1	5	70	5
100	60	55	37	34	56
21	98	86	82	61	47
1	81	76	46	24	38
68	62	43	80	22	96
25	85	60	47	35	16
22	80	73	10	63	74
74	49	49	91	69	49
25	22	10	44	26	69
29	6	29	1	22	29
27	10	29	61	29	29
61	37	34	37	43	37
21	91	4	16	4	4
84	71	25	81	14	48
96	29	36	75	12	58
45	8	73	84	72	16
23	78	71	34	85	14
24	7	31	99	80	63
16	68	45	35	90	14
8	37	54	35	32	48
34	44	84	34	79	34
33	25	7	7	48	1
16	99	84	46	70	25
5	78	46	46	23	93
76	23	5	25	70	82
23	35	45	47	64	54
89	83	47	5	27	49
40	75	42	45	29	20
35	68	16	29	4	44
98	67	86	37	8	90
97	38	38	96	68	38
23	18	3	34	75	19
42	47	47	47	88	1
98	83	39	86	33	33
67	25	69	83	70	32
62	30	30	30	84	37
36	26	18	19	41	41
10	36	45	45	45	76
10	71	10	80	32	10
33	63	16	91	11	39
25	95	91	34	98	28
70	20	20	20	40	23
60	98	44	73	71	78
51	91	87	63	91	89
24	92	18	38	25	83
13	4	13	24	70	29
52	60	43	37	37	37
51	69	48	82	21	93
34	16	42	42	97	42
56	19	37	10	29	75
17	33	23	64	31	52
93	42	84	89	75	80
19	35	79	74	10	3
93	26	77	57	58	73
94	22	21	65	40	60
20	28	69	20	20	7
72	93	95	41	25	67
27	11	20	90	50	84
21	67	14	9	59	72
22	50	39	50	50	89
72	27	66	44	41	69
94	52	99	49	74	93
25	1	38	10	48	74
85	77	44	7	78	78
11	2	32	39	94	30
13	64	40	97	3	81
25	94	95	58	86	38
65	82	44	86	39	97
20	51	67	5	15	18
20	97	84	4	52	16
46	44	46	46	63	94
21	49	82	5	57	20
35	38	85	73	56	2
56	71	23	58	48	18
51	2	41	39	52	13
47	95	56	94	26	99
45	79	36	53	45	49
67	83	80	11	58	28
70	77	20	32	47	25
2	2	77	2	86	23
12	12	12	61	100	56
37	37	17	13	37	77
28	56	68	50	1	61
6	96	94	79	54	56
26	26	28	32	71	66
62	2	19	1	71	15
51	44	54	35	23	77
64	91	36	36	11	36
42	3	13	53	97	77
5	77	84	75	96	31
27	10	49	10	18	10
16	57	42	22	5	65
23	22	20	37	64	35
43	82	4	80	4	4
48	33	76	33	68	33
96	69	27	9	96	78
97	49	41	67	46	89
31	36	10	4	67	45
8	57	8	2	76	8
65	97	92	18	36	30
2	95	61	33	6	60
30	83	85	30	30	98
87	64	62	23	78	77
8	54	57	5	32	93
15	43	40	90	11	79
74	96	72	17	58	70
71	17	18	92	18	18
23	79	23	41	23	45
55	21	90	77	76	10
25	52	11	69	45	46
19	19	2	92	75	19
66	72	9	21	60	18
3	52	38	33	80	47
81	5	18	74	28	95
28	18	3	51	12	43
18	45	18	44	18	41
41	86	14	35	3	90
14	29	29	93	59	29
32	31	56	30	2	68
17	98	9	17	17	50
82	34	54	34	34	53
1	15	71	77	6	1
15	51	15	15	55	75
94	49	93	78	78	62
2	64	43	10	24	100
97	35	48	75	81	98
58	84	32	73	88	59
11	54	61	11	90	11
66	36	79	73	61	6
45	49	79	98	29	92
51	16	78	79	30	42
61	31	48	9	92	65
12	70	28	28	99	28
79	7	74	7	32	7
53	34	34	34	79	8
2	66	52	2	2	95
79	32	32	43	32	46
35	61	2	40	78	99
22	56	59	6	95	86
12	9	67	22	66	44
13	13	13	11	26	73
97	29	61	73	95	34
99	64	11	71	20	54
46	39	24	46	46	50
23	70	7	49	50	17
83	48	48	18	48	3
43	48	83	43	43	30
93	84	64	52	80	85
22	49	31	94	42	47
70	54	66	59	30	39
61	68	87	92	5	56
72	93	22	8	37	15
63	96	74	59	52	43
14	42	42	70	42	6
17	17	79	17	73	22
38	93	19	38	38	83
92	28	38	37	85	30
1	35	96	4	23	20
19	31	13	50	88	59
89	91	42	97	91	84
91	19	39	64	11	14
40	94	40	38	5	40
86	55	6	61	8	65
29	7	25	29	9	29
11	63	36	76	87	23
33	68	25	75	70	24
36	24	36	11	36	58
2	2	15	79	2	24
41	96	93	63	72	10
24	24	18	24	16	92
46	83	71	54	25	73
50	49	62	1	45	12
54	99	25	7	13	7
23	42	3	23	45	23
60	81	100	96	15	51
40	40	40	67	42	28
81	82	88	63	63	92
52	85	14	16	79	90
73	79	51	7	80	27
35	35	35	17	74	27
15	44	39	51	89	64
86	13	15	100	83	57
30	96	30	30	76	49
71	36	47	79	41	4
90	75	71	41	41	41
24	50	50	76	30	50
56	10	89	63	48	56
93	39	87	68	32	91
49	49	59	92	49	24
68	14	16	46	54	43
76	44	8	98	76	73
51	37	93	25	18	78
55	82	49	30	24	98
46	13	13	53	13	58
30	39	4	68	69	5
68	9	11	11	11	79
83	66	8	57	28	100
34	42	39	88	63	67
24	76	49	100	84	11
34	73	81	96	52	3
13	20	93	9	7	64
37	97	65	31	17	78
65	96	98	39	94	95
95	74	86	100	86	44
13	2	27	27	96	27
94	13	18	64	97	87
14	14	96	25	14	100
69	62	66	26	74	52
31	58	31	38	74	59
49	49	59	1	89	49
17	12	8	83	90	74
48	48	48	2	31	39
85	27	48	95	16	90
75	60	29	38	45	6
74	37	63	35	3	91
45	2	20	20	13	20
13	3	99	8	37	25
22	77	68	47	25	12
77	66	70	89	20	49
81	76	28	28	28	60
66	74	84	21	23	89
62	62	76	20	3	65
85	35	12	23	75	45
93	68	44	42	44	44
47	7	52	1	42	15
77	52	52	26	4	14
93	14	87	48	75	41
18	57	23	85	70	30
32	55	34	77	67	60
34	88	14	36	68	17
24	37	41	87	43	20
41	41	41	69	63	46
89	98	23	69	55	69
24	3	16	96	67	81
40	19	98	62	84	41
68	66	70	57	57	2
18	8	33	17	88	7
9	96	55	71	78	30
35	76	6	32	26	7
15	11	32	11	11	10
25	21	25	94	36	25
71	52	44	11	62	45
36	58	39	17	86	63
98	16	41	85	44	7
58	39	23	87	4	5
6	12	74	97	19	61
21	9	41	9	63	9
67	80	52	38	60	8
28	14	14	3	5	14
14	21	46	6	12	45
38	33	55	11	41	93
82	40	37	77	9	11
82	21	49	72	47	76
89	55	95	31	39	45
17	56	58	92	80	24
92	82	39	80	37	70
18	81	76	16	61	20
22	11	22	22	24	68
87	6	61	44	41	32
36	55	15	27	31	90
29	12	73	62	37	99
95	42	45	26	78	36
32	88	24	38	48	61
37	2	27	27	1	27
93	44	46	78	17	46
26	32	15	94	65	23
32	79	1	84	100	67
12	12	53	65	12	44
18	48	18	71	18	58
3	18	7	21	7	7
84	28	29	28	28	96
38	91	85	99	10	13
22	29	42	65	16	72
13	93	43	95	46	6
24	2	62	23	25	54
80	85	73	5	79	54
48	19	84	59	25	59
30	27	12	22	46	57
3	36	1	92	63	30
13	40	13	76	99	13
76	100	61	96	41	27
75	42	3	76	57	32
50	19	95	66	6	41
6	54	12	83	70	55
80	49	18	18	18	85
60	90	34	95	92	67
87	31	94	84	31	31
44	96	94	63	88	85
79	84	98	63	30	47
97	79	19	99	38	74
75	79	84	35	3	29
35	73	6	76	98	46
8	19	43	19	19	87
56	13	88	41	4	28
62	44	27	19	56	87
21	3	25	100	3	3
54	99	58	55	49	99
94	96	81	9	17	23
74	16	52	6	6	6
33	73	71	61	33	33
69	35	64	75	5	33
73	31	71	31	87	31
7	36	64	24	57	80
99	44	5	5	5	100
21	21	26	98	18	21
59	96	20	67	40	84
19	23	12	12	78	12
69	58	63	31	31	31
36	76	64	14	14	14
1	60	1	85	63	22
19	66	34	6	6	6
54	66	44	90	25	28
14	14	14	12	95	92
54	19	81	39	81	53
34	60	43	53	58	21
59	10	26	30	49	15
17	64	93	12	91	91
71	10	86	91	75	56
31	31	31	23	4	24
34	57	100	49	49	49
12	24	24	50	82	24
38	8	21	98	93	90
72	11	13	90	87	29
57	7	32	64	30	34
44	44	44	69	50	51
87	92	37	82	28	19
18	69	24	19	77	79
76	93	36	36	36	6
90	83	68	50	40	77
35	2	7	35	35	71
83	44	18	38	76	36
42	23	7	54	66	19
52	60	39	18	2	24
29	29	90	29	92	22
10	10	25	97	81	10
97	14	13	17	31	85
45	52	80	70	61	61
5	93	17	26	21	58
82	78	25	5	69	22
87	73	68	54	78	97
29	60	18	81	46	60
27	34	27	27	16	78
7	44	47	59	58	2
96	13	77	36	75	70
1	52	1	49	70	1
34	94	49	68	81	5
20	20	31	2	20	83
28	1	30	28	100	28
99	100	20	95	57	41
32	34	34	64	48	34
46	46	68	46	63	10
44	2	44	81	44	51
20	42	44	91	81	65
2	7	7	13	33	36
45	93	35	31	60	43
53	70	44	37	60	60
2	64	13	20	42	94
9	30	67	17	29	53
28	65	36	29	69	5
77	48	71	14	4	53
33	90	4	52	74	94
57	15	31	69	79	30
99	66	43	81	12	85
18	52	47	36	16	20
39	9	16	39	39	68
10	6	84	55	62	27
72	65	78	31	27	20
38	38	38	66	41	11
59	17	7	89	27	88
33	45	64	40	40	21
91	17	29	91	39	89
37	20	28	65	39	16
58	95	26	88	78	70
16	26	23	57	39	28
92	55	24	58	56	34
26	6	6	15	32	6
56	90	44	59	31	52
60	30	13	93	8	35
77	1	1	1	59	94
18	78	58	64	20	11
71	40	82	58	66	33
20	56	52	49	87	60
24	24	58	24	62	59
56	38	9	50	38	38
23	9	3	32	23	23
29	1	28	22	71	62
13	1	78	80	26	48
1	1	87	51	1	60
53	34	34	14	36	34
49	47	42	7	97	2
6	56	25	25	25	58
94	84	41	43	74	60
62	83	7	62	35	48
71	71	63	78	42	65
55	42	36	72	32	8
4	4	53	75	62	4
29	20	46	59	52	60
6	53	40	59	47	7
46	40	23	9	9	9
9	27	9	33	9	96
85	85	27	14	100	1
13	79	54	28	13	13
27	45	7	27	27	89
89	57	73	72	40	1
43	3	93	55	13	22
17	6	17	41	5	82
61	16	74	24	32	30
19	21	21	20	94	21
41	33	32	12	57	72
77	68	43	12	93	74
61	43	82	29	73	48
3	33	54	33	33	45
75	42	42	42	71	59
68	13	35	55	92	91
69	40	13	13	13	75
94	64	3	3	3	28
57	24	54	67	67	65
88	45	11	58	52	88
50	43	58	95	77	87
41	79	54	28	77	14
28	13	13	7	98	13
35	35	35	3	93	72
23	78	31	40	29	79
39	96	95	55	31	89
76	62	12	36	36	36
51	58	20	13	20	20
48	32	32	58	32	82
15	6	52	13	13	83
60	56	94	65	2	36
68	9	33	69	85	12
89	38	22	89	24	91
88	38	44	44	79	44
15	74	3	48	91	37
5	81	97	69	27	21
88	40	58	89	40	40
26	26	87	40	86	26
62	43	95	26	26	26
18	2	17	72	14	18
33	10	84	5	67	61
1	6	6	6	36	42
79	39	63	23	39	39
32	42	90	74	15	64
21	27	7	85	21	21
99	48	92	33	93	23
72	32	32	92	96	32
69	77	60	53	85	95
92	11	16	79	82	36
40	88	60	60	59	64
59	93	33	85	27	10
81	70	29	56	40	90
49	64	7	73	71	42
67	52	18	15	81	8
76	22	46	74	73	98
2	11	35	86	88	38
27	13	96	56	27	23
26	94	32	15	52	42
54	39	39	39	3	22
3	37	2	67	36	19
38	38	26	38	36	18
73	1	80	92	54	17
17	51	17	82	17	99
22	48	22	19	17	71
40	40	53	35	60	40
79	49	22	11	69	55
6	6	42	36	6	68
95	81	100	18	73	2
31	93	22	68	68	45
17	26	36	2	85	50
79	24	13	24	100	24
9	50	19	9	9	71
56	27	71	28	52	74
46	29	69	81	80	6
8	65	43	10	43	43
74	92	32	1	5	80
24	23	80	57	21	59
24	46	58	9	73	71
82	77	82	93	16	23
27	69	58	14	22	87
98	19	67	16	11	68
7	26	26	6	83	26
76	7	26	12	2	98
11	9	11	42	11	1
3	27	16	33	83	56
46	27	98	15	54	74
99	79	96	61	28	8
14	85	49	51	71	32
92	49	88	47	33	38
80	31	12	10	43	97
49	50	65	49	49	35
85	27	12	87	48	97
80	35	3	91	31	90
10	20	75	1	18	9
70	27	27	27	98	97
89	36	99	3	28	36
57	47	2	20	20	20
30	77	61	27	87	98
57	29	62	53	57	24
48	42	23	22	23	23
84	18	11	86	11	11
37	50	19	94	21	65
95	84	63	21	56	11
26	84	15	4	19	13
62	39	14	90	84	1
83	19	68	19	61	19
6	35	75	6	96	6
5	1	5	45	51	5
68	35	75	1	67	36
65	97	33	3	27	71
58	2	28	91	78	6
37	44	17	30	44	44
41	88	28	41	73	83
99	34	97	82	24	31
81	66	9	56	91	93
31	93	31	35	87	31
41	36	36	36	62	73
49	27	57	82	42	72
18	81	83	66	95	65
6	4	62	5	99	57
67	42	85	79	42	42
70	21	19	95	53	50
20	22	62	20	20	81
66	72	18	100	39	55
97	46	100	72	3	84
18	1	18	81	40	18
22	71	22	84	22	61
43	47	60	69	61	34
47	29	9	23	87	4
65	16	43	22	97	80
34	97	2	87	54	38
48	63	76	48	52	48
19	3	11	60	57	18
56	67	42	16	85	96
12	32	92	12	12	16
37	62	32	95	46	88
21	28	88	55	52	52
56	36	28	1	34	21
74	68	78	30	32	28
49	90	23	74	23	23
50	63	4	88	20	90
31	16	15	76	70	6
30	62	99	7	32	38
39	86	64	75	47	86
40	81	35	95	38	37
48	42	6	55	76	41
92	87	99	19	72	76
28	28	93	3	28	99
26	39	41	35	6	67
37	56	79	57	72	91
18	89	58	18	24	18
69	28	84	75	42	14
48	92	48	48	28	19
88	99	92	12	2	85
27	51	70	12	8	54
16	62	20	89	24	39
3	13	53	3	3	35
22	22	79	22	3	77
23	2	27	15	59	16
71	2	18	62	35	23
11	91	93	33	94	33
27	95	3	2	42	93
43	28	21	21	91	21
99	29	9	29	25	29
77	90	76	1	33	35
7	64	31	38	31	31
2	93	51	14	49	20
97	85	57	66	15	30
49	99	92	16	29	2
20	20	20	65	52	23
50	94	17	17	13	17
20	82	59	68	56	79
30	86	38	37	22	70
74	35	2	12	67	13
5	41	77	70	63	4
53	35	69	94	91	91
58	95	57	17	99	1
30	24	30	75	30	88
76	78	4	19	34	19
12	40	40	40	73	47
1	6	43	79	65	60
2	14	40	3	77	85
65	76	34	32	29	51
81	22	81	56	69	54
50	32	43	6	26	38
64	41	49	30	12	78
19	23	88	3	70	49
89	81	93	3	75	28
52	4	12	45	89	1
14	68	55	16	26	74
31	25	71	40	13	8
41	66	100	95	58	56
29	6	43	29	29	22
36	35	84	40	9	99
35	12	75	70	30	30
18	50	94	80	44	72
42	32	32	32	87	83
31	83	80	8	21	59
34	2	66	47	17	10
34	62	24	24	5	24
67	42	91	13	9	52
67	73	33	33	33	24
53	54	70	100	25	63
38	88	47	84	76	44
8	44	61	86	15	83
61	30	62	30	76	30
82	57	9	61	18	92
72	57	2	14	22	36
32	90	91	32	18	32
89	36	58	86	32	38
30	30	10	65	4	30
20	58	25	21	73	62
94	30	85	16	90	99
11	98	41	10	13	39
53	35	14	54	92	100
17	17	42	17	66	15
69	56	86	12	80	8
10	80	71	29	83	42
24	97	77	28	18	82
32	48	98	82	47	43
72	88	66	38	100	3
28	45	96	59	18	26
26	15	23	24	70	51
53	49	64	33	40	27
51	39	51	55	1	91
41	41	80	4	41	3
37	82	12	30	28	64
60	96	72	93	46	30
70	46	70	63	37	35
15	56	42	57	17	95
87	18	85	41	77	43
94	54	32	76	51	69
22	52	94	76	62	41
29	29	87	61	62	29
38	30	30	30	65	83
52	34	39	74	1	43
39	95	92	13	21	59
30	53	30	36	30	98
8	99	36	12	7	67
84	25	52	25	86	25
40	1	55	18	18	18
75	57	50	33	13	98
41	21	54	21	39	21
24	24	50	39	53	24
47	47	95	44	47	26
87	9	71	17	99	19
27	27	27	20	99	22
15	31	31	63	69	9
12	5	46	69	79	60
13	92	98	95	76	42
67	3	57	32	75	87
12	86	96	44	52	97
30	93	45	78	63	95
38	66	100	38	38	30
12	85	38	71	84	91
88	49	99	46	67	62
56	52	27	57	68	27
49	49	49	81	66	51
65	35	39	76	46	92
30	71	48	30	30	37
5	98	15	71	4	80
72	20	14	95	25	37
98	32	29	94	23	19
63	49	49	17	30	49
88	56	11	68	52	12
11	6	49	23	79	71
96	5	83	98	11	21
4	93	14	93	59	20
42	33	1	88	58	10
10	27	76	10	10	22
88	35	82	59	69	39
100	72	72	79	84	100
81	97	41	90	9	74
28	73	52	84	8	77
33	47	47	47	97	67
41	41	41	83	34	85
18	65	44	41	33	21
52	59	60	49	42	58
88	59	15	33	32	64
77	87	67	41	84	5
11	25	25	73	49	87
3	83	40	52	33	39
22	12	72	22	21	22
33	49	85	52	26	64
59	46	96	37	6	49
40	40	40	80	52	68
15	21	15	37	15	79
80	50	97	58	96	23
24	40	57	59	25	95
4	78	45	45	45	57
65	31	3	65	51	93
62	4	3	86	11	39
44	32	43	67	15	57
88	10	34	100	16	83
17	30	65	40	27	14
13	71	21	99	73	34
48	9	48	48	95	25
6	47	88	98	81	56
9	23	9	28	9	19
38	38	47	77	71	38
7	42	59	83	55	5
33	81	77	10	55	13
92	2	2	2	33	85
56	12	85	6	10	37
12	57	29	20	48	92
31	31	14	31	16	3
25	57	48	48	94	48
19	41	41	16	57	41
58	50	35	6	15	32
47	71	10	10	18	56
73	49	74	57	75	56
16	43	4	85	59	46
20	20	71	20	65	48
52	33	67	89	8	21
86	15	59	96	30	71
20	87	86	14	100	74
39	6	39	39	2	98
38	92	84	48	97	30
50	50	32	50	82	3
11	77	15	68	60	31
48	76	48	52	19	48
29	7	15	100	38	66
40	79	63	7	20	29
31	53	98	31	74	31
63	33	59	94	45	4
61	6	42	3	97	24
40	50	40	18	40	61
16	37	100	45	48	53
38	12	95	12	12	26
50	50	94	88	50	52
79	43	50	76	31	11
38	93	73	90	69	23
19	19	19	90	100	46
17	39	91	87	5	32
93	63	81	95	39	21
46	36	2	60	4	12
68	53	18	16	60	31
75	99	52	65	79	78
78	56	13	65	79	45
15	47	82	48	48	33
79	42	70	52	44	41
30	100	38	15	16	9
22	22	73	32	22	69
71	77	59	20	49	45
45	83	86	68	25	39
62	42	27	99	56	59
53	48	48	48	76	44
28	86	28	22	62	28
89	98	22	14	81	33
7	35	63	8	85	77
60	28	88	60	91	5
4	4	11	4	65	41
77	20	15	85	40	73
20	20	11	20	61	24
45	6	43	59	100	32
40	60	77	63	57	31
28	60	29	76	28	28
98	60	60	32	12	93
29	26	25	42	29	29
11	59	64	91	18	17
86	40	79	66	75	92
37	37	12	36	37	16
21	69	36	83	11	13
73	17	42	79	19	90
66	99	53	61	89	54
43	46	3	100	83	87
54	43	30	30	30	20
32	82	49	64	81	99
17	17	17	22	52	45
52	58	30	19	34	65
26	30	15	76	33	71
45	74	42	49	58	51
18	92	70	12	18	18
95	47	41	78	44	65
65	51	30	59	29	96
77	78	6	43	54	79
4	64	50	25	24	67
1	1	89	66	9	1
5	17	96	89	82	77
62	49	37	37	66	37
12	80	8	83	9	71
53	35	35	13	35	30
69	84	27	93	85	62
73	64	39	96	36	98
1	26	69	44	62	72
34	53	49	55	89	84
66	58	27	92	99	26
82	15	15	79	15	20
25	48	88	91	48	48
36	93	36	36	58	42
31	33	12	12	12	84
61	27	57	98	46	61
29	29	50	29	18	54
52	67	86	39	58	18
89	84	16	9	91	59
33	77	33	59	33	30
89	85	51	100	3	8
39	44	48	3	42	58
2	53	23	18	14	9
1	63	90	98	40	14
6	65	67	6	6	33
43	43	43	14	36	54
10	45	49	94	62	24
19	61	89	93	65	2
2	54	84	29	22	91
74	53	58	63	75	12
99	29	100	17	87	83
20	57	20	5	20	6
24	32	33	43	24	29
11	14	73	27	20	72
9	52	95	70	3	55
40	52	93	70	48	43
19	74	89	19	57	19
58	11	93	87	72	51
41	82	63	41	39	41
33	43	74	55	35	7
6	38	3	33	37	75
71	84	20	47	47	47
54	68	59	71	33	7
52	84	99	42	43	80
63	94	36	91	73	6
5	79	11	39	64	93
41	49	87	21	13	17
100	28	54	9	95	22
38	92	3	6	34	35
29	39	38	16	24	87
50	20	79	44	29	45
85	46	62	54	80	78
17	44	96	20	37	25
45	41	78	87	81	71
100	47	3	98	19	22
60	31	11	86	46	100
63	44	80	44	70	44
61	23	46	27	21	46
15	3	42	79	84	65
51	54	77	22	95	34
91	25	60	19	50	20
27	70	43	77	27	27
3	30	10	33	29	75
93	91	68	15	76	75
19	19	21	46	79	19
11	74	14	47	23	80
29	40	29	39	29	6
17	94	74	36	84	54
63	59	85	40	91	78
33	82	72	54	78	91
87	18	18	18	97	64
54	13	35	87	82	6
15	9	9	95	9	65
41	14	65	18	27	86
4	24	23	15	83	87
13	50	85	37	37	37
62	31	49	89	51	18
12	89	12	9	12	17
67	43	28	70	41	74
28	63	28	28	71	27
76	6	15	42	25	53
87	21	30	31	2	39
71	29	70	38	64	28
66	20	14	63	96	62
27	73	41	95	1	46
82	7	63	7	73	12
85	51	85	43	21	88
5	15	71	92	47	2
59	26	72	4	86	83
14	13	37	25	79	94
88	21	93	72	8	13
16	45	16	100	25	21
35	4	43	37	61	10
64	46	40	50	30	86
18	26	93	87	100	66
6	44	14	71	67	99
54	52	81	82	52	20
37	42	37	70	65	37
34	13	58	64	4	20
67	80	42	58	99	57
76	9	2	67	88	22
1	30	2	20	31	4
40	40	92	94	40	11
29	55	39	10	79	30
7	32	6	70	56	45
73	6	43	100	33	44
78	28	41	73	40	90
23	59	5	23	37	3
5	95	54	99	5	5
34	16	74	68	8	58
38	75	89	29	3	25
45	35	64	99	47	91
70	74	17	59	28	1
76	56	63	100	44	51
18	65	42	18	96	18
63	2	70	38	88	88
24	5	44	52	20	33
66	18	42	21	48	51
70	19	52	97	71	48
88	56	8	45	83	96
22	85	22	86	22	16
64	16	96	9	7	80
51	16	71	22	61	23
39	33	38	39	39	8
95	73	40	72	83	2
62	6	6	13	60	6
84	15	55	22	73	78
9	41	9	8	9	77
42	63	53	42	14	42
92	75	75	68	83	29
85	68	76	62	85	8
92	57	30	96	81	11
46	6	97	29	48	97
27	30	62	18	38	59
46	61	39	88	92	57
66	91	3	53	19	32
85	25	9	76	50	64
12	80	78	7	47	33
94	16	2	27	16	16
17	72	77	52	44	60
85	17	57	17	22	17
12	33	100	64	34	15
91	95	47	81	47	27
50	12	14	28	80	27
60	83	31	23	23	77
30	99	87	70	22	75
2	37	11	86	38	28
36	93	2	69	20	46
17	26	26	26	72	76
95	40	42	93	56	68
95	73	30	87	81	71
13	48	13	27	13	90
39	72	39	26	49	39
56	2	51	35	21	93
6	27	31	58	27	27
83	41	80	47	61	33
11	19	45	98	10	16
60	35	65	88	81	58
21	18	1	71	28	41
74	45	99	40	18	43
61	40	59	64	87	93
27	19	49	22	2	10
69	58	10	92	67	74
41	82	79	54	84	21
69	96	28	95	100	38
90	63	77	32	20	89
58	84	56	14	67	45
45	20	81	7	14	99
11	40	24	94	69	73
62	44	26	40	36	41
78	56	60	20	93	6
66	96	92	8	13	94
84	58	42	45	68	81
88	37	41	45	5	59
56	90	40	99	20	13
31	19	13	24	97	69
49	65	95	54	19	99
32	18	25	96	32	32
35	35	27	89	86	35
5	27	27	98	27	16
29	29	37	91	18	29
56	62	30	92	62	97
85	13	10	3	95	85
21	97	91	83	71	66
85	12	13	36	36	36
17	13	41	74	94	89
27	5	43	73	92	70
66	22	99	80	91	85
37	37	60	37	66	58
3	38	3	3	26	11
24	5	22	24	80	24
36	36	6	36	24	30
25	25	25	20	58	32
5	30	43	27	27	27
82	70	64	82	79	58
16	35	98	94	48	62
30	39	97	2	17	89
31	85	82	36	80	41
27	17	67	64	11	27
99	71	54	17	50	91
32	86	62	50	11	25
54	72	61	67	20	75
51	87	98	30	98	69
49	61	17	80	64	72
58	66	52	17	55	35
22	40	4	28	83	62
27	21	53	21	21	15
39	32	59	28	34	2
73	26	43	43	63	43
10	10	10	92	18	8
20	77	13	13	98	13
12	74	27	72	62	81
66	93	85	42	46	53
98	21	21	55	13	44
23	12	72	91	33	15
21	43	33	86	27	22
18	92	37	92	57	52
45	34	54	18	72	27
2	52	2	97	21	2
11	11	72	71	11	68
49	89	49	69	12	49
85	24	84	65	4	56
80	74	59	64	62	36
58	7	34	37	99	2
8	58	8	8	22	76
82	35	57	35	40	96
39	94	39	98	39	84
64	26	87	70	65	47
50	50	62	64	50	18
66	90	38	63	55	23
91	82	63	30	45	45
95	21	37	32	16	6
50	50	21	82	84	50
43	46	61	44	17	95
41	35	92	67	11	65
54	7	17	38	94	9
46	14	14	14	72	66
80	38	67	71	39	92
85	67	97	97	30	19
77	69	89	92	83	92
25	17	81	10	2	34
35	58	76	24	18	23
41	48	10	89	25	36
47	47	47	4	76	14
84	1	28	20	59	1
25	63	55	77	99	87
38	35	67	65	12	71
38	58	65	89	7	82
93	63	46	34	46	46
26	83	17	92	57	34
20	53	47	5	33	25
37	71	11	63	33	91
15	12	57	61	15	15
28	38	57	38	41	22
70	34	2	47	70	22
93	31	7	13	10	33
29	94	29	16	29	74
91	51	9	48	39	1
62	78	53	85	85	71
16	66	70	71	55	99
46	91	64	58	77	61
43	55	43	26	43	2
87	66	38	84	53	75
67	7	36	73	76	35
55	11	1	14	45	31
8	71	46	57	79	50
78	36	3	48	24	77
19	89	99	24	69	7
38	76	38	51	38	100
71	18	84	6	71	43
60	88	11	100	22	96
59	91	61	14	41	9
10	90	30	10	70	10
60	10	75	20	55	50
49	10	8	10	23	10
100	1	10	76	85	4
81	41	37	41	41	68
15	51	9	6	76	58
68	43	74	43	2	43
35	40	40	70	40	9
84	8	89	30	8	8
100	92	88	7	7	7
37	63	84	57	32	49
41	91	85	24	48	89
37	80	21	49	70	32
48	79	51	80	21	78
64	77	3	7	37	33
79	63	18	84	20	16
57	46	19	19	25	19
93	61	64	63	3	6
44	44	20	4	44	42
23	12	32	51	79	40
29	29	29	68	99	91
43	41	71	50	89	74
5	11	91	46	14	14
24	30	20	66	25	44
20	26	26	26	63	37
100	91	61	54	74	91
91	20	85	64	87	18
79	81	81	100	35	87
15	27	66	15	7	15
41	41	61	41	48	96
29	39	15	39	86	39
54	70	79	1	82	48
34	92	29	74	4	3
61	99	28	42	20	67
34	58	13	13	86	13
42	12	48	76	9	49
15	74	84	58	38	8
98	35	50	14	14	14
61	15	15	15	74	67
92	41	12	27	31	4
93	33	61	67	68	12
74	21	21	21	65	94
16	30	66	56	32	30
5	41	71	90	81	96
12	72	17	28	54	85
99	56	8	27	38	97
83	1	40	14	90	71
32	89	77	51	2	34
32	45	69	47	35	86
58	70	5	6	97	72
14	21	54	82	14	45
42	29	79	13	46	42
84	58	11	34	68	61
95	8	15	50	73	47
81	81	37	75	3	19
24	1	6	18	33	47
4	4	25	4	37	12
90	49	23	71	75	67
24	12	24	45	85	93
32	32	26	93	80	9
42	94	99	41	21	79
64	50	50	94	50	16
34	36	100	19	70	50
65	94	19	52	98	14
36	55	87	34	81	6
40	52	38	45	24	16
86	92	9	68	4	89
68	85	19	54	62	42
47	2	52	34	2	2
41	28	73	93	63	99
72	37	91	100	76	79
7	71	83	34	6	33
31	34	34	34	60	76
41	48	75	35	60	33
74	32	44	8	45	64
63	41	78	41	41	74
90	29	46	100	53	26
49	49	49	69	29	58
70	16	70	34	79	41
87	22	87	14	91	50
24	11	61	24	24	18
32	2	2	2	5	9
47	84	77	46	82	18
9	97	73	49	9	9
85	64	14	49	60	71
68	50	84	93	69	33
67	74	85	25	35	31
29	77	24	43	43	43
67	83	58	82	8	98
15	65	91	27	20	33
84	30	92	30	30	97
53	38	85	55	20	3
23	38	88	8	40	77
58	46	13	3	45	33
23	72	29	66	50	13
46	18	63	18	18	33
27	48	27	8	27	59
48	86	1	48	67	48
69	43	23	82	86	92
2	57	1	1	1	68
53	23	97	43	60	6
74	13	72	7	90	64
87	66	4	42	100	61
80	75	94	14	48	37
68	4	32	10	32	32
46	81	73	63	28	63
6	94	96	19	74	63
13	80	60	29	68	8
2	76	6	72	2	2
9	45	42	22	9	75
47	50	34	77	31	18
14	71	14	14	72	49
14	79	76	35	34	38
52	41	59	93	51	79
14	70	99	15	15	15
19	96	37	19	19	15
52	51	69	84	14	45
71	51	32	26	53	1
95	49	29	58	88	32
21	88	98	21	79	35
58	63	29	86	53	97
35	35	14	35	64	70
91	8	9	46	81	3
75	77	86	20	11	76
49	8	59	61	25	9
5	93	19	28	36	31
49	70	72	88	49	49
81	39	93	76	39	39
67	42	58	25	92	88
73	50	99	50	29	50
47	21	47	58	70	47
1	93	2	59	26	61
99	17	86	20	91	24
75	9	23	23	85	23
43	67	6	57	52	1
41	69	85	20	16	38
23	95	76	12	98	91
95	74	20	8	16	41
51	79	12	47	51	82
33	9	76	63	22	90
43	52	98	43	43	81
81	83	51	66	31	21
18	52	85	19	56	9
58	52	47	28	51	26
40	26	6	19	88	51
83	5	48	53	34	65
4	49	4	60	63	4
80	16	33	58	15	40
9	27	31	70	91	93
90	99	25	11	22	71
67	25	25	63	25	43
44	62	66	52	90	47
88	18	15	14	18	18
27	97	24	24	82	18
48	82	27	4	59	59
54	9	95	9	93	41
82	35	35	35	3	54
24	47	15	82	11	84
44	76	6	14	37	40
35	81	35	35	27	5
66	11	87	58	98	43
32	3	3	80	3	90
28	21	30	21	21	54
89	19	29	16	19	19
58	7	60	23	43	20
27	16	55	90	84	92
8	25	8	8	97	27
11	96	6	6	6	26
38	47	84	6	87	12
1	45	47	77	47	47
22	22	62	75	11	22
47	75	17	47	47	2
9	28	81	26	19	42
92	59	66	46	64	41
10	8	10	2	10	31
80	55	96	71	54	44
35	35	56	36	35	62
17	27	39	17	97	17
31	31	31	84	89	47
73	48	74	77	38	97
84	19	81	10	95	31
28	47	14	47	47	68
59	61	63	1	25	89
80	58	48	60	55	40
8	83	69	94	31	17
32	25	25	8	4	25
25	79	95	2	4	85
2	19	30	19	19	40
8	49	99	22	54	12
90	27	27	23	27	46
39	5	17	17	81	17
78	4	84	91	72	92
43	28	53	28	28	85
66	69	31	41	7	47
50	50	20	50	59	78
28	3	90	10	39	3
26	29	24	6	1	67
6	13	24	6	73	6
78	49	15	40	73	39
98	8	69	39	39	39
12	58	65	100	94	58
94	30	30	30	79	98
12	58	36	83	50	43
57	40	87	76	49	45
91	3	1	60	87	55
97	31	90	95	29	14
54	4	16	21	52	11
59	63	43	62	38	88
9	80	47	55	18	24
59	21	71	97	88	73
89	22	35	23	67	97
6	10	22	100	16	28
1	1	78	82	15	1
16	19	43	26	96	85
21	77	34	52	21	21
5	10	24	99	57	16
27	37	37	38	2	37
47	73	12	66	47	47
67	45	58	45	96	45
36	16	16	16	16	12
92	91	18	17	35	25
40	13	43	40	67	4
93	100	97	62	54	95
7	36	13	94	49	92
44	22	7	1	30	59
65	22	39	36	59	60
97	74	65	93	9	97
34	3	38	93	99	26
26	87	92	5	34	95
39	62	46	80	45	29
29	61	29	80	11	29
39	74	42	77	12	71
49	6	14	12	44	84
99	31	55	87	37	79
26	9	29	88	87	72
63	24	35	24	24	7
12	29	10	95	11	4
79	44	90	51	44	22
2	36	6	6	84	6
67	48	51	69	51	54
85	81	70	62	6	30
88	35	24	89	53	25
100	18	9	85	48	44
19	73	13	13	13	81
1	1	1	14	17	65
53	73	14	41	4	3
16	30	30	30	69	43
27	24	36	27	27	59
73	83	7	1	91	19
36	61	40	97	100	57
32	83	51	30	16	14
44	71	79	31	25	48
45	16	37	99	94	81
44	50	62	50	76	50
20	6	23	68	22	29
3	83	42	66	42	42
94	34	75	88	99	21
2	2	44	40	75	2
67	99	100	52	76	99
52	3	17	48	21	37
47	49	13	48	28	70
38	38	58	38	89	27
97	25	17	82	88	67
53	1	83	6	54	6
56	39	24	80	66	85
87	56	95	61	57	2
20	20	3	20	59	90
39	98	79	25	86	96
12	100	12	12	31	72
53	55	61	59	7	9
43	43	43	89	74	84
9	35	99	78	27	27
78	20	38	41	59	80
55	56	7	50	50	50
89	81	92	55	19	78
48	19	48	48	63	79
92	59	18	63	18	44
3	38	34	13	74	46
69	28	82	43	63	91
9	13	9	20	100	40
24	10	42	35	78	96
20	6	34	44	56	61
67	31	35	66	25	13
3	31	31	54	31	87
82	29	71	6	99	66
8	66	18	83	29	27
62	24	23	18	78	9
49	49	12	38	49	92
40	40	91	56	40	35
38	30	41	14	61	87
11	8	59	3	46	87
83	18	55	24	17	97
87	86	48	64	29	58
60	18	18	4	18	51
67	48	71	52	80	2
35	6	82	22	61	87
57	28	64	44	44	6
73	3	82	90	61	19
35	2	20	54	35	35
65	79	37	94	24	6
13	34	2	77	43	35
47	3	93	12	63	41
51	10	7	22	33	74
8	27	28	27	27	13
9	61	51	16	42	10
75	5	44	25	97	43
78	80	34	42	44	68
25	13	8	21	8	8
51	78	85	86	4	53
76	9	9	9	78	52
61	56	25	25	25	22
11	63	11	81	38	11
45	100	79	50	83	80
44	9	9	42	9	26
72	32	32	69	46	32
87	72	18	42	44	7
3	3	3	12	94	50
65	17	4	80	64	43
5	29	96	29	29	6
22	43	72	22	5	22
45	46	56	46	46	74
53	24	18	27	79	91
88	91	53	93	52	47
17	4	32	37	22	94
22	4	43	6	37	28
20	44	44	13	44	38
87	45	2	16	29	26
2	95	79	12	55	20
16	64	30	55	60	21
48	49	76	41	48	48
68	5	86	64	34	69
4	12	96	4	80	4
100	16	39	35	2	70
55	37	51	94	46	7
38	67	21	96	65	20
37	75	100	16	47	47
15	48	69	15	15	43
40	19	61	40	5	40
43	57	72	1	87	12
82	58	42	42	71	50
77	3	98	69	41	62
34	78	98	80	1	93
64	85	86	56	86	59
17	43	22	86	69	70
23	23	37	50	23	88
50	66	50	50	1	67
14	8	57	35	23	2
74	30	5	5	4	38
51	73	70	28	77	56
93	51	95	20	44	90
90	45	69	85	97	91
21	7	24	24	24	100
16	8	65	16	84	68
63	49	1	75	49	49
10	31	82	5	94	99
12	31	12	11	12	41
12	44	83	12	61	22
41	74	41	41	99	60
32	4	99	14	17	56
4	3	75	55	93	36
62	95	2	85	86	99
71	31	49	51	91	1
68	46	5	64	43	47
54	23	40	78	82	80
43	43	60	8	64	43
71	2	51	71	34	91
11	96	1	1	99	1
45	65	82	42	48	21
20	20	11	20	9	98
32	88	90	9	16	49
100	16	95	16	47	16
73	59	10	18	86	37
57	53	83	73	55	9
95	43	34	18	17	32
38	29	38	73	38	57
13	13	28	13	36	56
57	13	35	54	11	35
18	51	48	6	6	6
36	30	36	36	79	28
38	89	93	53	93	68
27	83	83	60	38	71
61	82	79	24	79	94
96	77	23	18	18	41
47	66	53	81	26	30
13	95	46	74	98	14
85	6	89	21	58	83
16	57	46	80	80	13
46	73	29	70	75	58
6	7	30	98	29	98
53	46	46	46	91	19
34	34	86	90	24	4
42	87	42	99	41	42
69	86	78	80	29	92
9	9	9	48	73	86
92	95	79	49	65	64
83	99	61	52	22	52
64	2	61	8	8	8
5	22	80	22	22	19
78	19	1	32	27	71
11	29	26	79	26	26
16	10	10	70	7	10
14	42	44	38	13	10
27	15	90	29	3	39
8	68	98	89	56	67
72	29	77	91	98	75
24	43	29	29	29	6
26	26	59	28	63	10
47	93	47	33	47	12
65	39	78	55	34	46
65	39	92	98	83	80
89	90	100	1	41	51
77	14	14	14	4	74
14	4	35	88	2	84
20	31	48	11	48	48
16	68	1	70	1	88
60	31	31	9	44	45
59	63	72	14	14	13
19	90	42	87	25	43
51	89	78	38	91	16
11	21	21	21	65	10
59	91	26	42	31	45
29	59	70	11	68	81
6	17	17	17	66	21
59	71	11	76	15	15
42	13	90	37	40	44
27	33	35	83	84	6
32	30	17	60	93	56
12	4	29	5	81	26
26	73	44	68	58	2
45	9	16	86	16	16
38	71	35	16	62	81
43	34	29	73	66	44
4	85	41	80	57	83
11	11	90	45	11	15
50	5	40	17	31	97
91	51	36	36	10	36
20	60	1	73	98	95
27	99	91	29	50	39
2	8	75	23	29	19
90	31	65	18	31	77
2	2	12	49	2	76
44	88	20	18	38	48
11	30	10	89	30	30
68	84	86	71	53	38
82	15	22	10	43	83
57	28	2	41	11	88
55	22	9	71	67	92
23	5	99	50	74	88
26	88	61	5	20	68
99	96	60	5	27	30
5	45	77	36	62	46
34	33	65	34	34	91
33	33	77	61	33	43
65	82	48	69	87	12
55	4	47	7	78	83
76	32	75	37	33	37
75	59	3	99	83	22
17	38	25	3	18	79
58	85	86	10	36	17
96	22	15	98	73	47
49	63	97	54	29	27
44	96	80	16	54	70
53	58	58	40	16	57
84	29	97	19	42	8
40	53	82	97	75	40
83	12	24	62	34	9
44	43	38	15	31	51
84	15	84	76	34	82
38	8	38	64	38	1
59	10	65	39	53	48
82	2	2	78	22	2
14	14	57	62	14	86
38	38	61	38	31	24
99	96	37	100	69	16
99	63	16	77	19	82
87	86	20	61	22	28
76	40	66	33	33	33
49	96	44	82	18	45
77	36	79	53	66	17
26	14	32	26	11	26
29	39	32	72	43	7
32	78	48	15	87	21
73	46	89	99	17	47
10	43	13	93	1	37
37	37	51	70	19	37
85	9	4	70	43	12
17	19	99	46	64	77
24	81	32	32	63	32
47	47	47	41	19	77
11	69	46	61	67	94
85	55	31	31	31	11
100	3	94	25	91	77
86	6	42	5	7	57
87	16	54	22	23	93
91	53	58	47	14	96
94	28	58	70	88	65
6	21	35	6	1	6
50	52	82	26	37	79
47	7	79	18	92	67
38	86	8	8	18	8
28	87	28	28	21	94
64	52	49	23	36	67
62	28	36	56	77	15
38	34	23	23	23	62
86	93	75	30	78	32
8	13	36	36	36	27
57	97	18	18	88	83
11	35	53	87	57	1
82	86	71	40	45	46
38	26	23	22	22	22
87	26	3	26	26	48
9	35	25	67	38	61
36	6	6	16	91	6
93	50	56	8	8	51
31	94	43	47	89	99
11	11	11	48	10	44
70	49	34	18	26	64
19	19	65	3	76	19
7	38	51	95	3	30
19	67	34	59	14	39
19	68	87	75	61	87
41	35	43	85	55	14
62	52	81	19	72	26
56	8	96	35	86	14
92	42	91	34	51	6
62	100	13	54	50	42
10	17	46	6	83	41
11	11	48	11	97	100
74	78	9	97	55	46
98	29	45	51	49	5
34	46	34	84	57	34
37	37	78	37	72	33
14	90	19	47	89	98
74	16	16	61	77	16
40	40	47	7	84	40
88	88	37	24	77	40
50	66	10	17	78	73
28	28	52	54	28	64
60	39	20	34	51	25
76	21	57	56	7	59
100	43	43	79	64	43
11	29	68	29	29	95
3	71	4	8	1	96
87	32	17	29	7	4
40	17	47	17	34	17
40	93	78	25	73	22
44	20	36	62	85	61
98	79	15	91	77	68
92	81	15	16	40	10
21	2	80	48	73	62
48	96	5	77	54	29
55	40	42	47	47	63
72	24	24	6	47	24
84	71	32	39	27	15
3	3	3	41	94	100
6	72	3	61	1	23
46	52	58	57	94	6
9	2	36	2	26	2
77	79	90	83	30	65
27	96	29	59	35	71
76	16	100	16	91	16
95	20	90	20	20	14
6	38	38	82	88	38
58	52	83	86	86	78
42	53	48	42	42	19
3	54	60	22	3	100
11	17	49	49	72	49
15	15	15	70	28	49
8	80	98	66	80	80
68	17	54	30	26	81
87	2	7	29	7	7
71	96	72	16	13	47
100	88	88	26	68	18
67	62	27	8	8	8
96	12	26	96	35	44
37	60	37	54	16	37
18	2	2	8	96	2
38	38	36	32	38	6
11	8	37	43	20	32
17	2	45	3	2	3
52	2	62	29	9	36
14	21	55	14	14	24
26	26	68	37	26	8
31	30	61	71	56	85
30	28	28	28	40	36
18	62	21	58	26	44
100	64	67	56	83	69
97	74	17	85	63	14
99	2	85	2	2	40
100	28	1	1	1	79
74	32	90	93	41	37
61	56	90	41	47	42
64	18	87	10	20	39
26	74	30	28	96	70
93	26	26	77	26	39
53	97	51	67	32	66
21	65	21	21	88	33
41	53	32	10	13	94
32	36	97	36	92	36
85	85	93	22	23	29
5	64	17	95	5	5
11	2	18	53	28	48
80	70	33	28	83	62
52	20	66	63	5	94
40	91	86	24	8	30
28	44	46	58	9	6
80	60	34	68	16	28
4	8	6	57	4	4
30	30	74	49	30	51
92	54	10	17	20	31
34	37	7	56	89	56
8	8	61	10	8	39
91	58	63	92	78	63
8	93	83	91	5	33
28	65	5	28	89	28
20	98	20	71	20	80
88	21	16	12	9	22
11	88	87	48	45	5
81	33	19	80	69	9
16	71	62	6	62	66
93	66	64	37	75	69
89	17	3	79	26	82
37	3	38	37	37	9
64	41	65	48	98	94
51	99	20	26	51	61
20	4	48	16	53	19
6	96	62	60	67	87
10	85	40	86	4	64
55	90	88	15	52	76
77	56	13	22	14	100
51	90	35	17	39	69
27	40	71	36	73	88
30	47	71	44	49	2
88	47	48	15	68	76
85	24	9	51	90	86
84	49	49	89	49	4
19	30	19	19	29	76
50	86	13	48	61	62
18	70	95	86	39	38
39	76	39	57	70	39
20	19	24	30	35	36
41	41	74	61	96	41
78	63	31	31	83	31
12	67	70	31	88	13
67	26	9	39	24	61
86	46	68	40	45	83
15	83	26	27	25	89
78	1	20	77	35	14
70	86	60	96	87	31
8	33	6	34	33	33
52	86	88	88	81	37
44	80	66	5	29	19
14	51	89	18	32	40
64	54	77	32	64	60
42	41	21	21	44	21
95	20	40	50	54	50
9	67	10	13	64	92
93	94	30	95	70	14
17	29	78	2	2	2
6	4	38	84	58	40
56	16	34	1	48	100
41	4	41	41	81	3
75	63	86	86	10	71
40	53	42	47	40	40
49	92	54	67	98	89
4	47	29	83	6	9
44	50	77	37	59	74
22	97	22	90	30	51
94	88	54	73	48	6
86	1	76	70	49	92
98	5	59	10	33	10
4	3	96	88	66	31
63	42	18	54	48	87
31	88	50	32	76	4
16	65	38	15	90	55
47	78	61	71	2	17
12	44	48	43	62	60
83	57	34	69	27	99
69	26	67	37	17	76
45	72	45	43	19	45
14	9	26	37	95	36
87	26	31	70	3	39
50	40	3	62	89	16
72	37	19	78	71	1
88	8	70	8	8	33
17	55	82	33	89	80
17	75	73	92	42	46
28	87	97	28	28	75
3	57	10	33	63	63
55	42	33	33	33	74
5	99	19	61	86	82
2	49	44	48	98	97
4	41	63	9	81	28
4	25	19	19	19	27
84	34	69	26	93	95
59	21	25	21	71	21
75	15	64	26	31	22
99	5	23	13	5	5
97	13	51	84	70	22
60	26	32	14	32	32
2	67	2	2	65	3
43	43	95	43	29	56
45	55	75	69	85	36
5	49	67	64	15	49
85	42	86	54	16	63
34	21	97	10	68	89
23	78	55	48	51	99
48	14	21	81	23	61
22	62	18	9	55	76
2	2	91	2	59	5
20	49	20	35	86	20
63	35	64	88	83	91
1	15	55	40	40	40
64	79	78	19	64	3
46	89	48	90	70	46
39	69	30	99	83	39
43	38	27	17	38	38
18	10	45	10	4	10
51	67	95	55	87	17
48	89	98	92	17	57
94	86	11	87	41	47
99	41	60	16	30	31
54	30	25	16	82	48
1	1	75	44	1	54
22	72	68	8	11	45
31	54	94	86	37	20
37	37	15	37	99	62
68	6	55	14	73	63
34	35	19	8	65	89
49	20	21	11	35	74
48	30	39	30	99	65
53	47	93	30	93	61
28	36	65	28	40	28
84	76	20	83	37	2
47	12	12	72	12	95
70	58	10	17	72	1
8	36	51	41	74	63
32	60	50	9	18	21
14	14	79	14	39	29
42	65	69	71	42	42
8	46	80	3	71	55
48	71	79	9	38	47
29	92	14	24	47	1
7	52	77	78	37	43
35	59	24	13	24	24
20	94	5	91	3	58
76	72	18	47	82	16
25	76	6	9	2	31
4	75	84	54	68	38
99	97	20	75	45	21
79	46	90	98	95	73
84	31	91	9	28	74
4	67	3	12	21	23
7	20	4	19	4	4
6	9	64	18	67	42
67	87	50	8	48	59
37	68	83	7	18	99
42	42	33	42	75	43
21	94	17	17	17	46
58	18	25	48	27	50
14	84	77	83	10	50
72	42	7	55	80	2
18	51	40	21	57	31
77	70	76	79	75	97
6	36	32	72	41	76
48	1	48	48	92	10
75	3	97	60	34	13
90	86	22	22	67	22
39	58	23	76	60	86
2	12	4	93	34	14
82	58	59	27	2	18
32	69	66	73	50	11
44	48	61	4	53	76
60	62	1	1	1	71
77	44	5	8	94	97
32	27	26	88	83	21
50	43	44	92	7	11
77	49	14	95	87	54
2	3	2	32	2	45
54	57	94	10	27	15
79	75	91	35	35	35
1	87	40	37	48	79
36	13	7	84	28	52
16	39	81	45	63	4
66	4	22	40	30	91
8	66	1	51	72	22
23	2	12	22	41	14
65	65	42	65	12	9
1	20	26	65	80	74
17	76	58	17	70	17
46	15	15	97	15	53
71	59	23	23	23	77
19	25	28	32	65	51
22	60	64	65	3	27
29	12	12	20	15	12
91	93	42	47	90	17
99	65	53	52	4	94
63	25	80	25	25	98
10	14	76	39	10	10
64	9	76	53	23	79
64	87	46	45	59	55
16	35	60	55	2	9
46	61	7	46	16	46
88	53	86	43	5	85
28	88	50	51	56	67
48	41	48	34	7	48
78	93	27	58	32	22
86	35	18	35	35	84
14	97	60	65	29	32
19	92	53	54	9	5
60	83	76	1	15	67
60	97	67	58	41	43
46	35	80	84	26	38
64	17	36	4	47	63
58	31	3	9	18	87
57	32	51	32	70	19
87	43	13	13	65	13
13	66	52	13	71	13
75	36	29	37	56	12
19	19	56	90	19	34
3	58	40	82	63	91
49	66	27	71	18	13
34	42	5	39	42	42
11	43	49	35	40	86
31	73	59	31	90	31
8	15	55	38	38	38
12	29	9	85	5	2
77	75	28	7	40	20
42	42	42	59	12	29
98	77	43	80	2	54
43	43	43	24	8	6
99	10	71	10	100	10
80	81	12	12	90	12
23	93	17	94	30	67
26	2	71	57	44	3
21	33	39	50	2	78
67	80	48	88	21	56
23	9	3	26	76	61
20	59	98	99	9	77
35	99	4	40	29	68
78	56	8	87	20	97
25	67	25	25	93	75
27	67	2	79	98	13
8	13	54	8	63	8
1	45	17	12	1	1
21	32	73	74	66	76
30	38	88	30	44	30
52	88	17	16	38	66
39	32	32	51	47	11
24	32	71	32	77	32
84	80	25	76	25	25
64	56	78	74	83	1
65	50	47	22	71	25
58	59	43	10	56	52
38	71	71	47	70	65
11	2	75	62	73	19
99	52	20	74	4	29
65	46	26	48	46	93
84	32	71	2	63	6
86	58	12	90	28	46
24	59	24	24	98	63
3	98	25	85	35	55
31	23	9	58	22	85
4	98	4	86	18	4
2	86	2	2	83	31
41	75	38	77	78	79
48	79	42	85	10	10
9	34	43	89	21	89
40	80	43	100	40	80
71	5	43	60	97	92
65	97	53	50	82	59
75	68	3	98	57	60
75	83	64	50	51	56
22	87	86	98	46	54
51	17	20	90	89	26
79	21	35	60	42	22
57	36	50	50	50	4
5	36	100	95	94	64
92	81	32	23	47	70
78	34	9	9	61	9
8	8	53	45	8	48
58	35	31	21	86	6
60	14	63	13	72	14
44	22	67	78	10	23
28	15	13	29	20	7
23	23	98	43	66	23
12	85	86	85	71	21
16	16	34	11	16	18
31	27	73	11	86	78
4	12	50	84	50	37
9	39	56	38	10	63
30	3	50	50	50	67
58	14	100	39	15	61
64	46	29	38	69	41
23	26	2	57	69	93
51	24	53	71	4	54
49	31	34	31	31	10
44	50	34	79	2	44
54	62	70	42	39	41
34	29	90	29	1	29
55	50	71	51	61	55
5	77	23	55	43	31
10	42	30	38	13	73
5	2	61	5	67	5
70	58	56	50	65	93
71	45	65	29	86	4
97	67	11	84	88	52
43	20	4	20	20	88
27	3	27	14	23	27
47	18	32	76	40	14
3	35	68	53	24	85
11	11	11	82	64	63
87	92	68	84	95	4
100	44	66	56	91	35
29	19	71	29	52	29
12	32	70	22	73	27
98	6	52	61	67	66
71	83	81	74	37	70
50	98	47	47	31	47
29	58	71	89	79	94
95	100	23	12	82	41
35	65	22	64	12	12
58	58	65	96	61	56
65	72	4	4	34	4
43	35	56	93	78	87
4	69	39	1	33	89
14	37	21	36	9	90
98	32	44	26	44	44
35	72	94	68	13	46
90	22	22	5	22	3
27	27	35	67	27	46
43	76	84	96	71	60
36	66	8	40	37	3
41	86	48	5	86	100
16	60	5	93	53	72
18	36	75	44	36	36
54	17	76	39	21	21
71	73	28	16	55	39
83	32	8	22	91	39
14	71	24	87	2	18
41	84	41	34	78	41
3	95	42	11	66	72
58	51	63	50	20	16
89	10	44	24	80	67
52	86	47	21	59	55
44	41	92	44	44	75
29	29	50	29	79	64
52	56	20	34	36	56
14	43	23	40	43	43
78	37	14	38	96	60
56	67	43	96	75	24
60	64	36	62	90	85
86	77	33	66	48	57
70	43	15	69	81	14
80	73	49	96	49	62
28	8	43	52	88	62
51	18	40	26	97	25
71	21	8	21	14	21
30	13	59	33	67	82
73	95	2	16	20	20
63	69	62	14	19	99
57	65	98	48	77	11
73	24	76	24	59	24
88	34	28	4	4	4
15	19	26	19	19	43
29	15	7	62	50	14
43	10	80	6	11	64
38	66	95	77	61	31
22	25	23	43	36	87
37	33	76	25	13	94
33	33	13	33	63	99
11	79	76	11	5	11
32	18	18	26	22	18
87	7	7	91	34	7
36	36	27	7	4	36
78	27	27	5	27	8
55	53	28	91	10	23
13	3	78	100	89	11
51	46	53	10	80	39
35	21	99	55	40	52
98	4	78	38	84	94
51	12	2	96	84	73
48	40	36	90	42	43
50	17	86	15	63	19
84	92	82	34	78	77
79	13	13	97	13	51
48	8	75	52	79	90
28	45	37	16	3	41
65	45	69	33	78	52
81	2	42	78	85	76
80	4	76	94	12	59
36	7	24	61	84	28
89	74	84	98	53	51
99	67	42	74	39	74
49	20	53	70	7	52
52	4	18	25	52	28
78	46	46	92	46	21
41	89	79	94	3	74
64	98	16	53	88	86
1	84	28	45	78	48
49	82	38	43	55	70
30	47	82	90	92	74
39	82	3	89	42	97
36	43	21	77	26	14
48	68	21	48	16	48
45	17	45	45	83	28
44	61	42	72	77	77
4	45	97	96	100	42
83	19	73	73	32	39
49	99	80	27	22	5
73	85	58	87	18	43
40	57	91	73	23	96
17	30	55	62	54	56
16	97	43	44	36	74
96	19	32	90	93	28
7	7	2	7	21	72
37	37	53	37	40	62
66	10	10	32	81	10
96	69	89	99	17	1
31	36	96	75	2	59
90	30	39	86	92	85
100	85	84	89	80	61
48	86	14	35	26	62
28	65	9	32	17	68
32	13	22	64	88	71
45	89	33	33	33	25
21	1	40	88	63	89
74	42	85	30	1	19
80	78	100	84	81	16
90	89	1	33	72	23
16	86	50	16	16	59
9	57	93	38	39	98
51	68	6	76	6	6
85	53	25	5	60	70
11	33	33	85	69	33
8	88	96	10	90	91
95	16	16	16	71	42
68	36	49	36	82	36
2	10	2	41	2	66
20	59	1	4	83	62
69	35	35	40	35	68
5	51	75	35	73	81
61	89	74	80	38	12
91	10	56	75	14	62
99	3	18	36	45	96
65	46	46	89	84	72
67	62	68	79	21	15
93	44	44	7	19	44
70	39	33	50	51	43
94	72	82	46	52	38
95	22	97	22	49	22
9	28	55	55	34	68
17	30	58	41	83	25
21	7	15	21	21	68
27	87	4	21	72	24
90	15	26	67	26	26
12	8	12	12	58	78
44	43	46	79	30	17
78	48	88	98	16	64
13	79	77	97	30	99
38	38	38	100	77	7
30	83	30	39	73	30
3	9	33	88	37	86
44	51	60	61	42	34
20	1	86	34	68	17
11	58	94	21	41	41
91	8	38	84	8	60
63	8	93	95	64	36
66	62	27	73	72	36
57	50	86	5	67	23
57	31	78	35	31	31
7	36	7	55	7	35
69	45	83	86	85	8
31	87	56	31	31	66
40	77	72	26	100	59
30	88	3	12	53	34
74	22	3	22	22	84
99	40	9	2	1	57
25	55	14	55	84	100
15	21	37	40	14	93
48	1	30	1	3	64
34	5	70	98	17	24
41	85	14	21	33	99
95	52	18	68	2	5
29	58	86	29	51	29
23	96	54	27	48	53
63	96	88	69	80	78
27	27	17	31	11	27
36	30	36	35	48	36
8	98	31	11	18	32
49	64	95	18	31	79
77	77	20	33	53	56
43	46	51	43	26	43
36	96	84	80	30	56
2	22	27	18	99	33
38	35	64	20	76	51
51	60	99	69	70	100
53	89	59	93	52	28
23	58	55	15	23	5
63	80	45	44	83	44
25	10	13	45	10	10
43	74	16	43	75	43
20	41	86	41	52	41
78	9	30	13	13	13
5	26	34	26	26	40
8	98	2	89	26	95
63	3	50	44	6	88
42	12	56	42	42	41
65	89	64	6	36	50
1	1	74	39	55	1
82	21	41	50	29	67
69	43	13	8	54	4
63	60	42	84	14	18
54	31	65	8	34	97
44	84	75	73	41	71
34	45	28	78	20	79
22	63	81	24	24	24
61	63	49	48	56	98
10	4	1	71	1	1
82	69	84	89	4	49
30	7	29	19	7	7
35	18	51	47	86	22
5	5	100	5	27	88
86	38	87	38	38	44
13	92	89	17	13	92
40	97	58	60	82	37
92	16	86	84	16	16
8	92	17	11	28	63
57	61	68	96	57	82
63	8	88	63	73	14
11	100	55	34	34	8
27	72	37	55	27	27
35	39	57	16	16	16
52	39	48	60	15	6
15	22	15	49	79	15
59	10	85	98	63	28
11	11	13	11	83	87
72	49	42	16	77	35
84	30	64	55	33	62
73	79	83	44	89	67
62	26	44	42	44	44
93	99	93	30	96	40
37	92	62	24	44	99
45	27	27	78	27	90
91	33	83	80	7	25
80	78	66	10	29	52
20	31	2	6	63	8
39	37	56	85	13	93
49	52	49	22	91	49
14	64	19	62	96	65
10	10	10	69	12	92
7	7	30	7	29	64
75	35	35	54	35	30
58	38	4	4	4	26
82	46	77	87	66	72
34	49	56	50	92	80
39	24	79	64	29	21
95	17	56	89	95	80
99	73	61	56	76	84
1	79	1	65	1	73
55	41	75	85	18	70
67	49	10	12	39	72
63	15	90	61	91	39
14	23	18	77	20	84
50	80	43	35	22	7
14	87	93	33	11	57
13	47	49	57	3	37
67	23	54	75	51	78
2	30	84	31	31	31
35	58	6	18	25	51
30	30	44	83	40	44
12	65	47	95	56	21
24	65	40	15	89	39
2	14	53	17	47	60
32	32	83	80	24	32
50	61	17	50	50	91
60	5	11	73	93	61
94	26	72	42	69	20
27	86	54	49	46	50
14	45	75	99	86	36
5	36	37	19	64	23
72	22	15	82	5	95
26	73	46	93	81	2
40	40	93	44	88	40
50	13	98	51	85	82
5	2	60	62	79	55
55	20	89	87	54	10
64	83	53	20	40	60
13	36	51	11	92	45
24	81	1	11	59	36
48	26	50	48	29	48
74	16	24	78	21	74
58	13	89	49	20	25
88	50	5	31	85	71
69	71	12	86	26	45
18	18	18	37	72	96
99	71	98	29	33	36
81	38	38	38	50	93
31	54	26	80	96	2
25	76	76	90	84	91
10	14	14	65	77	14
11	1	56	1	1	54
48	19	36	19	45	19
84	7	74	89	50	65
10	66	65	77	34	16
33	17	33	46	33	21
22	24	31	21	15	73
75	76	29	21	78	34
3	55	66	3	25	84
39	17	10	94	32	68
81	54	23	23	78	23
94	91	50	93	69	34
14	59	75	92	9	14
66	5	74	48	78	32
4	17	89	83	15	34
90	16	31	16	54	16
46	46	29	9	46	80
10	53	42	64	11	29
44	65	54	25	53	11
39	39	17	45	10	39
17	15	5	33	14	33
19	19	19	54	14	5
79	11	11	11	26	29
68	21	21	84	22	21
16	84	29	22	98	44
65	44	40	48	99	99
31	16	87	23	64	32
23	100	100	56	32	30
76	30	30	73	28	30
22	27	20	15	22	6
56	33	32	99	32	31
83	40	81	40	28	40
89	23	82	84	55	74
11	77	80	93	79	86
75	66	29	74	99	75
39	51	23	58	95	35
63	17	60	45	81	1
63	97	5	62	5	5
22	69	30	40	73	28
50	25	25	93	55	25
24	25	40	16	40	40
75	9	82	9	91	9
56	62	7	46	36	34
40	74	53	89	8	26
23	64	80	47	67	14
63	91	42	3	5	7
16	98	82	98	15	93
9	9	68	24	9	2
78	87	31	60	84	90
55	87	79	44	77	58
15	36	75	52	43	67
26	29	91	61	98	82
34	51	40	35	85	61
5	7	11	19	7	7
16	37	80	57	86	10
34	3	35	48	1	66
55	100	77	76	85	80
69	19	63	34	83	72
25	25	85	46	62	25
95	59	39	79	87	3
70	50	45	11	7	62
40	53	48	96	19	17
86	97	7	3	14	92
20	47	55	69	64	77
59	71	8	3	72	28
22	52	3	71	25	68
67	15	8	48	48	48
96	35	84	11	90	60
23	22	75	68	22	22
45	46	45	21	9	45
51	58	30	46	6	48
62	30	23	23	61	23
19	19	64	84	19	75
73	62	17	32	61	44
7	81	87	7	35	7
10	31	51	31	31	66
32	57	54	41	67	77
94	64	51	40	89	63
59	94	81	59	71	31
23	60	85	26	75	97
59	52	5	21	52	14
81	43	27	48	27	27
79	31	31	23	31	58
41	26	76	10	35	61
66	60	59	52	70	58
55	10	10	57	10	80
26	26	6	26	39	33
41	17	1	17	5	17
45	73	14	75	44	81
31	71	9	81	26	22
75	13	24	23	91	52
75	36	25	32	32	66
66	20	9	21	22	84
38	60	26	31	38	38
23	23	77	36	23	54
97	2	34	90	59	47
74	41	37	53	29	77
97	32	32	44	90	32
23	8	57	77	57	48
10	61	39	92	55	9
84	14	24	58	92	9
64	58	95	41	96	15
94	33	27	42	27	8
48	48	50	48	10	67
15	61	86	11	27	71
46	56	54	91	73	30
23	80	8	83	67	78
17	45	17	98	17	62
82	69	6	4	79	11
31	29	81	29	29	25
51	22	54	58	14	3
1	15	93	37	53	88
54	80	12	76	7	45
73	41	49	65	41	56
95	63	91	81	82	41
3	22	29	3	3	85
27	12	41	41	74	41
87	93	55	92	14	94
24	78	29	16	28	88
89	9	22	24	7	6
15	15	77	15	48	58
17	17	8	17	96	43
35	88	88	60	65	8
19	73	47	11	66	10
74	37	59	1	94	48
6	79	53	59	46	97
82	93	30	2	1	84
83	93	16	86	47	32
58	16	8	36	50	93
39	8	56	78	20	92
5	23	96	5	68	5
93	47	47	47	58	21
78	5	7	20	65	32
75	66	84	45	33	67
70	48	11	63	38	74
4	50	4	30	4	73
27	88	17	7	27	27
44	46	99	46	92	46
91	55	68	93	21	3
43	60	87	86	49	8
42	81	62	2	10	37
41	51	92	85	36	82
73	3	41	17	67	72
85	13	85	13	42	76
63	76	88	73	93	59
61	60	85	69	28	61
22	14	100	29	66	66
55	44	44	44	2	42
18	52	17	2	11	11
3	53	75	58	7	40
60	57	53	68	55	88
25	66	53	66	9	8
23	86	14	95	2	70
30	17	30	68	56	30
63	11	85	59	75	81
19	15	70	24	3	63
58	71	64	18	13	60
69	81	76	15	10	41
22	61	63	50	48	79
43	80	55	21	93	39
87	92	59	14	29	50
68	61	39	63	3	80
30	30	93	92	30	41
65	8	42	69	80	80
90	79	13	93	53	23
42	5	70	44	97	20
38	27	31	96	91	38
47	11	76	25	59	39
92	8	36	43	30	20
48	11	99	52	100	85
17	40	39	22	37	2
8	12	13	13	13	95
26	6	6	6	74	5
11	83	27	17	12	3
71	64	56	7	3	15
23	4	81	64	45	43
73	74	9	98	10	44
19	94	50	87	89	65
6	65	30	8	48	15
29	81	28	14	36	5
53	52	81	29	67	46
61	38	20	8	5	80
39	62	39	39	75	96
87	14	11	1	70	72
75	11	96	62	9	34
27	95	47	71	71	57
66	59	36	87	22	63
7	82	59	59	54	52
73	45	35	15	29	80
52	82	81	5	6	8
29	80	95	85	75	81
59	49	49	59	83	42
2	2	22	2	11	15
65	44	43	11	5	66
5	37	89	53	33	16
48	69	48	2	48	41
12	38	2	56	46	83
31	81	97	4	6	44
68	47	10	80	23	76
59	32	50	4	42	59
18	83	49	79	24	22
92	80	77	67	74	36
20	63	6	43	98	46
38	38	26	63	86	38
55	67	40	40	40	79
75	30	42	52	15	8
85	46	89	65	13	51
14	18	51	85	88	80
37	33	77	61	31	98
31	24	31	22	31	50
72	35	81	81	89	70
77	60	77	86	2	87
44	43	18	21	21	21
34	68	43	86	28	6
87	86	18	61	36	88
90	58	18	40	10	35
22	3	22	22	83	62
44	60	66	44	44	50
33	35	35	35	7	52
86	3	61	3	67	3
73	76	69	34	73	64
41	47	23	88	80	33
68	14	79	26	14	14
92	80	81	80	9	26
75	82	5	51	26	96
41	27	49	96	6	26
32	39	98	25	66	85
73	25	47	25	81	25
15	15	69	15	8	63
20	65	57	5	67	54
15	52	17	28	92	57
29	88	29	3	29	5
61	41	92	21	64	3
57	31	47	1	28	70
27	35	35	35	66	13
12	31	21	4	91	31
3	72	46	80	88	83
64	41	70	89	52	30
5	24	24	81	27	24
72	99	67	81	49	43
10	34	87	34	34	51
46	25	40	4	20	6
36	3	64	97	13	95
83	65	63	92	17	36
52	66	31	62	65	78
2	35	11	35	35	12
44	19	44	16	44	35
66	76	84	98	86	61
73	22	12	26	46	71
78	38	100	88	67	27
1	64	1	94	59	1
33	33	91	43	33	10
64	68	46	100	98	12
17	81	28	43	44	3
42	16	13	16	21	16
99	35	44	23	78	67
47	58	8	21	35	61
71	88	14	29	2	60
5	87	59	81	87	1
14	49	19	75	61	59
89	22	44	90	72	29
23	23	23	32	62	79
41	41	29	92	22	18
37	37	60	92	37	82
79	18	45	96	58	50
49	33	82	12	61	78
42	51	76	42	42	30
66	76	27	90	35	36
99	89	29	29	49	29
28	89	4	49	95	98
74	63	36	51	94	41
20	20	20	54	70	83
34	44	11	20	91	33
46	7	46	27	46	45
9	53	99	79	35	90
14	14	14	32	20	49
99	98	17	89	17	17
28	1	94	77	41	9
65	84	38	22	29	10
25	45	53	45	8	45
26	65	40	19	30	58
19	39	73	31	66	8
11	9	92	37	89	69
5	16	72	16	6	16
4	100	49	49	49	14
12	3	17	58	22	6
65	37	78	97	54	15
26	26	48	65	59	26
57	94	65	38	12	49
35	86	99	85	35	82
36	42	40	40	25	40
60	27	58	51	18	5
58	83	42	20	21	63
32	28	18	3	18	18
75	91	85	35	71	44
18	6	33	46	65	68
83	33	51	52	12	41
84	91	61	99	100	39
98	59	41	22	3	38
35	2	90	34	36	95
24	95	71	25	25	25
20	58	75	20	20	55
55	42	78	67	75	83
39	37	31	92	86	89
66	7	49	68	73	99
16	16	16	57	13	50
57	74	44	32	6	51
6	91	9	99	35	4
55	45	53	80	29	56
36	11	22	74	97	64
97	22	61	33	75	29
8	6	94	28	6	6
50	67	31	18	30	77
98	65	20	46	66	68
34	20	76	6	20	20
12	60	12	85	12	56
18	95	13	35	96	11
76	79	49	84	33	74
75	20	81	20	20	83
5	70	66	70	100	69
4	31	31	31	85	25
85	41	6	49	1	18
2	29	57	54	47	30
65	9	24	73	24	24
49	39	33	33	15	33
34	1	2	74	31	93
91	70	34	62	39	1
33	52	5	87	30	94
92	16	47	14	44	18
60	90	42	37	5	53
9	92	54	9	34	9
29	25	13	79	22	63
57	60	8	72	9	33
70	44	56	34	35	26
45	40	36	98	5	6
70	90	68	90	4	68
61	64	29	29	13	80
73	93	43	43	15	43
29	12	3	7	18	72
11	11	50	17	98	11
22	34	22	32	85	22
25	59	13	79	13	13
6	63	70	32	72	82
41	42	15	9	43	82
100	41	19	23	30	2
69	86	30	8	46	96
67	41	2	67	46	6
33	20	45	63	39	49
45	65	45	45	56	63
24	57	43	3	91	75
29	33	29	75	78	27
64	99	25	50	15	42
65	33	70	24	63	66
85	18	3	3	33	3
21	21	21	57	3	23
26	43	31	59	10	11
9	23	93	20	98	62
15	1	78	21	98	91
24	14	98	21	52	62
61	15	15	98	55	15
83	96	71	51	62	18
81	99	79	8	21	61
23	99	42	37	35	94
74	29	32	88	71	12
19	62	26	33	35	67
82	80	39	62	95	95
83	81	73	70	1	47
23	66	46	54	22	66
37	50	96	33	74	10
8	8	96	18	8	4
41	5	35	92	75	92
37	38	38	14	16	38
86	2	2	2	60	46
71	49	49	78	49	45
58	92	66	22	12	58
39	24	48	84	75	60
17	72	70	85	25	2
12	6	66	80	61	93
50	25	35	100	16	29
29	29	77	12	81	29
80	89	36	45	89	74
67	30	19	90	53	48
13	35	94	9	85	3
95	72	26	13	53	49
49	18	90	54	8	91
97	46	67	83	91	80
55	6	10	45	6	64
98	10	5	40	51	27
78	11	11	24	44	11
83	26	2	11	96	93
14	3	41	84	77	77
18	26	49	91	81	97
76	93	53	99	17	64
84	43	78	75	69	21
77	9	42	16	52	23
44	44	83	35	18	44
75	59	54	65	21	68
16	65	61	70	18	82
61	26	96	30	9	35
11	88	18	87	99	85
59	45	88	85	11	37
58	30	32	62	67	64
36	39	36	73	43	36
94	79	33	63	87	93
76	85	61	74	74	100
69	52	52	38	67	86
34	18	70	18	35	18
33	28	52	3	87	62
69	76	52	4	4	4
33	49	19	7	19	19
52	6	2	81	54	88
76	8	96	5	8	8
24	21	64	68	6	55
49	49	41	37	49	66
39	78	89	15	15	15
30	43	20	92	94	18
55	86	8	68	98	72
27	12	13	62	52	44
69	73	33	85	39	22
35	35	40	52	68	35
62	95	86	67	82	5
18	8	18	20	50	18
53	65	6	6	73	6
2	90	53	41	54	38
29	74	81	38	53	2
73	92	13	61	60	26
75	64	90	24	97	54
41	79	86	86	37	78
58	72	60	56	17	68
37	67	24	24	24	94
56	43	10	5	43	43
24	24	24	25	53	18
10	48	10	82	39	10
1	14	1	1	77	11
37	93	78	10	68	83
98	74	87	53	83	68
15	31	60	58	15	15
62	71	53	35	39	71
43	94	29	56	1	19
24	64	24	71	56	24
27	41	63	93	30	70
65	38	60	11	13	38
40	87	40	40	16	80
35	99	85	16	92	3
48	65	55	2	73	94
23	76	10	46	42	100
10	73	42	91	90	70
15	36	71	81	4	63
36	89	63	44	32	3
74	97	58	31	75	88
84	18	1	99	56	83
68	83	93	67	42	99
5	13	48	69	66	56
7	20	7	60	7	69
12	87	39	37	56	3
41	34	42	29	66	1
7	97	8	14	32	64
68	4	62	7	24	6
78	86	93	27	26	21
27	73	28	31	17	48
7	30	7	7	3	41
39	87	15	25	86	1
4	88	22	90	46	79
41	41	41	8	70	62
95	29	55	56	79	66
50	58	77	19	68	65
5	23	45	45	95	45
88	56	42	61	89	51
32	32	32	99	91	62
31	27	31	89	60	31
58	73	51	7	98	73
56	71	24	24	59	24
95	84	33	8	14	35
37	62	60	46	93	70
12	12	24	12	38	44
38	98	38	38	46	89
17	17	92	71	17	66
3	82	79	57	69	82
59	18	18	94	52	18
34	100	66	63	35	98
84	77	85	69	87	73
11	73	54	84	30	93
50	10	43	46	71	30
48	3	72	6	9	98
12	96	71	81	63	78
57	74	43	26	65	89
71	99	6	56	23	20
33	86	54	90	30	27
82	49	78	34	70	76
26	67	80	15	18	48
83	37	77	50	45	52
6	12	12	1	12	70
55	8	8	82	8	46
13	36	26	92	66	78
25	34	32	17	16	29
97	5	100	94	2	53
36	36	36	24	94	58
10	10	65	91	10	79
33	31	67	68	75	18
58	14	14	54	48	14
14	14	50	80	14	68
58	19	19	19	33	76
64	92	36	27	87	39
12	32	63	22	67	37
26	62	26	50	9	26
50	89	25	32	3	15
13	95	55	74	20	17
53	35	52	87	38	88
23	22	13	4	99	14
45	83	62	52	15	57
15	44	90	31	8	49
22	71	18	18	60	18
58	61	3	56	86	7
13	78	46	4	83	48
15	72	2	52	89	61
7	30	84	40	18	57
76	57	94	39	11	59
49	46	30	16	63	5
2	2	35	22	2	99
95	77	2	2	82	2
27	27	29	39	27	60
55	88	57	23	18	68
37	88	86	6	100	18
16	80	88	32	13	63
89	93	64	50	85	77
95	18	45	69	37	31
40	42	15	19	15	15
82	40	1	57	1	1
29	96	90	67	29	65
11	11	38	59	59	80
67	50	47	1	61	67
8	68	60	39	39	39
25	36	25	25	27	45
29	65	85	29	29	96
71	70	31	19	27	52
10	16	95	65	54	84
40	36	31	40	40	91
31	79	31	70	10	31
9	42	48	21	27	25
64	10	10	10	19	8
39	34	56	27	50	26
65	22	56	32	54	76
84	19	55	47	86	97
7	96	59	7	7	17
86	73	80	69	72	11
8	23	23	23	92	38
19	42	17	10	36	4
62	51	27	26	35	79
37	33	26	37	37	58
93	13	81	90	31	2
20	23	92	35	89	1
42	81	24	25	74	53
25	20	39	66	57	70
35	8	8	28	39	8
62	85	76	41	24	85
83	31	69	93	37	18
10	83	29	33	74	38
42	39	96	25	23	22
34	37	37	7	37	33
3	43	31	39	76	37
45	78	25	51	64	80
46	49	49	55	79	49
67	20	76	55	16	56
40	17	92	91	68	85
92	25	26	57	7	9
80	63	13	28	73	85
95	56	5	38	33	12
2	44	53	2	2	92
24	24	24	30	92	57
10	58	89	28	1	25
39	26	26	78	26	8
96	51	59	87	53	48
80	91	95	29	29	29
96	90	14	76	26	20
90	16	76	43	27	41
34	82	34	16	58	34
30	65	6	30	27	30
99	100	85	100	70	72
93	28	33	33	33	26
96	74	4	37	13	2
5	24	100	44	71	40
8	90	51	57	93	37
52	86	35	35	35	51
91	30	9	89	83	75
31	16	16	16	43	82
23	50	99	90	73	27
39	85	24	47	24	24
70	35	35	5	35	38
57	83	89	57	57	70
49	54	72	49	92	56
24	71	45	69	45	45
25	81	66	99	96	40
59	76	42	23	88	52
72	86	13	40	53	53
19	37	64	27	81	64
12	29	5	51	71	20
14	44	89	57	86	28
21	65	78	72	43	28
50	42	75	92	100	25
5	46	90	19	66	67
99	2	48	23	23	23
97	60	97	5	79	26
76	29	72	62	35	23
35	65	79	2	82	15
30	30	75	14	100	30
98	92	8	13	41	75
17	90	41	46	40	69
74	46	9	46	42	46
88	85	87	32	36	84
20	56	92	33	45	7
39	15	44	47	37	90
16	82	56	45	45	45
42	74	4	54	35	99
81	64	7	25	3	62
29	8	8	58	8	89
81	25	25	25	38	7
42	68	53	65	36	2
1	51	81	25	90	69
43	52	16	3	33	98
36	3	3	3	76	74
37	34	34	25	34	86
6	92	22	74	32	96
46	57	21	94	89	91
48	52	88	99	7	92
94	17	10	7	87	2
98	5	58	17	40	18
95	19	9	56	9	9
99	37	37	32	37	71
84	52	73	69	82	82
13	89	77	23	23	11
46	95	100	34	9	43
10	47	25	55	100	25
36	27	93	15	7	45
74	31	82	63	59	100
94	82	90	21	74	46
44	80	4	98	82	61
69	32	32	32	15	68
22	60	34	18	14	34
83	41	99	89	17	32
29	36	8	67	72	14
80	85	84	82	12	17
25	27	25	25	7	76
80	89	4	83	95	25
79	51	48	86	89	76
36	35	83	91	80	7
56	67	50	50	50	11
86	20	5	90	62	100
85	82	38	48	56	31
64	60	99	46	93	7
37	6	6	23	96	3
52	94	16	5	91	44
86	32	43	16	64	69
32	32	22	32	37	40
8	55	57	77	18	25
21	46	32	50	14	19
83	7	63	9	80	53
16	82	62	77	57	57
53	84	58	60	100	67
43	48	70	40	18	67
15	19	34	65	43	18
42	96	1	15	10	91
88	31	53	52	12	24
64	18	69	73	78	39
13	80	36	60	71	9
3	72	47	28	41	43
4	39	42	22	57	58
15	51	72	61	29	77
9	36	85	62	12	19
47	19	20	11	17	44
4	46	46	25	46	87
30	58	8	8	32	8
44	62	58	3	41	50
35	45	9	1	72	22
76	5	20	94	74	82
26	23	41	63	54	8
28	9	28	7	8	28
45	76	73	93	16	25
35	38	44	36	70	28
31	97	9	68	27	89
12	15	12	39	100	12
53	68	98	87	49	40
23	18	23	87	80	23
7	2	48	28	59	83
15	46	24	42	11	12
48	98	97	68	34	28
2	2	79	37	92	2
27	25	10	42	42	42
59	8	31	44	25	82
36	97	60	9	59	28
31	69	92	36	90	22
84	97	27	8	64	72
40	42	16	42	20	42
19	52	50	35	96	88
28	48	100	85	76	35
30	72	82	45	25	64
40	35	35	35	14	88
3	98	91	25	5	7
99	79	82	74	76	37
85	24	67	18	96	50
23	91	97	14	74	47
9	84	47	46	58	23
70	10	32	3	21	35
80	34	60	45	65	31
89	72	72	71	56	72
61	8	56	68	67	78
86	79	5	66	41	71
86	63	38	96	14	67
76	7	7	6	7	90
11	51	74	98	3	55
3	48	96	3	3	22
53	84	99	41	28	8
45	79	62	7	41	79
81	38	52	38	38	65
19	19	82	29	19	72
23	97	4	100	10	22
92	34	25	46	9	29
16	10	58	47	61	2
29	46	46	46	81	15
13	92	13	36	35	44
78	6	79	84	2	96
14	35	22	100	50	10
3	14	48	32	14	14
22	22	22	68	82	79
17	32	39	33	44	54
59	18	3	93	75	29
98	44	98	5	76	61
35	8	18	52	65	10
23	26	26	83	98	26
47	59	52	28	47	55
95	52	30	2	60	4
39	3	2	100	57	76
92	100	24	1	30	30
19	47	34	9	79	26
38	16	68	29	16	71
13	13	40	13	88	80
9	96	9	9	50	39
6	47	44	47	80	47
7	74	3	59	15	36
58	58	62	92	90	9
49	35	25	49	72	49
32	62	67	14	56	18
91	57	11	11	7	6
56	42	70	46	50	84
10	64	12	28	20	85
69	61	22	86	17	15
3	24	3	92	1	3
58	56	17	60	61	86
5	88	36	45	70	69
63	97	33	24	90	91
67	53	95	44	40	57
84	57	8	49	45	61
93	93	83	82	29	54
35	36	35	17	26	35
83	99	93	83	43	31
4	28	4	4	29	56
74	84	22	48	61	6
84	85	18	28	50	92
3	3	3	68	28	47
66	50	36	36	76	36
37	64	72	99	67	60
56	83	1	52	21	100
7	78	47	7	81	6
54	72	13	7	94	14
19	19	38	19	66	4
37	9	45	100	37	37
40	9	70	91	9	9
13	2	13	57	95	13
56	91	40	64	28	36
25	72	43	54	31	22
79	81	30	48	67	4
61	21	95	29	91	85
22	77	78	67	2	28
16	98	11	33	2	17
98	26	26	84	34	26
46	83	39	13	29	58
56	54	17	50	57	28
92	39	35	4	52	55
2	51	61	9	15	17
21	7	78	75	39	31
4	24	88	4	4	66
46	91	15	44	16	94
92	87	78	5	83	76
87	61	18	18	24	18
69	79	15	94	15	15
69	19	32	99	31	79
15	50	41	74	23	48
10	4	64	51	76	99
29	29	29	1	41	46
73	97	50	100	69	24
31	31	41	85	31	23
74	82	16	65	42	38
43	20	4	43	91	43
62	3	76	58	87	12
66	4	54	42	48	33
49	4	30	35	78	36
31	17	17	17	21	55
80	69	38	25	17	54
26	98	46	32	84	9
56	2	50	2	2	80
30	70	69	62	96	29
78	54	27	27	23	27
100	28	28	9	28	1
58	25	75	72	25	25
78	11	99	26	21	34
21	25	47	71	55	76
40	40	89	40	71	24
91	97	91	17	6	12
24	74	84	78	47	39
22	68	45	9	97	56
2	42	49	40	8	67
32	33	80	50	97	24
15	20	66	12	12	12
45	23	35	76	84	53
72	90	35	89	83	33
56	87	59	69	50	27
82	40	21	43	28	48
51	5	41	100	27	20
48	12	93	63	85	29
13	66	13	14	2	13
61	56	57	81	46	41
37	12	4	36	94	45
41	68	38	79	58	60
18	97	92	26	44	73
50	63	50	50	11	76
68	45	97	47	22	8
15	47	15	65	79	23
9	65	9	13	9	42
32	30	77	64	14	15
73	64	12	92	12	12
97	79	46	46	46	13
17	66	15	41	42	16
51	50	83	72	59	89
60	37	84	26	37	37
5	33	89	97	34	1
99	93	41	11	38	38
33	67	100	28	28	28
98	78	46	73	4	4
81	98	35	5	62	47
31	96	31	88	31	34
10	10	32	60	10	57
63	62	25	37	29	12
83	97	72	63	51	96
6	92	87	11	35	76
4	67	59	28	28	28
96	98	3	20	71	66
23	47	21	50	36	64
3	92	39	77	28	23
33	80	10	95	77	22
1	42	94	42	42	19
61	31	96	42	72	94
44	23	77	13	13	94
89	69	24	15	33	26
33	73	89	39	65	18
57	22	87	55	100	27
22	92	77	10	45	63
12	19	61	42	90	40
8	72	45	77	45	21
51	58	78	15	89	43
69	57	22	11	22	22
16	51	16	15	16	76
54	46	54	35	19	48
77	91	66	90	96	48
40	34	99	54	98	62
96	35	43	43	43	53
11	27	27	27	91	82
12	82	36	12	12	87
98	1	20	5	7	52
87	39	93	19	35	40
77	89	88	36	96	30
59	13	100	91	68	54
1	3	22	10	21	23
56	12	39	12	12	75
31	47	93	83	19	22
59	17	14	100	33	92
23	60	66	21	90	42
20	6	83	20	20	60
85	8	43	91	80	68
99	71	94	15	58	57
47	30	47	68	47	59
55	72	47	26	83	8
5	51	5	12	5	54
25	24	77	43	40	75
57	97	82	88	34	33
36	32	69	70	61	41
31	82	27	57	92	40
31	4	46	21	73	21
71	44	76	26	1	17
29	59	55	31	66	17
98	90	90	26	97	65
42	80	42	42	41	38
60	28	74	95	24	80
41	56	36	24	69	71
34	55	75	15	1	2
94	29	64	26	24	62
89	41	31	11	1	11
43	75	41	14	92	38
12	85	77	98	75	25
81	37	50	44	75	71
12	84	96	12	12	97
31	15	54	30	78	27
57	90	9	47	65	57
26	39	70	68	43	80
86	68	26	56	84	3
16	56	72	66	87	19
79	54	19	12	32	6
5	4	81	66	64	95
31	54	73	10	31	31
29	72	49	18	49	49
50	50	50	94	25	45
49	71	20	43	38	1
46	10	88	18	53	36
9	18	24	92	73	53
97	82	24	42	93	90
20	96	8	8	70	8
6	6	83	6	48	37
8	8	60	47	100	8
75	73	96	40	65	12
99	9	22	60	61	9
57	48	56	18	18	18
21	5	82	2	59	62
11	11	97	46	11	21
14	89	88	15	89	26
13	18	34	18	98	16
74	100	60	50	18	25
89	41	94	31	15	94
1	77	95	83	41	71
2	34	81	62	79	41
27	98	91	53	24	85
94	25	55	38	58	83
68	85	26	96	82	99
51	31	26	31	69	31
86	33	72	1	34	17
72	3	61	3	69	77
99	6	66	58	65	42
15	15	69	55	15	34
30	5	84	20	14	41
45	47	97	19	17	76
22	22	44	22	89	65
26	22	80	22	11	22
44	92	100	88	62	65
24	24	66	24	53	12
65	100	94	8	40	38
82	66	86	49	14	51
87	21	53	84	42	14
17	19	31	71	31	31
27	73	27	27	47	92
35	60	46	91	18	14
33	68	7	9	48	36
25	4	1	73	50	51
92	57	96	74	98	32
100	47	60	25	69	13
26	99	24	11	29	86
47	12	47	47	50	16
90	37	38	63	18	72
50	39	21	91	29	9
35	92	90	17	27	80
40	84	28	65	55	45
70	20	9	21	53	66
86	59	84	55	5	96
50	81	48	52	40	7
75	2	80	7	78	60
30	91	46	22	9	77
60	13	6	83	39	9
94	42	91	58	42	42
15	82	37	37	34	37
34	76	55	47	24	19
73	32	91	7	96	6
20	98	18	41	18	18
38	38	88	38	95	10
12	38	78	22	68	31
59	56	3	55	87	53
20	78	77	19	71	24
36	29	58	33	33	33
63	94	74	61	70	5
85	47	28	75	76	97
67	21	12	45	12	1
81	25	27	26	7	62
25	10	81	25	25	14
24	24	44	24	23	8
94	82	94	15	42	58
70	36	49	22	56	53
2	89	74	23	62	7
51	81	78	37	57	69
47	25	25	97	3	25
93	81	19	94	73	69
83	59	87	87	93	68
26	32	48	26	26	57
77	40	40	57	40	55
54	26	20	61	11	37
9	70	51	37	29	3
99	75	57	71	76	30
53	65	96	82	93	31
90	63	28	67	35	13
72	27	19	98	71	73
18	89	14	62	17	9
41	26	47	89	5	8
70	18	56	89	32	94
73	56	37	14	59	95
12	68	6	12	12	74
39	40	11	82	32	41
36	79	5	16	9	61
82	73	80	8	77	53
55	73	51	26	34	36
17	24	56	15	10	34
8	56	34	25	30	12
14	86	20	20	20	61
60	40	17	40	40	41
29	2	63	15	55	61
88	85	98	63	73	90
8	72	50	8	81	8
69	31	31	31	14	25
84	6	52	73	93	31
31	31	17	50	58	31
37	28	16	56	82	10
52	93	61	50	71	98
27	15	92	15	15	85
43	5	58	81	40	88
19	97	1	71	2	81
30	25	20	25	25	89
24	89	24	56	41	99
48	48	80	84	45	48
19	49	2	35	65	46
59	16	20	39	13	96
63	64	95	89	49	2
52	33	99	88	61	97
44	80	52	3	54	29
56	27	21	66	24	69
8	8	20	8	42	21
6	10	50	4	8	48
71	3	97	3	2	3
1	46	32	1	27	1
19	13	50	88	13	13
74	73	94	5	88	56
3	27	6	26	75	24
47	8	80	14	53	16
94	61	39	90	63	51
17	30	52	98	35	75
63	85	61	58	63	1
13	36	37	22	79	13
88	93	29	77	18	67
34	34	63	50	7	34
18	57	45	98	85	86
11	71	6	4	4	4
11	17	89	70	17	17
78	44	35	50	81	81
5	4	4	67	4	77
72	98	87	56	38	64
17	81	42	46	5	40
76	54	89	86	76	22
20	18	57	7	46	100
47	1	58	75	25	95
57	99	2	16	62	63
86	37	32	4	95	47
19	84	95	84	47	75
70	4	38	95	45	50
83	83	30	66	68	24
66	29	2	100	6	27
13	13	13	19	85	10
22	51	28	72	7	91
24	23	47	61	92	82
19	39	55	21	52	34
57	16	75	30	87	94
59	17	80	81	96	88
32	82	72	3	53	39
80	77	88	26	96	91
43	5	5	49	67	75
96	100	98	50	82	33
6	35	6	6	85	20
27	50	78	75	77	53
37	56	20	7	23	57
15	90	14	80	12	37
62	13	23	61	88	100
54	36	8	93	90	40
85	39	5	69	32	52
12	9	12	45	36	12
47	7	9	89	2	67
59	74	66	73	44	9
2	1	60	37	1	1
95	43	88	73	80	54
62	23	65	34	36	45
37	80	26	22	99	17
72	96	39	2	83	54
7	46	10	3	24	65
39	20	30	39	6	39
41	31	60	21	41	41
36	65	66	93	68	1
99	100	14	92	91	54
57	88	13	69	4	4
42	38	38	41	68	38
91	69	9	58	71	23
15	41	15	70	15	66
13	11	84	13	13	12
84	94	49	74	92	33
93	64	74	38	45	52
44	69	47	66	84	27
71	22	30	82	89	66
15	39	8	72	5	97
21	26	74	12	40	11
40	39	52	40	82	40
100	98	26	70	7	65
74	81	68	54	16	85
69	34	6	54	23	98
79	81	77	51	71	3
7	81	7	83	7	2
35	8	71	81	71	49
16	38	69	82	56	100
95	36	36	66	82	38
44	55	86	42	40	5
40	3	67	2	79	41
95	29	50	46	49	44
22	1	4	29	76	89
54	43	54	27	69	29
12	12	23	63	64	12
7	73	39	39	39	29
24	68	24	24	51	14
19	41	6	23	64	39
17	43	93	43	43	82
26	16	48	79	22	9
6	89	95	59	50	29
91	38	62	100	23	30
51	74	5	78	98	79
94	26	96	9	28	93
24	82	99	24	78	24
25	45	56	68	65	76
49	67	25	37	76	19
30	40	96	11	8	42
16	19	53	16	66	16
36	70	36	36	73	18
40	90	69	83	14	45
59	61	42	42	42	18
62	69	42	29	58	33
50	31	60	40	91	74
17	6	2	39	98	6
40	36	44	45	24	14
77	92	23	10	76	35
23	42	71	8	98	99
12	78	87	16	90	25
13	97	13	13	32	11
46	75	6	6	6	49
19	70	32	32	12	32
43	80	43	43	85	97
61	60	48	24	96	77
65	41	18	41	41	13
41	68	100	31	29	7
6	86	100	76	75	22
51	57	38	76	47	62
19	81	37	89	69	7
64	31	28	38	44	4
53	65	8	8	8	86
60	96	20	58	20	20
91	56	2	37	88	6
52	90	20	35	47	97
33	33	85	80	33	75
97	71	17	59	73	15
4	24	25	89	18	40
3	32	8	26	81	81
76	11	73	40	40	40
90	84	27	7	94	25
44	44	29	69	44	71
23	88	48	80	8	62
28	50	21	83	62	26
48	10	47	59	32	79
40	38	71	87	40	40
75	52	36	59	47	1
56	48	10	20	84	93
88	8	67	46	77	94
29	46	5	100	80	3
16	38	36	64	38	50
20	16	13	67	10	76
68	74	61	3	21	39
40	40	40	9	45	19
61	28	46	75	41	23
96	99	56	71	40	12
37	57	73	49	16	48
57	73	34	62	84	18
53	39	41	79	30	16
79	85	98	27	30	89
32	26	32	24	5	32
4	4	17	56	4	15
29	99	50	50	50	69
72	95	79	94	22	19
68	40	40	40	65	93
10	24	24	95	86	24
2	16	55	16	16	39
69	54	1	80	53	74
60	61	28	33	48	82
89	5	65	86	83	4
11	62	99	25	53	9
72	36	36	8	36	42
67	79	57	54	34	43
61	76	19	50	76	45
59	90	96	66	33	62
7	41	98	58	70	60
34	17	44	60	21	4
13	37	19	9	36	32
79	56	60	2	95	59
60	41	41	26	13	41
19	66	41	57	27	28
91	32	50	32	32	12
44	86	20	68	49	59
48	75	51	96	4	40
79	15	93	88	71	39
36	47	33	11	11	10
89	64	40	85	39	18
19	81	73	35	36	25
50	41	83	36	79	20
11	46	11	1	23	11
56	39	45	60	11	20
42	89	84	80	59	44
26	86	26	26	9	93
84	4	82	70	82	74
48	46	46	71	10	46
21	84	46	46	28	46
100	50	11	86	50	50
84	25	34	34	34	31
24	18	95	97	42	55
43	35	69	48	79	22
92	45	25	62	45	45
97	19	63	79	95	50
84	35	22	22	97	22
25	32	32	79	32	77
58	35	5	53	35	35
9	9	9	17	54	41
79	43	55	97	100	33
35	5	41	54	15	100
98	78	76	94	89	40
69	31	10	74	28	61
99	44	41	80	61	21
30	82	97	78	16	69
94	65	40	37	51	2
34	20	95	34	34	55
94	96	70	76	53	20
26	8	26	26	72	28
73	59	11	11	18	11
46	43	6	78	48	75
19	67	60	75	60	85
20	20	30	20	74	18
55	53	93	91	79	97
79	12	82	63	100	63
23	75	52	62	66	32
95	60	57	1	67	13
19	92	44	71	73	67
80	4	65	86	22	58
33	97	52	94	24	78
44	11	22	22	34	22
73	86	66	79	63	99
34	55	100	81	77	88
25	87	56	42	15	24
40	29	78	47	25	37
84	80	75	83	1	63
23	23	37	59	23	89
42	38	52	42	42	47
82	93	47	69	69	49
56	45	58	92	27	16
66	26	3	29	28	74
22	51	68	58	41	6
64	41	42	81	64	14
92	22	98	77	62	60
32	53	15	60	92	96
18	89	91	6	26	24
51	79	56	28	6	58
2	26	31	85	33	21
20	20	70	87	32	75
63	15	8	42	15	15
76	93	27	73	79	45
21	66	29	91	68	56
36	36	50	43	36	81
100	90	29	39	75	58
43	34	44	57	77	29
20	29	61	10	80	25
79	100	53	55	80	29
70	96	66	69	81	21
72	40	97	93	31	80
10	14	51	60	92	16
7	49	7	59	7	23
91	38	66	58	99	62
60	94	27	68	68	46
43	28	89	14	54	44
9	80	98	51	13	10
24	24	24	85	17	94
22	22	1	40	22	4
68	54	11	51	100	37
65	5	10	82	5	5
62	47	24	84	99	44
68	73	85	19	96	93
16	4	17	85	25	45
36	78	6	46	31	90
19	19	19	36	56	35
39	93	35	8	76	40
54	13	13	13	49	7
17	18	53	17	34	17
18	87	18	65	26	13
39	29	94	39	39	25
27	51	15	80	89	79
71	40	1	61	41	3
92	64	62	27	27	27
5	2	2	1	13	2
96	58	95	53	90	18
74	70	26	74	85	39
52	75	89	52	22	86
99	61	77	20	21	70
82	57	23	37	73	87
41	21	55	12	42	37
10	49	10	64	10	11
13	10	13	13	33	50
88	89	86	61	54	11
18	53	44	4	56	82
43	89	82	10	8	53
35	2	8	6	17	83
35	65	12	49	70	7
95	78	36	32	69	43
20	16	81	34	31	64
83	48	48	24	48	38
93	71	49	16	87	67
47	48	32	75	52	19
19	22	22	96	39	22
79	34	75	86	67	48
96	12	67	62	1	62
48	51	37	59	15	48
2	2	70	16	72	2
9	25	25	76	25	98
67	38	43	60	81	92
91	20	1	1	1	40
75	61	74	14	70	3
43	61	61	64	19	22
98	6	30	83	76	31
69	85	65	53	88	21
75	2	7	69	35	95
70	28	63	17	21	5
91	54	60	88	43	47
23	43	38	32	43	43
27	6	70	71	22	67
80	5	66	75	6	87
94	86	74	76	55	36
60	11	59	10	38	44
52	68	3	61	97	1
73	85	42	56	8	73
30	60	90	55	84	91
96	11	43	32	42	7
28	41	55	53	90	87
54	71	68	3	80	10
40	31	82	57	24	80
66	62	79	89	56	84
35	92	15	95	75	76
30	74	1	30	51	30
3	15	3	15	2	82
76	4	3	4	7	4
49	1	6	6	6	86
28	70	86	8	52	75
62	82	60	40	82	7
21	23	97	73	37	14
44	44	57	16	37	44
41	24	24	67	13	24
18	18	16	19	53	18
6	63	42	7	34	46
12	55	9	72	84	13
89	86	55	82	98	63
31	1	19	23	32	62
70	46	80	23	62	65
65	47	15	97	58	13
83	30	10	9	6	60
66	37	31	37	37	75
2	74	2	55	87	2
94	72	78	84	71	98
75	80	77	23	91	25
54	11	77	88	60	62
40	4	39	38	54	93
34	64	47	9	60	51
95	10	69	93	5	82
10	99	10	58	55	10
81	39	69	89	67	97
30	27	89	41	4	45
88	30	30	30	38	91
33	42	42	42	96	9
30	17	21	31	64	49
9	93	74	58	88	87
29	67	93	55	21	72
96	93	49	71	17	52
25	30	75	97	63	66
84	34	70	93	93	29
29	21	29	18	29	54
58	37	29	37	37	40
17	70	30	42	42	42
40	3	74	53	78	65
30	18	57	7	1	52
19	48	77	26	5	35
68	38	32	56	19	67
12	91	40	41	97	8
94	14	12	65	76	65
99	89	27	43	27	27
65	33	50	21	11	1
37	23	46	61	45	19
59	47	13	35	29	66
30	49	3	49	49	2
64	71	19	27	19	74
78	6	6	81	93	6
29	77	70	88	78	97
37	40	40	18	40	73
11	11	93	78	11	2
88	15	25	64	32	42
49	15	28	95	57	4
41	27	18	15	33	39
14	5	5	5	11	45
93	1	1	11	1	36
5	42	46	5	5	71
55	24	13	60	79	100
90	9	9	9	57	88
11	11	98	11	71	15
63	51	86	25	71	64
22	87	75	36	68	18
96	84	57	55	1	91
28	93	49	21	68	61
74	50	44	100	44	44
26	41	26	46	26	42
21	25	66	41	48	82
90	37	83	37	37	85
96	21	6	91	23	39
68	40	27	74	57	6
39	6	10	10	73	58
23	1	89	97	26	90
37	37	35	37	38	47
16	16	3	16	11	12
72	69	22	22	88	22
16	96	67	60	71	10
42	64	42	60	35	42
32	10	7	7	49	7
90	14	11	90	43	64
29	29	29	14	84	6
21	12	82	88	6	14
84	63	70	14	63	47
21	99	9	9	66	9
49	76	63	49	84	49
11	77	11	46	58	11
19	48	43	62	48	48
42	32	71	81	30	30
97	27	62	89	19	91
21	21	21	56	25	53
31	8	42	87	79	73
91	35	70	17	87	73
53	88	38	38	1	38
31	28	3	46	68	26
83	28	75	69	60	62
25	8	8	26	8	34
48	48	50	17	91	32
52	98	77	61	20	25
59	20	57	32	18	31
26	66	6	26	77	26
40	98	20	40	40	1
57	6	81	99	47	53
8	35	35	35	49	65
86	35	35	35	84	70
85	54	97	38	53	99
8	5	68	67	69	96
44	44	72	44	42	78
27	3	94	51	15	87
48	99	79	14	57	1
23	83	59	71	18	79
66	78	22	59	41	90
24	25	48	24	31	24
40	80	76	64	94	38
45	52	13	31	12	44
76	66	49	54	8	50
85	80	84	73	39	90
61	93	33	63	77	29
48	36	79	42	26	70
14	69	40	40	80	85
57	63	13	70	19	29
75	33	48	49	42	48
6	17	81	17	2	17
34	34	91	70	3	34
33	33	60	33	79	59
41	29	31	66	43	67
77	81	87	58	12	48
76	30	81	47	20	32
47	77	91	39	8	40
26	83	39	69	19	10
91	83	37	17	21	21
93	43	19	19	98	19
78	42	6	28	86	62
35	4	35	39	35	52
54	5	34	60	68	92
2	100	41	35	94	20
48	48	48	73	36	21
30	71	75	35	1	87
62	92	9	88	27	50
14	87	32	71	98	100
14	14	14	2	6	45
56	97	46	92	56	95
12	14	3	88	5	12
6	28	52	52	83	43
56	7	7	7	33	76
48	48	42	63	48	88
2	65	40	37	51	52
5	7	72	98	8	32
36	65	48	15	76	43
24	6	53	23	55	2
51	96	96	58	32	44
82	72	11	51	85	87
56	2	9	39	3	50
31	46	42	65	81	66
6	15	10	6	6	51
11	90	4	69	71	71
1	6	71	82	21	69
92	69	1	96	27	73
43	34	11	80	27	57
34	48	4	48	48	82
9	77	66	96	60	5
29	21	76	68	56	81
90	7	7	38	60	7
54	65	4	87	9	97
35	39	32	99	27	46
3	23	26	78	41	59
16	33	37	98	6	29
99	77	57	64	68	58
11	11	11	39	90	84
41	83	21	23	87	89
25	61	59	97	10	64
95	39	79	8	22	75
34	24	41	23	15	29
33	80	6	69	77	95
37	43	54	21	21	21
53	33	95	34	65	3
78	31	8	69	23	50
45	45	21	87	45	71
95	95	11	28	11	31
26	44	11	26	26	45
13	78	34	100	27	5
18	20	20	20	84	87
95	52	33	80	84	38
39	70	48	95	6	89
1	2	96	18	65	91
16	27	77	37	86	72
36	36	95	28	36	16
31	31	10	90	31	87
48	46	22	5	28	84
71	1	55	8	8	8
16	51	81	49	12	68
4	1	61	68	2	27
62	81	47	100	47	47
9	5	46	18	8	4
67	36	98	8	84	99
38	84	95	83	73	85
11	8	4	83	91	86
89	2	81	60	84	56
46	46	59	97	46	27
26	77	26	21	26	3
86	55	1	81	31	75
34	45	45	45	93	4
93	14	95	51	82	52
11	59	68	69	88	66
81	28	28	68	28	70
91	70	81	58	81	94
30	85	70	16	45	43
48	20	39	78	85	6
60	22	22	29	92	77
27	57	82	34	49	95
1	65	69	74	78	6
12	75	69	30	35	75
19	20	47	62	13	73
47	37	76	10	41	93
59	18	90	93	18	18
18	3	70	15	40	57
59	63	94	92	28	51
65	15	96	35	17	65
76	87	97	49	10	47
12	28	68	8	28	28
72	59	30	54	96	74
41	90	10	53	42	96
14	6	97	73	11	64
43	43	50	17	43	99
21	64	15	21	35	21
2	44	55	58	67	80
12	56	99	85	85	94
78	74	16	16	81	16
46	64	53	47	54	59
93	58	1	4	81	92
60	74	94	73	97	62
95	96	43	41	39	92
85	80	56	39	83	37
89	80	90	48	10	96
46	41	26	85	90	37
76	6	54	41	94	89
68	95	64	21	63	100
96	58	42	74	27	53
2	13	15	26	69	29
30	95	51	76	71	90
31	37	8	46	68	100
30	83	51	32	19	25
82	27	2	6	60	82
89	36	85	44	5	8
42	86	92	88	100	42
38	86	42	1	42	42
72	87	77	51	91	64
78	93	54	69	37	79
38	50	50	20	99	50
24	55	24	89	15	24
4	99	52	67	11	32
62	65	88	37	20	30
95	26	5	67	75	86
1	1	43	79	35	1
59	100	21	21	21	80
80	52	78	64	89	43
80	37	64	21	45	17
33	11	6	31	80	82
58	23	22	22	22	97
76	34	34	12	34	51
80	38	62	35	95	89
97	37	37	13	74	37
33	46	64	91	2	62
82	87	74	96	99	90
83	60	32	4	23	80
86	93	47	60	100	20
100	33	31	33	33	35
99	23	35	24	72	55
34	23	100	67	55	68
80	4	55	63	18	16
21	43	9	24	84	46
55	23	23	57	23	22
67	27	64	48	17	51
2	36	36	76	36	30
35	46	100	91	64	91
36	67	12	57	91	82
12	77	82	32	92	54
42	1	88	97	76	99
15	72	38	27	56	85
33	88	29	98	26	14
99	94	11	40	59	92
77	68	20	95	83	32
76	44	89	20	72	17
85	15	90	63	13	41
22	75	65	77	52	38
93	90	42	27	14	53
28	82	28	75	90	28
94	43	36	5	48	21
41	30	30	12	30	52
14	85	81	9	96	16
25	65	72	7	17	13
12	12	12	42	27	41
53	87	12	40	65	50
7	87	7	56	92	7
9	9	26	9	64	47
36	18	72	83	13	13
13	45	62	45	45	67
47	14	12	31	83	83
57	92	60	49	27	9
13	18	20	70	10	19
14	85	73	100	16	99
35	35	60	79	57	90
45	43	47	55	51	67
37	3	38	26	32	87
47	38	38	72	38	1
24	75	7	26	80	41
99	32	61	78	98	31
89	35	61	13	65	34
31	33	34	96	80	90
56	73	50	60	82	17
52	96	4	67	59	24
7	20	46	67	9	14
42	83	57	31	95	89
30	68	65	90	20	70
90	84	100	59	98	31
47	41	89	47	47	63
47	87	47	47	37	2
99	91	63	82	36	97
23	41	41	41	70	45
86	98	11	98	17	20
73	86	93	37	30	53
45	35	28	28	28	9
90	11	43	71	43	43
73	18	55	53	92	3
45	68	91	75	40	34
16	18	87	58	18	47
36	60	5	23	53	33
16	62	84	48	80	49
83	88	42	14	13	7
25	70	73	41	58	46
25	56	78	36	50	12
74	9	21	29	15	16
9	37	67	98	37	37
47	21	87	25	70	78
49	12	99	27	66	87
18	62	39	27	52	8
90	39	53	75	81	79
62	85	70	57	96	83
72	74	60	60	25	82
52	46	46	16	46	74
2	77	36	23	80	73
21	80	52	35	40	92
9	9	95	13	86	9
19	28	72	6	3	94
33	46	30	40	86	100
23	44	23	23	75	51
70	86	32	31	32	32
7	62	40	58	37	91
90	11	69	52	100	83
60	25	25	81	86	25
99	7	80	98	76	71
30	47	5	73	87	79
90	6	58	90	12	83
97	73	23	44	39	7
21	28	6	82	21	21
44	36	61	47	60	69
93	90	85	73	29	44
44	91	71	12	74	89
8	35	96	90	35	35
45	90	47	2	81	64
9	10	77	69	91	64
24	100	79	96	27	4
12	38	61	66	8	80
36	65	41	73	33	61
33	94	52	29	77	58
97	76	38	60	38	38
46	46	13	76	46	66
62	82	8	94	63	88
71	96	63	92	69	49
99	23	8	8	58	8
34	9	14	75	78	2
13	20	32	9	13	13
20	76	13	70	93	94
70	43	45	37	13	44
44	17	35	70	52	66
4	48	83	68	60	28
65	6	34	58	6	6
54	12	93	31	94	75
88	38	61	45	21	12
51	12	53	58	59	32
88	65	52	21	10	83
38	70	38	38	5	74
7	6	5	26	73	43
73	66	26	81	40	42
46	99	6	61	53	65
60	98	89	65	24	66
12	59	22	99	21	54
33	27	47	70	90	65
75	95	42	86	63	95
50	66	63	78	57	98
10	89	26	96	65	59
77	21	59	68	34	43
86	3	22	84	91	98
87	14	10	87	40	2
31	98	53	30	31	31
2	34	80	93	12	9
44	62	9	98	13	45
47	71	36	25	86	54
99	77	85	63	11	60
89	90	16	67	55	88
68	49	1	1	1	25
39	39	9	22	39	52
68	83	65	45	65	59
32	42	18	78	91	32
13	6	55	43	2	61
32	73	81	34	32	32
81	63	2	77	72	61
49	82	93	8	26	14
100	85	20	20	20	2
11	11	14	22	11	38
53	16	64	78	25	9
81	24	98	48	24	24
39	78	74	76	88	91
98	68	66	96	94	38
48	8	79	74	94	67
83	92	6	95	30	73
48	78	72	35	63	4
96	18	85	98	89	66
27	35	5	85	4	79
61	33	95	53	67	98
6	6	6	15	98	77
26	47	68	68	37	76
44	82	54	58	60	44
44	6	33	64	61	58
9	86	23	27	21	14
21	9	1	10	85	32
84	45	37	19	83	36
37	89	43	97	1	75
31	97	15	27	86	8
34	9	11	84	95	9
51	15	16	21	70	54
45	69	34	32	76	10
44	85	85	43	53	46
55	77	10	90	86	59
15	77	15	69	9	15
18	91	99	38	45	6
33	4	31	52	33	33
3	76	11	42	3	3
36	21	19	40	27	47
68	93	3	40	99	66
81	49	29	77	64	98
46	100	86	50	29	87
3	3	72	18	2	3
45	15	93	39	78	31
61	35	97	4	15	26
88	76	63	90	3	58
94	63	47	61	80	94
27	70	60	67	99	56
82	93	29	62	19	85
82	13	83	61	91	60
73	23	75	97	60	14
65	37	7	41	37	37
87	50	62	26	89	2
55	26	81	80	96	30
67	23	33	82	49	19
77	45	30	2	100	16
12	98	80	33	53	90
9	100	47	5	65	46
30	78	30	41	30	90
39	56	57	27	23	24
49	97	34	94	33	98
2	70	13	82	76	68
45	65	73	19	29	8
85	70	38	54	38	28
33	46	65	13	85	64
77	89	25	28	22	6
35	15	77	29	97	14
78	38	63	5	30	23
11	23	49	71	62	40
48	19	94	4	86	53
1	15	8	58	52	54
61	42	49	31	78	16
67	74	62	62	31	46
58	32	35	78	92	2
29	82	22	63	84	96
76	76	60	25	75	7
44	79	15	8	100	72
49	85	13	13	74	13
69	60	48	2	48	48
25	25	25	42	65	83
90	63	30	73	30	38
5	22	67	22	97	22
72	25	83	25	74	25
96	72	80	15	12	14
35	84	35	35	47	57
64	41	27	40	41	41
1	17	95	4	4	4
80	43	43	52	22	43
42	78	45	54	22	57
12	25	50	50	50	35
48	48	42	48	18	88
95	47	94	59	52	44
24	24	62	91	49	24
92	92	10	28	92	72
94	77	34	2	29	85
72	93	15	24	22	24
4	67	16	12	80	32
96	53	82	81	4	52
55	84	5	5	33	5
22	8	34	22	45	22
5	50	13	60	5	5
48	27	74	33	9	92
21	16	64	27	43	21
14	65	57	93	13	8
73	54	82	13	18	72
31	60	54	4	56	84
71	68	48	75	31	51
56	8	58	16	41	7
27	87	90	44	90	33
47	95	4	92	94	80
54	26	47	91	54	5
38	17	76	98	50	8
56	42	61	27	56	66
24	56	4	37	76	21
80	89	72	7	35	86
43	23	16	56	83	84
1	30	4	59	81	30
21	40	91	72	14	79
98	31	60	96	83	71
48	24	70	74	4	55
12	79	31	31	61	31
3	21	78	53	27	5
94	54	18	46	76	21
40	81	62	40	33	89
85	34	84	27	55	76
32	93	32	99	32	42
12	48	48	48	70	57
45	80	24	24	41	24
3	8	3	3	50	84
10	56	75	42	40	82
30	85	30	30	88	56
98	78	87	62	19	91
5	88	43	5	5	16
92	4	65	28	86	27
41	6	79	97	28	25
87	87	94	98	9	80
69	48	48	2	95	48
16	77	13	95	12	97
5	100	60	5	5	97
5	91	42	37	31	43
38	71	49	2	94	82
41	48	23	38	89	55
42	79	62	90	4	42
4	29	64	95	66	96
69	45	97	35	51	77
10	37	70	42	35	69
75	98	48	49	72	73
28	66	87	17	53	16
28	28	4	66	93	28
17	44	49	44	25	44
28	32	99	94	51	10
19	19	10	19	24	64
91	31	50	27	80	92
100	78	6	86	85	13
86	81	32	49	85	77
38	47	42	42	34	42
76	37	37	37	21	58
43	39	97	79	54	29
6	44	53	8	30	81
46	57	74	31	58	19
7	19	19	81	36	26
60	94	98	43	95	72
75	38	24	69	24	24
65	95	49	70	29	59
3	94	83	19	57	19
43	36	43	13	73	43
16	92	23	48	35	13
47	93	68	91	74	55
4	42	17	34	76	18
39	39	39	60	1	19
70	19	26	68	23	73
61	18	62	92	11	28
45	70	55	54	61	76
68	38	4	37	28	89
42	15	21	26	77	80
41	85	33	86	82	15
21	87	55	21	21	13
92	46	46	89	46	21
96	64	13	93	47	22
31	55	39	32	81	95
95	73	94	63	13	28
76	97	3	13	83	100
7	2	93	7	35	7
12	12	12	66	1	52
21	6	97	2	1	56
86	70	91	9	9	9
89	9	9	28	52	9
29	87	13	29	85	29
61	85	6	84	77	33
86	11	11	90	70	11
15	15	15	71	54	62
12	74	59	57	26	82
93	63	10	73	10	10
17	6	72	3	25	48
69	29	8	82	67	49
99	50	50	65	40	94
33	93	33	75	87	33
94	92	57	58	33	80
35	36	98	99	88	71
25	79	57	5	48	8
87	22	85	76	57	82
21	9	7	72	97	60
77	19	11	84	29	47
78	43	59	79	60	59
72	85	80	65	5	39
56	94	20	72	5	8
67	9	11	67	76	86
36	99	59	25	68	26
87	62	73	54	18	90
24	14	86	99	47	68
17	67	17	53	45	17
1	1	35	1	76	50
36	2	2	31	6	2
61	33	79	71	53	71
24	37	47	71	52	22
6	6	99	14	6	3
27	58	74	52	35	99
37	75	86	65	77	44
98	49	45	10	92	8
19	96	80	39	78	12
12	70	32	15	34	1
68	13	1	13	8	13
46	95	17	15	46	46
99	41	7	7	7	8
37	81	61	44	12	14
32	40	46	62	8	88
29	25	27	25	25	17
73	49	90	20	52	75
27	64	11	27	57	27
37	63	44	50	50	50
36	36	36	55	32	82
89	83	94	60	27	30
83	7	96	86	4	18
44	50	11	96	90	78
66	15	60	100	69	81
54	39	32	91	42	86
44	42	83	23	42	42
85	83	6	94	76	40
63	43	71	4	62	64
77	95	89	11	3	80
53	16	70	15	37	52
94	92	2	40	13	27
91	86	5	34	24	17
44	25	58	25	80	25
100	86	32	30	91	60
23	96	61	23	44	23
31	48	64	93	66	36
52	30	66	28	70	82
31	39	39	39	27	19
4	29	31	14	93	80
45	54	49	76	12	82
27	97	25	46	37	27
31	17	31	20	31	42
88	83	93	91	85	66
17	85	17	4	73	17
90	38	10	22	38	38
90	99	72	19	1	47
4	41	84	41	19	64
49	90	91	70	56	23
54	6	12	96	25	57
61	65	100	41	21	69
55	38	16	74	35	92
50	76	66	31	9	27
51	85	7	80	75	8
70	81	98	86	33	48
57	88	29	75	12	54
90	94	38	95	2	7
88	52	77	82	55	33
53	82	87	52	70	46
42	53	37	36	1	88
83	1	88	1	37	1
43	43	73	54	43	11
20	69	27	1	31	4
40	58	82	52	9	8
49	49	74	77	4	49
2	2	74	73	2	90
27	59	3	89	99	68
14	83	55	38	40	30
30	69	86	38	94	50
17	23	24	33	68	13
11	85	35	59	2	63
46	69	57	46	33	46
99	92	57	87	82	65
52	37	76	57	62	36
5	87	68	77	94	8
13	76	13	86	13	96
38	29	36	39	19	46
16	15	27	83	81	89
56	14	84	46	48	95
34	8	34	84	98	34
17	32	22	81	32	32
31	8	77	8	8	78
24	2	42	50	80	81
75	66	90	93	38	38
5	5	100	5	41	69
7	50	49	42	65	42
9	91	45	93	16	43
86	84	96	82	13	9
70	86	97	28	62	61
44	85	91	58	26	44
9	85	9	7	25	9
78	72	10	21	21	21
2	100	2	2	17	52
37	45	63	43	88	67
23	82	21	77	89	60
24	83	69	23	24	24
76	79	41	6	40	59
57	59	96	88	98	85
23	68	42	32	88	26
10	80	54	78	89	40
75	89	98	65	48	17
43	12	37	68	86	3
30	30	30	18	73	81
4	4	68	17	97	4
2	55	83	2	2	94
36	30	46	18	18	18
93	73	32	27	65	44
83	75	59	23	84	92
75	83	31	40	10	27
28	60	28	19	94	34
12	12	12	28	19	51
36	47	36	42	36	6
97	62	32	13	70	41
36	16	49	27	89	25
13	41	75	17	35	6
10	12	82	27	79	96
27	70	18	93	1	36
23	36	83	88	85	36
34	18	38	25	53	22
5	59	5	66	96	5
1	1	57	85	56	1
77	3	51	7	74	66
6	9	43	26	14	20
9	80	62	65	31	30
99	6	32	30	30	30
92	85	2	14	29	43
74	79	90	89	100	60
90	67	24	80	66	96
51	19	60	19	19	39
28	16	16	16	31	8
6	55	93	17	13	82
9	18	72	41	34	47
13	3	3	3	97	51
18	5	44	30	75	58
35	33	99	40	61	84
26	53	26	99	36	26
11	30	11	18	11	45
83	80	40	89	75	36
52	88	87	44	24	20
66	71	35	50	85	24
61	93	61	94	56	50
36	95	33	96	65	53
89	51	52	71	19	10
35	62	100	93	56	17
84	7	86	99	25	30
47	17	52	25	30	29
70	89	29	59	76	1
80	34	76	34	35	29
43	15	34	81	43	43
10	35	89	81	33	3
1	59	26	2	51	64
71	39	39	2	64	39
39	84	52	90	39	39
68	21	11	8	21	21
59	14	43	14	31	14
21	9	21	24	33	21
89	27	34	42	66	97
99	16	92	50	60	98
26	79	51	61	19	12
47	28	56	41	98	5
16	16	54	22	95	16
11	57	5	5	99	5
48	55	36	21	44	38
21	16	14	39	84	43
37	44	51	91	47	42
23	16	8	39	35	81
50	67	12	72	12	87
36	65	91	75	34	29
42	69	82	71	72	3
88	20	31	15	81	86
39	39	17	58	39	61
71	11	35	98	30	72
89	27	95	38	74	57
68	38	38	17	38	67
89	50	50	52	17	11
73	79	34	56	62	82
97	46	15	34	50	35
46	47	5	39	87	1
7	93	74	56	33	20
19	56	83	43	29	25
58	38	73	38	38	54
32	10	50	52	1	61
61	53	41	11	24	69
31	8	33	95	48	38
18	18	48	34	43	18
31	8	16	56	100	86
48	76	48	48	49	97
43	91	38	64	16	63
45	16	89	51	50	40
33	33	90	33	58	72
48	8	36	6	64	79
65	71	94	17	59	60
88	31	61	4	21	39
59	37	48	73	67	30
66	90	72	20	83	20
24	31	24	24	48	71
36	50	89	31	26	45
49	85	44	44	44	40
2	51	23	5	5	18
20	47	16	20	20	4
92	5	93	15	45	17
10	64	78	12	52	77
16	39	40	40	49	40
92	43	19	82	34	76
95	5	30	5	5	94
42	16	5	11	90	41
26	21	43	43	43	41
23	54	70	37	17	13
29	72	1	19	84	60
23	9	67	91	23	23
75	36	33	29	86	72
40	71	54	75	63	30
6	40	21	23	21	87
68	76	61	62	91	95
95	42	65	51	40	55
30	13	6	10	64	36
45	38	100	67	37	9
83	36	99	36	16	36
72	38	37	41	24	72
65	32	7	16	61	45
93	44	37	44	28	44
60	18	18	18	12	48
34	46	30	9	70	22
26	55	86	19	65	52
25	47	13	29	67	91
25	60	42	83	25	45
39	74	74	12	83	26
53	78	76	25	71	19
22	44	16	74	60	26
13	21	57	50	21	21
20	64	20	8	20	81
2	55	6	28	82	97
4	96	43	13	74	68
77	74	36	23	23	23
18	25	25	66	25	7
96	89	71	72	31	28
73	80	61	58	72	68
1	69	35	28	93	56
97	47	63	85	46	14
43	72	78	92	49	94
11	11	19	11	76	83
21	15	21	21	75	99
13	93	12	11	23	69
14	16	18	1	9	33
10	57	10	48	81	83
55	4	33	81	34	82
71	96	31	80	15	54
25	85	25	2	24	19
9	35	81	35	5	35
11	81	86	8	34	89
76	16	21	21	36	21
52	99	34	60	24	11
16	81	98	54	84	62
42	36	70	2	84	30
86	73	57	32	1	30
38	48	57	10	48	24
14	67	79	36	97	29
25	100	73	65	82	36
93	33	78	33	33	38
73	33	84	57	13	67
35	8	8	51	31	8
10	76	24	7	17	53
68	44	73	74	52	94
21	18	80	79	39	92
13	9	28	96	12	9
51	79	59	46	96	51
18	65	18	12	18	31
57	61	63	100	90	92
27	71	83	58	80	41
7	65	39	56	56	74
21	21	21	90	42	6
94	96	6	6	6	52
48	84	63	36	43	61
15	37	15	21	15	47
40	10	36	40	18	40
41	11	53	62	97	68
53	71	83	12	52	1
16	38	85	72	60	6
29	3	10	30	79	44
32	16	24	25	9	75
91	24	52	70	33	79
83	82	36	29	49	60
66	36	67	12	15	21
28	55	15	46	15	15
95	75	7	73	10	67
77	97	86	19	52	32
70	3	75	64	19	84
34	8	37	25	46	81
69	71	74	27	27	27
62	23	75	26	20	67
77	46	91	43	65	58
90	25	1	42	77	4
22	58	79	80	19	42
71	1	83	61	56	82
97	61	100	56	17	87
38	76	68	38	82	38
2	90	2	2	15	24
66	83	69	81	44	89
66	84	8	14	9	64
49	22	87	49	49	17
36	3	45	57	3	82
81	12	39	70	87	79
2	93	76	62	14	70
60	23	64	23	6	23
1	1	44	67	1	22
23	46	84	31	17	98
99	75	1	70	22	65
27	27	100	75	41	12
65	7	93	24	38	87
37	71	94	72	41	94
34	98	4	4	11	4
93	10	10	10	21	2
44	44	44	91	14	87
26	62	26	26	40	9
72	56	74	6	42	63
95	93	80	31	28	9
47	36	80	36	70	36
67	12	53	21	49	51
11	94	70	32	58	12
13	45	29	60	25	100
9	79	60	59	1	99
100	65	48	53	29	63
39	37	73	90	1	53
81	8	85	84	42	86
12	6	61	26	41	52
88	55	98	86	67	96
56	56	15	19	100	84
63	87	45	45	17	69
35	47	47	70	37	54
33	22	30	73	91	24
86	64	31	81	74	46
99	33	14	74	37	100
7	59	9	86	8	98
79	2	14	52	83	30
80	52	26	22	83	35
22	17	40	17	58	91
41	82	41	81	100	41
89	14	74	12	35	52
17	16	16	9	16	26
29	29	20	50	89	29
62	94	12	15	61	21
38	11	24	15	15	15
99	26	89	96	35	66
29	29	43	100	24	29
86	32	71	31	54	35
16	90	29	44	95	90
76	81	10	10	28	10
41	35	43	43	73	43
99	67	84	81	3	15
75	97	12	3	43	22
27	2	2	31	26	2
94	23	23	100	33	3
45	1	93	2	82	42
99	17	79	79	2	61
96	36	10	99	93	82
15	23	15	17	9	15
51	9	99	5	75	70
17	15	69	13	62	7
22	32	22	50	99	22
82	11	87	71	94	9
48	61	48	65	67	63
50	25	30	9	82	62
11	58	96	52	89	13
84	38	29	98	91	20
14	36	6	84	100	82
3	74	81	99	69	27
95	51	47	85	57	58
49	14	46	26	97	53
33	38	79	24	68	75
72	52	91	83	42	24
42	84	33	91	72	92
18	32	18	18	83	35
5	27	33	23	35	74
11	63	32	16	4	54
86	33	83	63	22	93
35	56	73	51	19	62
69	86	28	2	3	40
82	14	5	33	14	14
99	17	12	33	37	89
67	98	96	4	31	32
18	62	65	15	25	38
43	9	96	62	9	75
82	31	71	90	28	74
7	7	53	61	7	1
38	25	45	86	49	34
34	100	27	18	77	36
50	62	51	62	7	29
97	16	35	17	96	84
19	55	95	41	25	28
30	77	21	65	99	61
84	79	37	95	23	48
89	43	86	10	81	17
55	44	2	68	53	80
69	64	10	33	60	74
29	68	83	93	25	80
65	17	74	56	76	68
89	88	72	60	20	37
75	63	58	12	64	72
40	30	68	29	24	42
74	67	95	87	25	89
73	2	62	27	83	83
47	47	56	23	90	47
25	32	8	73	69	20
91	64	59	7	19	54
1	40	34	75	71	65
68	97	89	38	81	17
14	14	57	18	57	87
23	63	15	60	29	63
72	4	65	37	2	48
17	45	15	91	82	28
30	30	64	30	53	46
75	30	18	30	60	34
87	10	76	10	14	10
32	52	58	31	61	56
3	57	46	3	96	3
38	60	89	98	4	57
53	77	82	92	48	87
49	17	17	17	55	27
68	25	86	75	11	33
29	29	48	29	53	89
66	77	73	75	5	56
84	28	28	28	35	76
84	99	38	61	14	67
73	95	75	33	47	90
35	70	93	81	82	35
79	93	16	74	88	54
94	85	62	86	65	20
92	87	3	23	92	54
78	26	8	80	100	39
46	30	85	10	62	64
63	90	72	97	26	88
48	35	40	84	34	52
51	18	88	28	12	61
46	46	8	88	46	7
87	7	29	54	74	59
21	98	21	12	21	11
70	47	5	22	93	18
71	88	21	21	34	21
41	26	41	76	41	10
19	18	41	31	78	47
80	45	81	75	41	77
6	29	41	6	53	6
35	3	35	35	6	15
99	56	40	40	40	57
6	6	61	22	6	59
99	10	23	47	85	40
4	83	21	21	60	15
11	58	80	91	3	46
17	97	91	75	59	21
8	80	22	100	81	33
64	82	22	59	74	64
38	3	12	12	12	5
64	58	75	15	55	33
14	43	14	35	53	14
82	50	50	50	40	64
34	34	13	34	42	86
95	1	16	5	91	76
33	75	25	33	27	33
8	56	51	78	88	23
58	98	41	87	33	54
48	48	59	30	48	65
72	57	27	100	41	38
84	64	41	72	20	44
68	9	9	63	9	46
21	43	5	14	21	21
46	45	45	96	18	45
76	8	99	48	56	27
75	78	25	14	48	36
49	26	30	92	10	69
46	40	80	47	65	93
51	46	41	16	15	34
50	68	55	26	26	26
24	90	1	92	84	54
97	43	3	34	24	56
95	37	37	54	37	72
41	86	41	41	20	92
19	94	73	44	11	97
2	55	71	94	98	57
46	68	37	85	9	15
83	92	95	8	85	90
35	17	79	44	57	62
41	88	16	47	47	47
89	91	47	54	37	26
24	72	86	24	24	57
75	18	43	8	55	94
51	94	76	29	57	87
77	23	39	61	99	48
64	52	31	76	13	73
18	39	29	67	94	24
66	48	81	78	93	21
37	37	37	10	19	33
61	82	60	91	20	71
43	12	12	25	63	12
98	82	100	12	52	71
35	60	12	32	85	36
36	38	56	93	25	77
57	50	24	24	24	6
31	42	6	42	43	42
86	36	4	45	43	59
34	93	64	73	95	15
95	37	76	26	42	13
55	96	53	48	71	85
81	89	9	65	73	35
5	41	28	41	50	33
50	79	32	86	88	11
72	88	17	47	55	68
47	100	47	24	9	5
9	29	18	43	85	85
4	50	38	38	8	98
24	1	28	81	85	38
98	1	57	25	78	2
75	23	15	33	10	60
54	10	99	91	3	1
37	25	40	40	15	99
53	37	48	34	1	18
6	5	63	34	5	5
37	83	37	37	48	91
29	32	31	60	73	26
93	7	64	63	58	41
87	27	27	27	21	40
58	9	45	62	34	61
34	27	37	89	34	34
92	83	16	16	52	16
67	3	10	10	10	21
95	45	37	5	8	68
18	61	18	18	67	76
74	93	74	88	36	96
11	19	80	19	19	76
96	69	28	14	57	62
16	67	27	16	4	16
53	77	31	50	20	25
94	20	20	3	20	8
24	89	7	38	26	61
35	23	16	95	84	99
26	35	96	22	70	12
19	56	30	21	76	94
70	18	86	90	63	54
94	3	9	39	89	67
15	43	53	33	82	91
68	32	27	42	83	7
69	21	5	92	56	43
53	55	58	2	28	68
14	9	86	99	91	97
38	77	38	69	38	41
95	14	14	48	82	14
23	58	2	1	24	86
56	23	7	53	63	4
85	63	30	51	98	82
57	84	39	66	28	47
4	3	94	92	12	51
7	62	67	100	74	64
95	13	13	24	13	47
79	4	25	63	77	24
37	37	49	37	18	29
6	6	46	6	44	7
23	27	20	18	97	13
26	28	78	71	51	68
98	1	6	34	6	6
37	21	65	89	37	14
70	45	9	25	56	32
40	42	40	12	11	40
43	55	27	82	51	81
27	37	43	66	19	14
36	86	81	57	61	71
94	96	14	44	46	22
25	10	25	53	25	5
70	26	4	79	17	80
67	5	97	40	7	35
2	80	3	42	39	51
39	39	40	58	73	31
10	53	10	31	10	45
93	3	80	56	28	19
20	20	8	3	20	78
69	17	85	61	60	17
26	27	46	26	26	14
75	42	71	50	47	5
91	61	26	19	28	7
34	70	68	59	85	69
38	89	46	38	3	38
5	40	97	26	61	40
17	30	30	91	92	30
5	48	1	41	15	71
100	2	47	55	42	95
84	39	39	70	94	39
9	31	11	83	76	23
44	44	6	44	66	16
18	53	17	27	89	74
10	82	41	10	10	38
67	44	44	16	44	35
21	65	24	77	4	91
43	11	49	49	80	49
7	94	85	39	3	35
10	77	1	72	72	69
99	68	100	74	37	24
60	31	60	97	53	72
57	18	18	70	18	89
74	49	43	7	35	49
42	22	22	22	55	20
78	1	54	41	31	77
40	66	39	75	65	33
95	58	9	9	71	9
7	80	40	66	89	31
44	16	6	52	83	47
98	26	78	64	21	59
39	25	39	39	8	91
63	22	52	86	60	44
1	51	32	50	75	86
15	18	36	69	92	76
24	24	90	89	10	24
65	22	44	10	15	50
48	66	48	21	40	48
42	2	20	42	6	42
21	96	9	49	3	89
52	58	5	22	17	53
13	75	60	39	59	2
45	80	76	57	17	50
31	25	71	10	24	96
19	19	32	22	93	19
98	22	50	60	63	10
7	81	42	42	79	42
54	41	74	61	39	75
13	17	33	28	44	70
33	20	90	16	41	34
42	52	96	18	19	91
14	100	16	28	11	26
46	93	78	33	52	91
58	40	45	33	73	62
68	13	30	56	25	54
97	78	33	29	78	85
39	8	20	16	85	29
18	70	75	92	55	96
61	43	17	6	2	89
39	5	100	62	35	80
23	83	76	55	95	87
28	28	35	30	38	28
26	18	67	6	48	61
59	30	4	60	29	25
6	18	11	26	55	88
38	72	14	75	31	71
41	81	42	52	25	72
25	34	24	100	26	43
19	16	49	33	95	81
48	58	48	48	57	20
47	64	91	28	22	8
12	99	90	50	50	50
36	79	11	36	70	36
69	86	71	37	54	48
16	1	58	1	1	40
28	44	96	69	62	79
52	43	13	79	36	6
43	44	56	4	66	50
53	13	50	86	53	57
81	92	6	91	66	97
20	65	66	20	20	27
86	34	13	58	93	6
52	15	98	90	53	22
35	95	26	95	82	6
88	97	57	19	32	71
47	90	47	47	9	73
92	82	84	14	55	51
70	24	17	24	88	24
75	85	94	13	76	57
66	21	34	27	57	64
18	18	66	18	58	3
49	20	4	13	4	4
87	58	17	25	23	79
84	20	51	72	54	64
51	87	22	18	57	70
52	58	47	70	63	9
27	74	42	74	41	89
90	79	52	8	22	70
28	36	1	1	1	22
85	17	54	78	33	73
96	76	83	75	11	20
56	85	84	32	58	83
68	38	43	38	38	18
47	35	26	16	74	64
35	69	99	31	35	27
50	92	28	51	82	60
50	93	80	38	30	60
96	31	16	40	19	89
45	16	44	40	97	32
34	11	20	11	11	87
50	70	27	64	50	50
2	49	65	78	24	49
99	20	39	37	43	74
19	78	57	60	81	8
4	97	6	55	100	63
60	30	92	81	40	71
64	23	74	77	23	2
62	5	25	48	45	54
48	52	62	18	76	98
9	12	73	89	30	25
97	40	46	23	46	46
15	28	20	28	28	94
61	80	43	14	99	96
76	47	50	5	30	3
99	47	12	12	12	53
6	6	52	50	6	35
52	70	3	53	3	38
97	7	95	29	45	28
29	29	57	18	95	29
80	92	19	45	89	71
87	47	47	65	47	55
95	60	48	91	88	49
81	88	71	3	93	96
54	10	95	12	97	24
70	43	22	43	43	2
80	44	11	41	18	83
4	76	66	4	18	65
10	3	10	10	4	23
97	9	84	83	82	1
36	30	77	30	30	5
80	44	51	7	44	44
59	99	90	33	69	19
91	68	19	11	11	11
55	76	59	100	82	57
76	18	83	14	58	40
49	49	94	34	22	49
22	19	62	19	19	17
32	59	96	64	83	67
33	72	10	3	60	72
30	6	99	18	6	6
25	90	95	55	17	46
90	58	55	86	40	63
84	41	67	58	93	90
37	81	69	44	85	54
45	86	50	45	45	42
35	78	9	9	9	36
19	41	19	19	17	48
47	17	72	95	39	75
42	73	63	79	8	31
88	75	4	78	34	96
79	9	67	99	9	9
47	27	97	43	73	2
35	1	29	83	52	9
85	7	62	2	65	68
78	75	35	1	8	25
37	24	59	24	24	46
37	35	72	36	35	35
14	89	15	70	82	34
17	13	95	5	86	3
95	64	87	48	92	98
91	53	17	99	91	27
60	89	14	6	12	9
37	54	74	91	33	83
39	56	44	51	22	32
25	25	83	25	1	86
55	11	11	26	11	87
68	81	39	70	86	89
78	81	79	58	58	35
91	47	68	73	56	3
43	6	63	52	1	32
45	94	56	81	82	55
22	31	31	75	68	31
21	18	79	36	35	19
23	74	86	23	77	23
92	58	48	44	73	38
17	46	58	5	5	5
16	59	42	13	91	93
58	82	30	39	39	39
92	67	74	28	96	75
97	90	85	35	39	4
55	42	27	11	31	49
11	4	64	31	31	31
44	25	16	42	44	44
28	95	52	8	56	24
38	45	17	13	82	25
56	57	75	84	44	3
36	95	66	78	80	12
90	27	52	16	49	12
14	52	36	68	28	8
32	90	31	37	52	49
84	59	91	12	93	76
24	47	47	60	20	47
59	1	68	24	17	38
7	7	71	51	62	7
100	97	61	23	9	41
7	7	7	60	62	44
44	3	30	73	18	89
85	85	9	26	88	49
36	1	30	54	14	37
62	20	24	28	5	49
54	30	90	98	49	98
60	36	20	36	35	36
27	67	27	32	15	27
32	26	80	1	1	76
17	17	78	66	92	17
7	46	50	50	50	25
82	79	51	49	98	86
45	98	51	6	56	95
25	78	47	42	80	27
20	79	63	44	54	50
32	47	47	88	47	97
66	79	36	45	24	72
63	7	65	78	9	32
77	75	97	98	68	64
41	74	39	98	83	14
37	38	38	38	100	35
75	94	88	94	83	15
54	92	2	68	66	95
75	44	8	8	8	6
51	24	39	24	95	6
31	40	43	40	40	74
18	1	67	22	61	56
48	35	28	83	68	22
25	25	49	98	25	48
8	7	8	36	8	15
95	24	72	78	80	77
97	81	44	69	34	20
42	98	31	42	8	42
72	86	78	74	74	11
97	8	39	89	71	46
88	87	42	27	17	71
34	55	30	68	48	55
8	10	44	81	51	98
56	71	3	3	3	58
82	28	81	31	37	24
63	36	60	95	36	36
8	8	39	8	66	89
57	48	29	32	99	60
73	81	27	100	29	19
32	86	79	30	90	38
58	37	86	57	77	29
30	85	21	64	30	30
28	78	54	28	94	62
77	90	44	13	49	60
86	38	59	23	50	23
80	15	55	21	40	94
60	35	89	62	100	29
27	64	27	27	68	43
94	99	42	36	25	29
31	48	47	90	71	90
36	84	9	36	36	57
67	74	24	80	27	45
34	26	30	75	69	60
81	40	70	64	61	89
81	29	29	54	28	29
54	37	65	37	37	63
40	30	80	84	86	20
84	72	18	41	100	47
35	98	59	52	68	46
78	89	81	39	75	58
6	7	64	17	22	59
8	77	78	49	3	32
23	46	62	95	8	46
7	99	3	8	65	40
49	10	1	10	8	10
3	42	8	51	24	81
27	12	30	29	83	18
23	71	57	60	83	51
9	9	16	9	52	17
8	25	35	85	25	25
67	94	7	73	13	14
95	81	55	30	50	86
40	36	6	93	59	20
90	20	41	75	17	65
9	9	9	62	4	37
96	87	14	49	57	43
56	35	91	75	85	79
82	77	60	86	68	1
49	1	64	12	67	78
22	84	25	44	25	99
27	28	75	26	41	83
66	53	20	25	4	6
32	55	77	87	68	94
100	99	23	80	40	80
81	12	41	45	71	35
94	29	16	16	14	16
32	9	32	12	32	60
74	24	88	14	99	32
35	100	23	29	86	79
79	66	38	19	74	80
69	66	92	51	76	75
87	32	27	10	99	57
54	51	82	4	8	58
79	85	43	61	98	20
100	33	35	77	68	19
99	83	57	45	94	15
21	51	23	23	99	84
37	23	56	37	37	14
51	53	28	85	43	57
43	44	8	62	46	90
38	28	29	63	55	50
99	35	19	12	27	2
62	98	77	23	80	91
28	53	2	72	37	38
96	6	45	59	74	64
79	21	90	21	99	21
95	62	15	71	11	72
71	62	16	72	31	86
88	27	84	27	18	27
76	52	13	38	26	62
22	61	94	91	51	38
51	5	5	5	1	24
36	38	42	62	58	72
43	63	34	26	69	20
55	26	42	32	25	32
65	29	79	4	86	87
47	35	70	4	58	97
26	73	32	90	93	67
81	33	35	83	17	23
49	76	95	87	37	24
39	4	4	73	92	4
85	32	80	76	40	83
38	26	38	38	56	33
31	40	31	12	1	31
91	78	40	86	43	64
23	68	57	83	77	7
12	86	27	25	27	48
17	14	10	63	77	55
14	47	62	58	90	46
50	69	88	10	32	54
18	17	65	87	89	27
77	2	26	56	60	69
50	18	75	64	72	80
77	30	10	72	30	30
15	98	3	6	22	51
12	61	18	29	48	33
59	91	7	86	85	68
36	36	36	81	23	50
55	54	13	82	39	87
9	69	1	90	74	36
4	79	34	34	34	63
21	45	30	21	53	21
27	76	35	62	57	36
70	28	28	28	51	27
35	10	94	19	19	65
18	41	74	72	54	76
76	65	11	5	73	89
65	62	63	94	5	50
29	90	59	39	46	75
19	19	24	58	27	92
20	29	8	8	8	92
32	70	1	1	75	1
66	23	55	9	53	48
32	26	15	93	57	36
61	56	33	54	20	84
1	2	86	81	92	57
52	74	19	14	35	88
100	60	96	50	2	21
6	60	49	6	88	6
82	5	65	91	62	7
57	22	16	74	34	76
87	66	8	100	45	68
94	59	79	63	2	17
67	87	53	16	92	34
16	33	62	51	69	30
16	22	71	52	46	17
84	31	72	31	67	31
72	64	54	85	3	19
95	83	31	4	89	69
67	44	42	31	38	100
69	44	33	34	16	7
44	44	73	44	29	19
44	44	31	32	4	44
68	71	77	97	21	56
53	33	4	24	11	48
12	12	43	44	16	12
97	37	63	57	87	10
17	24	18	18	18	92
37	95	86	35	80	31
13	6	83	6	21	6
62	70	36	47	79	59
81	97	24	49	50	79
45	76	71	50	96	10
30	80	98	97	51	94
26	77	46	9	17	13
60	18	75	9	68	59
47	3	84	40	70	36
24	24	46	24	11	52
21	21	33	99	66	91
23	12	1	23	91	23
43	21	99	23	19	40
19	64	21	81	31	8
36	78	40	59	37	91
16	44	16	25	16	85
19	24	46	7	7	4
96	77	67	39	15	28
7	95	100	42	42	42
13	19	25	56	23	28
55	26	11	64	9	53
40	87	8	96	72	35
58	76	83	90	41	16
64	6	40	21	21	21
42	85	43	59	97	1
44	44	22	37	44	67
51	32	41	63	47	40
51	92	24	93	24	24
8	76	4	4	16	51
44	33	1	72	70	52
26	21	77	75	57	39
21	48	94	18	81	95
41	84	60	96	30	19
9	9	1	22	17	28
80	50	18	21	89	46
77	18	25	51	90	51
80	8	38	4	95	97
32	54	14	81	69	54
14	87	57	14	14	4
37	50	23	4	6	28
24	41	41	8	41	17
33	33	53	33	56	80
29	39	76	34	29	49
71	22	20	75	80	63
20	51	20	36	41	20
40	49	49	79	49	69
46	75	35	6	79	94
44	33	44	44	98	32
32	99	72	85	37	9
41	24	63	24	46	1
76	7	95	60	37	90
1	33	20	78	86	2
11	89	87	33	67	66
3	56	7	36	77	53
68	13	51	13	43	82
7	18	79	22	97	55
48	90	30	63	36	70
53	66	34	34	60	34
39	16	43	89	19	46
12	12	12	74	18	92
47	47	47	84	34	50
84	11	11	8	12	11
47	65	36	47	30	47
32	32	32	91	28	85
32	46	41	38	91	70
40	33	9	52	71	60
34	6	20	39	79	78
16	14	78	67	73	17
86	48	14	65	42	69
3	18	76	19	84	8
4	78	27	27	88	27
50	6	12	18	52	92
100	62	92	97	74	8
42	79	84	89	39	55
4	4	85	81	47	31
38	31	53	38	72	38
27	32	49	14	79	1
12	78	64	79	85	68
19	28	43	62	51	54
9	22	11	82	11	11
20	51	11	69	80	50
30	30	9	67	75	63
2	2	9	44	2	38
84	71	94	47	25	9
51	23	95	95	68	32
79	20	32	92	59	36
45	76	58	13	24	93
21	78	94	91	31	95
4	42	20	26	29	28
9	86	18	82	74	43
16	14	95	14	13	14
19	74	88	96	51	25
28	8	60	83	86	9
82	24	21	62	95	43
30	16	30	73	30	19
14	11	82	63	51	62
46	26	70	87	25	99
88	51	84	96	46	75
73	86	17	18	97	7
59	30	73	23	37	5
83	50	78	11	50	50
68	10	56	89	75	54
5	51	83	67	15	62
28	27	20	86	29	82
64	57	10	18	60	12
89	20	31	89	45	9
92	41	11	24	14	90
71	41	42	26	56	57
47	47	30	40	5	47
94	58	11	50	48	51
60	4	78	54	4	75
77	88	31	50	32	65
72	93	53	1	84	50
51	62	22	62	65	31
75	89	24	37	69	37
43	5	61	34	8	82
59	48	57	10	93	70
99	51	66	1	84	55
62	44	69	48	45	10
20	12	15	15	26	15
38	43	49	70	47	51
54	69	69	84	83	69
24	18	98	85	23	59
44	46	39	93	96	48
84	56	93	82	49	83
93	13	63	58	23	38
41	95	13	76	9	63
34	88	64	99	13	75
20	14	14	43	48	14
65	89	8	11	72	30
64	42	100	52	42	42
83	43	77	100	77	88
18	16	77	4	26	21
57	57	99	29	3	7
95	88	84	64	48	78
32	69	21	7	7	7
90	89	47	68	44	92
36	95	1	67	46	72
28	15	68	59	9	38
37	13	63	1	34	5
32	65	99	17	2	42
20	4	78	54	4	4
40	82	65	31	89	47
42	84	75	67	17	63
46	12	21	45	95	65
24	38	17	3	72	77
81	86	45	32	77	66
59	23	95	2	34	19
38	31	31	83	87	31
87	38	47	2	71	71
42	17	31	36	31	31
73	82	16	26	72	16
46	29	82	24	24	24
46	47	47	26	47	96
58	75	63	88	80	21
29	2	88	94	98	14
50	71	84	48	35	100
61	59	84	100	65	84
17	17	89	17	78	61
60	70	20	1	11	41
100	27	17	79	64	69
48	46	73	19	15	83
34	66	15	28	53	27
85	99	48	54	66	12
26	41	41	38	41	84
89	24	19	24	72	24
86	20	27	84	39	5
14	2	66	38	72	50
41	50	56	86	86	97
47	87	22	77	15	99
89	67	42	12	66	9
59	44	13	34	60	38
48	7	43	11	7	7
93	12	96	12	12	47
46	17	48	74	62	8
27	49	41	27	27	88
74	26	31	49	73	6
88	72	99	63	94	55
38	68	67	17	29	89
98	68	67	1	72	16
53	20	20	62	29	20
17	23	17	97	34	17
24	84	48	74	67	90
58	44	58	29	26	42
45	80	75	91	18	72
46	46	46	39	56	44
78	67	28	48	48	69
22	42	69	60	69	18
18	14	5	59	49	43
41	82	41	10	41	50
37	88	5	65	50	84
85	80	39	36	49	81
70	3	64	2	51	47
44	61	6	100	44	44
5	50	81	39	43	56
33	64	71	96	73	91
32	23	70	18	18	18
36	36	57	36	97	84
49	25	49	49	40	11
67	94	89	84	13	45
55	10	9	62	10	10
44	17	41	65	62	45
44	31	41	27	34	87
20	45	37	20	11	20
8	82	67	86	11	17
53	41	2	79	41	41
22	56	49	29	33	1
44	18	18	59	18	100
90	67	65	12	92	65
97	18	18	100	15	18
17	95	37	72	73	93
48	45	48	48	58	44
70	43	5	17	83	59
69	88	32	15	17	68
45	36	4	42	43	16
30	89	67	71	71	91
98	52	6	96	18	25
5	5	5	22	98	49
32	67	73	73	88	62
54	2	84	22	66	54
69	45	83	59	2	92
28	69	84	55	24	17
13	35	35	69	35	53
6	76	34	67	47	70
24	71	24	24	44	26
30	95	52	42	4	88
65	78	98	40	40	40
38	58	32	32	32	93
64	42	63	50	47	29
95	11	59	97	7	84
80	65	17	44	86	18
61	28	66	81	38	10
54	31	70	17	55	68
50	71	90	31	1	11
42	83	63	14	95	67
24	26	99	79	56	20
7	78	53	37	4	52
24	24	84	24	38	42
77	15	15	87	19	51
37	37	37	83	9	41
85	82	65	93	79	7
89	9	13	13	14	13
65	22	84	23	83	12
29	63	96	91	15	40
78	11	11	38	11	22
82	5	66	32	58	83
21	51	45	21	65	68
51	2	25	25	81	25
4	35	34	55	44	23
10	73	17	79	73	85
33	40	20	40	40	79
83	95	93	99	72	13
50	32	77	27	83	77
58	100	74	8	74	94
3	47	63	69	40	24
48	100	10	51	72	61
9	22	86	14	69	31
27	27	91	27	8	72
70	29	36	95	15	16
70	83	13	62	22	16
86	65	95	29	19	43
38	3	3	3	85	10
9	61	83	77	95	91
47	53	72	24	20	98
8	31	46	89	8	8
77	21	6	15	5	61
24	50	12	96	34	87
22	79	62	40	68	37
69	44	9	9	94	9
55	32	4	32	92	32
98	8	88	25	26	98
53	34	90	16	34	100
56	95	20	36	60	46
2	18	31	19	35	79
17	17	55	33	17	3
51	4	35	31	69	66
28	15	16	23	53	39
8	8	86	8	19	39
32	32	32	42	41	67
57	39	51	89	54	33
65	17	31	31	31	25
13	8	78	13	13	72
66	59	86	1	3	69
52	23	46	23	6	23
86	74	70	46	53	49
9	9	9	31	28	29
30	12	15	30	94	30
12	49	28	49	22	49
30	10	30	45	30	93
70	24	67	85	95	10
22	35	72	66	35	35
38	41	83	27	4	63
90	12	8	94	58	72
72	11	11	84	100	11
53	13	76	4	77	88
83	76	59	68	74	58
41	64	31	86	31	31
46	20	49	50	39	45
97	41	6	24	69	53
23	5	94	93	6	10
33	7	72	93	80	86
29	11	59	4	87	4
13	13	60	43	13	100
53	39	93	65	34	40
42	46	46	46	93	17
71	26	40	54	56	89
45	62	90	37	1	97
70	81	32	76	100	43
8	58	41	41	41	74
6	44	19	71	59	35
53	34	79	58	13	24
77	35	3	79	18	84
31	6	56	67	5	84
15	15	4	88	15	58
12	5	12	51	94	39
29	98	86	71	50	94
34	34	91	34	16	82
38	24	98	38	38	67
19	25	13	96	21	41
70	59	65	15	52	83
98	98	84	56	1	90
32	72	3	4	24	53
97	3	7	69	1	70
73	2	92	24	6	76
74	28	12	95	36	62
36	18	94	46	18	18
8	90	8	8	91	24
34	99	74	84	97	12
10	99	10	93	10	16
63	16	94	57	22	73
65	84	72	20	39	80
48	96	59	8	2	21
34	34	58	73	75	34
72	15	2	50	22	86
37	1	37	60	37	14
6	25	81	6	6	21
73	88	92	90	89	49
23	23	92	63	95	23
85	8	51	47	8	8
18	49	28	75	76	28
36	62	37	74	43	2
21	29	95	29	46	29
56	88	38	29	5	81
39	18	96	63	37	29
70	96	30	32	55	24
32	99	92	95	17	16
79	42	84	67	18	78
10	89	68	10	25	10
18	53	48	97	5	73
18	60	20	73	26	49
95	53	56	53	86	49
87	21	71	53	76	67
32	48	16	32	77	32
6	30	80	30	75	30
41	35	48	88	86	55
93	4	1	100	29	14
35	94	97	71	1	73
54	19	88	91	92	76
43	99	6	71	72	51
97	90	83	70	45	87
58	76	96	97	99	27
31	2	41	98	2	2
89	1	14	34	83	85
30	30	44	30	90	61
29	68	34	9	40	70
90	7	10	60	85	78
49	70	24	39	34	73
19	24	19	71	19	53
66	7	7	46	96	7
38	76	22	91	41	88
61	83	84	35	4	29
95	82	94	5	78	84
57	64	5	27	77	58
58	50	52	19	46	49
52	13	23	6	24	75
19	63	56	80	94	44
77	5	22	5	5	46
27	93	27	67	53	27
2	16	65	69	86	8
94	94	19	92	84	24
47	58	26	61	67	26
38	44	87	75	51	26
86	88	14	65	77	26
45	39	28	39	39	92
100	49	23	50	94	25
40	50	79	52	100	83
7	1	56	41	97	71
97	36	26	36	36	95
28	23	83	56	59	76
11	63	82	91	12	86
83	62	59	24	21	55
42	43	25	6	37	70
51	80	19	58	65	27
31	86	13	31	31	4
86	55	61	92	78	22
38	10	38	100	5	38
43	41	37	41	41	12
11	38	62	11	11	60
55	84	31	31	31	86
36	57	13	13	26	13
21	21	21	44	82	72
1	68	70	13	36	27
93	96	88	33	57	58
67	58	92	29	94	90
81	25	41	84	62	10
26	26	59	26	6	47
51	40	81	76	82	42
1	57	50	44	62	69
9	83	63	26	91	52
43	56	23	30	75	88
50	62	73	44	83	35
66	58	7	95	41	13
31	37	37	67	37	84
26	30	31	63	26	26
18	74	70	46	56	43
41	64	81	100	52	23
46	26	71	5	5	71
22	22	22	84	32	70
85	24	77	48	6	90
3	98	5	58	89	47
63	85	32	32	32	46
5	18	15	23	95	48
86	31	41	73	59	11
52	37	37	37	34	97
75	68	90	23	58	66
21	69	91	53	39	81
34	100	34	49	91	34
7	50	7	7	53	9
50	2	99	2	82	2
52	41	13	95	90	45
55	65	16	88	99	36
86	70	39	70	34	12
60	26	33	33	33	64
85	19	5	21	98	17
97	16	23	69	29	14
30	10	3	19	57	50
11	11	74	37	44	11
68	19	54	18	8	33
1	11	1	8	26	1
76	63	32	85	1	84
80	53	32	75	1	62
24	89	39	4	60	4
83	55	54	65	65	66
5	7	16	67	16	16
29	48	37	48	93	81
56	85	86	66	3	89
93	3	32	14	60	91
16	58	77	3	95	94
23	49	37	40	67	14
28	46	65	1	1	1
62	90	24	14	91	32
66	39	39	70	51	39
5	5	53	23	5	79
99	29	62	74	65	20
65	40	46	17	45	34
8	82	30	99	52	70
36	94	34	17	59	91
4	48	73	41	41	41
16	65	80	50	1	37
67	84	9	54	12	40
44	69	1	7	7	7
23	23	71	18	23	88
27	94	47	47	56	47
37	81	37	37	96	70
75	45	23	45	45	24
98	12	47	50	12	68
97	60	75	78	74	24
32	24	60	57	93	72
92	61	43	14	94	6
93	9	20	8	74	57
78	57	94	6	58	100
45	38	22	22	22	82
37	37	93	84	37	70
6	62	91	95	67	48
29	100	29	29	25	77
60	64	27	1	18	96
26	14	55	22	72	42
33	47	89	47	52	87
20	45	45	14	80	45
99	22	22	97	22	41
42	1	42	71	59	42
3	30	8	3	3	67
47	40	40	40	78	10
34	34	32	34	96	81
22	43	27	92	88	6
12	12	35	12	61	91
56	95	44	67	30	51
34	24	83	36	75	43
67	10	37	49	26	90
32	16	24	11	8	1
40	77	52	52	2	90
42	52	81	53	3	26
13	90	1	85	79	14
11	96	55	71	30	6
8	96	21	74	5	96
44	42	49	26	8	53
68	4	34	92	4	4
63	3	79	90	33	83
17	70	8	55	87	100
66	28	70	84	62	43
96	44	2	97	4	82
82	52	18	98	37	10
65	100	40	69	84	56
65	40	1	1	100	92
24	30	4	42	37	95
52	99	13	21	94	30
20	34	35	34	52	34
82	76	80	19	79	80
43	3	28	19	99	94
27	53	57	72	81	44
46	29	29	29	43	39
72	79	45	3	81	79
4	12	43	43	85	43
41	69	42	42	97	42
60	66	83	34	15	64
52	95	31	71	50	64
10	10	73	12	10	39
27	40	40	40	63	76
43	48	49	23	60	22
37	45	69	94	45	45
72	16	18	79	39	52
3	28	44	87	56	73
27	57	34	77	92	65
2	25	52	100	54	43
44	56	80	44	78	44
5	69	38	3	9	43
58	49	72	7	7	7
37	36	36	36	42	16
56	19	69	54	38	7
29	15	32	59	59	49
21	79	3	41	46	19
79	56	95	67	75	12
89	78	56	11	98	33
84	79	56	55	44	26
70	90	56	12	40	94
7	98	7	19	97	7
59	48	34	34	34	21
70	33	95	98	39	91
66	91	41	10	90	70
45	17	79	55	71	80
54	77	2	15	56	52
1	16	75	16	16	94
19	45	97	57	34	62
49	46	46	29	63	46
28	5	5	5	1	77
20	80	11	11	47	11
17	10	63	85	66	95
70	87	2	2	54	2
63	74	67	44	7	87
1	1	26	24	65	1
34	66	29	29	29	71
43	63	69	3	96	61
26	84	24	39	13	3
56	6	63	19	6	6
78	55	6	5	23	28
46	51	96	59	45	68
83	39	39	9	39	4
45	34	40	70	50	28
40	91	47	91	15	46
79	86	36	86	86	4
34	34	52	34	18	19
2	1	1	58	1	53
47	46	46	46	1	22
58	14	53	43	85	24
40	89	12	60	88	90
93	62	81	21	95	78
63	40	76	11	77	18
64	67	25	11	19	89
27	27	93	71	45	27
40	12	29	38	6	54
2	85	83	65	67	20
55	63	3	27	27	27
89	90	95	15	59	91
37	88	6	6	6	5
32	77	29	53	26	49
54	36	98	81	54	21
35	17	4	35	88	35
45	4	77	100	63	69
65	24	26	94	92	53
38	9	51	55	54	23
93	35	3	14	72	82
36	74	15	92	37	87
62	39	93	21	42	61
35	55	52	62	37	93
41	77	5	50	51	6
18	17	89	18	18	65
93	21	6	49	6	6
77	51	7	36	89	82
23	59	67	54	99	15
43	73	43	50	43	92
77	90	74	54	85	83
6	86	6	6	77	27
89	33	88	2	32	76
35	40	40	40	26	27
58	71	64	28	17	56
48	54	24	48	10	48
7	28	54	53	61	31
64	43	17	100	70	32
83	21	3	45	48	15
11	16	8	61	13	59
57	44	44	36	10	44
78	59	60	77	13	10
40	34	52	85	55	95
61	80	58	37	14	72
74	10	42	85	25	27
50	65	84	73	50	50
23	55	21	13	80	60
30	41	98	7	30	30
59	55	90	61	65	96
57	80	45	16	20	30
98	76	45	44	17	45
13	13	61	13	18	23
6	53	63	80	42	80
61	39	28	95	76	46
68	43	81	51	72	75
7	100	26	9	39	33
66	8	57	33	75	100
63	8	85	81	93	65
83	61	3	92	74	78
91	64	26	25	47	95
3	19	16	97	5	95
46	53	14	91	26	48
39	25	57	71	60	43
10	36	94	78	10	10
84	16	83	79	13	21
43	89	18	25	43	69
2	31	16	56	98	12
9	79	29	49	82	61
43	35	62	75	74	1
68	66	68	32	99	91
78	57	29	29	24	29
49	31	62	42	42	42
33	26	11	32	95	65
29	15	85	81	62	23
92	26	31	90	48	65
96	89	3	15	43	51
13	14	3	38	45	84
35	35	77	14	35	31
61	6	94	44	44	44
45	16	94	16	16	1
16	90	32	87	26	64
58	12	22	12	12	24
98	23	61	39	12	41
84	1	88	10	10	10
13	5	94	32	27	80
99	83	29	89	15	33
5	70	11	44	44	44
66	60	77	30	63	29
93	61	1	13	92	78
89	66	12	80	54	38
16	37	12	5	14	50
66	85	14	38	47	6
26	77	26	32	26	81
14	61	40	2	77	68
83	56	29	99	95	60
92	2	27	27	27	31
57	41	95	61	90	54
84	29	18	29	24	29
49	30	30	92	63	30
34	84	42	51	81	9
70	87	7	85	64	3
73	68	7	59	6	34
56	21	87	63	19	86
50	74	20	69	31	88
66	87	13	95	11	30
16	50	16	16	35	90
42	60	48	2	2	2
99	66	42	80	45	63
41	27	31	27	27	80
86	37	37	37	27	61
14	100	6	75	2	97
54	15	90	68	12	66
25	75	96	25	25	61
29	16	33	16	1	16
45	89	19	86	34	50
42	84	42	67	42	75
77	42	13	60	11	12
70	89	46	84	74	54
43	55	20	73	98	45
54	23	24	5	5	5
10	10	14	56	36	10
9	9	32	58	95	9
9	37	2	9	24	9
1	61	13	97	33	36
64	14	90	63	53	24
10	40	29	37	26	24
35	60	36	35	19	35
17	54	7	17	17	80
33	44	33	59	48	33
35	29	35	35	71	93
28	50	74	80	57	30
75	82	55	93	6	17
46	80	61	68	24	74
51	81	76	5	14	89
79	100	27	67	46	83
46	62	53	30	66	49
85	46	18	72	75	40
63	37	39	49	63	68
88	14	9	67	95	83
70	53	14	37	85	48
2	85	87	45	75	78
17	9	9	22	9	41
69	28	7	80	37	48
64	3	31	3	63	19
96	97	33	3	89	50
56	34	6	61	39	55
17	17	64	17	33	37
48	9	51	15	9	9
71	96	11	29	59	15
92	36	90	59	40	49
72	52	89	79	44	5
17	69	30	16	91	68
45	18	6	37	50	29
6	45	62	43	73	47
93	45	86	84	63	46
72	43	94	50	35	11
28	62	33	63	42	100
62	70	62	83	86	32
85	87	13	33	70	56
88	7	78	48	7	7
17	87	80	30	7	39
5	46	89	66	55	85
70	3	79	68	27	71
52	42	38	65	27	84
51	75	28	64	58	19
61	10	63	49	26	79
85	93	67	39	39	39
2	27	30	27	69	27
22	23	66	51	12	24
89	83	7	29	26	94
63	95	52	89	59	77
69	14	94	63	72	25
80	68	80	22	10	52
95	10	62	91	31	66
71	7	7	7	67	5
31	65	25	14	80	86
41	65	41	95	41	4
3	29	93	26	84	20
48	14	100	11	6	89
11	33	98	83	33	33
72	16	98	28	35	75
69	25	61	4	24	93
57	94	22	97	85	36
26	13	2	13	44	13
53	97	45	100	48	65
66	32	45	4	45	51
95	83	84	70	75	48
80	37	21	93	44	98
100	42	51	12	70	29
94	26	64	41	3	10
45	5	45	32	18	45
27	72	69	72	27	65
6	9	9	9	2	47
46	37	60	25	85	46
49	21	67	20	22	26
23	84	81	87	52	44
75	25	25	25	54	76
9	92	77	30	7	3
89	3	36	33	26	57
89	99	22	71	63	29
15	29	11	20	37	72
15	60	22	76	84	6
67	65	10	11	4	12
70	76	61	88	50	47
60	33	37	92	23	16
86	46	31	47	37	39
15	94	50	65	15	15
91	29	20	29	29	94
42	67	45	42	42	29
9	50	95	87	92	40
99	61	73	40	40	40
14	46	14	4	14	19
62	20	28	42	28	28
33	84	31	70	70	55
28	26	99	25	45	69
47	47	62	47	85	99
36	43	76	43	43	83
23	53	94	64	87	62
50	5	63	5	5	94
31	68	31	55	69	31
20	31	43	57	68	88
25	28	25	25	81	92
94	36	98	97	60	25
39	39	17	65	49	81
29	56	78	62	64	67
60	81	35	2	37	82
13	1	55	72	90	12
90	69	37	28	82	2
17	38	62	48	55	12
17	60	26	26	26	66
91	14	10	14	14	18
88	7	17	7	93	7
87	99	6	26	91	70
72	14	27	27	47	27
27	8	27	70	27	23
28	70	7	61	37	77
34	95	22	90	37	13
90	34	11	64	97	73
33	47	17	34	74	56
38	38	72	62	11	38
99	67	68	40	26	49
5	57	46	90	60	2
35	18	49	21	49	49
80	54	4	58	81	2
19	35	21	89	25	42
12	79	64	36	44	55
82	53	47	47	71	47
50	63	13	24	89	43
28	42	69	96	28	28
91	86	90	92	12	25
71	59	75	53	36	6
20	18	8	72	23	84
55	2	37	28	63	70
51	26	89	51	37	46
99	61	93	46	6	89
50	16	16	37	59	16
66	50	49	61	100	55
9	1	9	44	92	9
22	58	5	45	5	5
40	40	78	37	10	40
57	52	20	24	96	45
83	40	11	40	40	95
49	20	20	96	20	6
57	35	35	2	35	50
12	51	84	73	22	28
24	96	24	64	19	49
39	81	38	4	29	67
63	20	86	38	34	2
74	79	20	23	23	23
45	45	43	16	45	63
40	35	46	36	61	58
27	9	4	26	90	59
34	16	28	28	59	28
48	42	8	19	38	48
6	6	6	4	83	88
65	80	95	55	38	59
82	1	94	35	64	28
36	66	55	94	35	39
46	93	57	44	46	46
75	31	64	23	14	19
70	78	43	43	43	7
53	71	84	77	40	55
35	2	2	58	2	7
45	89	70	28	48	8
35	41	82	32	35	35
94	43	33	32	7	56
4	52	6	16	65	51
47	19	9	9	45	9
29	53	42	14	48	3
12	93	11	51	62	90
81	77	62	13	90	70
19	60	36	43	37	65
3	44	79	44	13	44
98	14	90	98	63	55
49	78	44	44	29	44
6	38	33	62	27	71
75	49	12	36	70	5
52	33	57	3	33	95
31	11	75	54	10	32
5	22	5	5	61	41
86	73	31	41	92	41
46	3	11	28	46	46
80	28	21	47	95	75
16	100	12	7	12	12
9	3	96	87	1	62
88	22	97	69	23	3
51	42	42	42	52	85
14	69	82	60	87	77
3	3	92	93	90	53
41	49	92	3	72	82
59	6	6	13	6	1
65	9	54	16	24	11
51	25	62	47	36	48
74	54	37	54	90	99
30	30	85	47	93	30
16	53	92	16	62	16
5	78	40	5	43	5
44	44	44	98	19	47
24	7	62	23	36	96
57	26	59	13	51	17
64	67	91	27	24	70
47	49	8	69	88	99
21	21	94	66	21	93
29	35	56	20	13	82
68	5	5	34	5	48
43	16	2	20	98	71
94	29	18	26	48	69
16	1	2	38	86	31
13	45	13	33	13	3
79	69	38	47	81	47
78	24	78	18	70	66
4	18	59	63	88	20
9	69	36	50	81	37
53	10	16	62	12	61
16	80	97	12	19	14
58	64	3	3	61	45
38	38	95	38	40	75
22	34	19	40	83	55
21	38	73	46	24	42
46	40	74	26	86	22
32	49	50	90	26	3
46	64	1	46	46	58
36	81	1	60	17	92
87	50	89	1	46	48
47	23	87	44	84	46
69	44	67	74	25	98
31	89	97	31	87	25
92	58	76	46	54	24
66	43	81	34	4	45
23	92	23	52	93	91
7	40	80	7	87	7
74	38	89	33	96	52
74	54	4	27	67	41
98	52	1	62	84	73
21	22	82	72	76	56
11	8	11	11	67	66
57	1	21	13	45	92
97	88	82	44	73	12
55	49	42	60	51	65
82	50	23	76	51	20
87	43	19	75	37	34
24	6	98	6	6	20
39	51	19	55	37	67
29	29	29	79	25	31
8	48	26	26	26	84
4	3	13	3	57	3
92	33	33	77	26	33
23	44	79	79	50	72
59	75	2	96	21	100
9	12	36	49	68	66
64	4	44	22	54	38
82	40	77	40	40	83
46	90	46	46	19	2
10	61	10	87	10	69
9	9	50	62	94	9
85	50	52	50	9	50
84	91	2	19	40	48
25	50	96	56	99	76
7	84	56	20	40	38
44	65	57	42	17	31
99	31	31	2	61	31
44	38	59	24	38	38
90	16	85	29	52	69
66	90	24	42	98	27
93	58	85	14	93	98
94	46	40	63	54	43
7	43	61	1	54	41
79	5	1	49	71	52
12	5	89	36	61	80
35	82	62	21	26	4
92	11	99	92	23	52
64	48	77	27	22	1
66	63	12	38	90	2
81	13	35	76	14	64
7	55	64	68	27	84
50	1	84	54	38	48
11	61	63	11	11	44
28	37	12	72	39	7
84	98	91	93	83	10
39	53	67	82	12	88
70	28	13	49	99	2
48	70	43	84	5	8
36	47	65	29	29	29
6	91	65	56	39	22
51	72	68	89	65	60
89	14	49	61	98	64
58	57	36	4	7	66
42	82	8	24	31	12
73	86	74	23	66	64
17	48	99	15	7	64
66	57	36	94	32	44
15	66	73	38	38	38
49	9	10	24	58	37
10	64	54	47	46	83
40	24	69	47	44	9
38	70	72	38	38	97
69	45	45	2	45	87
58	45	90	63	60	83
3	41	16	32	42	77
8	58	1	74	36	65
38	29	34	29	29	88
51	74	39	68	17	92
86	33	56	91	50	67
32	52	32	18	29	32
61	91	26	25	72	46
84	52	2	44	85	6
33	20	67	100	96	52
45	60	81	90	29	81
28	82	40	21	76	68
50	36	97	90	36	36
30	26	72	84	30	53
10	10	84	10	55	26
23	42	8	53	74	28
29	47	29	15	10	29
8	33	52	28	40	76
100	1	62	4	49	2
21	89	33	33	59	12
8	94	30	75	76	88
85	66	91	83	11	58
80	75	28	74	86	93
39	78	56	76	45	33
76	59	8	8	32	8
23	14	46	4	21	34
6	30	71	10	95	5
32	95	32	40	32	59
2	2	69	46	43	2
4	49	70	42	84	21
4	99	25	100	29	66
38	46	91	1	4	86
55	60	51	52	91	61
43	27	60	27	27	52
92	34	36	7	68	16
33	51	72	90	4	87
1	20	83	40	87	73
11	16	95	51	34	24
85	14	49	76	6	66
39	95	11	98	11	11
36	60	30	41	30	30
53	56	11	39	40	31
13	11	27	27	5	27
15	7	7	7	30	9
50	9	80	26	63	77
2	71	69	35	43	33
68	29	28	22	4	66
65	11	17	76	49	63
18	1	89	53	29	84
34	90	4	4	66	4
38	38	38	29	75	40
47	34	50	5	90	78
32	76	98	31	9	40
42	38	24	55	65	57
75	35	34	19	63	13
93	83	33	2	23	88
13	15	76	95	72	68
78	62	14	94	29	94
31	1	98	65	84	85
88	55	29	78	9	19
90	81	47	5	47	47
78	7	64	87	34	14
51	6	47	83	76	77
92	21	29	33	29	29
70	68	80	93	20	38
75	23	32	14	1	69
76	42	8	80	87	58
75	69	42	42	42	20
33	33	31	72	33	76
20	2	100	10	4	95
92	84	84	17	94	13
20	26	58	37	99	28
56	70	83	67	65	79
5	81	49	10	93	62
63	72	56	35	48	29
82	35	74	19	23	20
9	79	22	22	88	22
91	35	90	98	83	90
12	47	80	91	60	94
100	99	51	67	41	83
41	37	89	70	93	63
2	81	35	15	15	15
31	95	91	66	62	8
44	89	40	15	71	9
37	19	80	37	23	37
50	42	78	1	26	47
43	77	89	19	35	18
32	44	90	100	53	47
50	49	5	1	17	6
25	53	94	7	89	15
94	37	37	95	60	37
23	51	23	23	32	97
34	63	51	34	88	34
35	43	57	9	81	12
78	37	85	37	21	37
65	15	47	56	78	39
11	57	71	11	11	88
21	59	8	99	49	86
19	53	45	66	71	19
49	15	78	5	5	5
43	19	20	83	20	69
38	20	65	36	47	21
31	96	68	64	25	61
52	58	12	67	69	21
84	79	9	87	23	14
54	7	7	7	59	39
11	84	14	25	6	52
38	27	49	27	15	41
91	63	88	59	67	43
48	64	44	28	87	88
55	17	27	50	88	47
62	59	61	76	85	98
2	70	91	64	99	39
60	95	66	69	17	35
83	33	40	33	86	33
1	9	59	28	36	91
3	48	16	60	21	97
71	86	29	45	98	96
39	14	56	39	39	70
93	68	28	28	28	46
96	66	94	59	3	13
36	11	46	11	91	11
8	5	34	61	13	28
61	65	53	92	25	37
35	89	15	31	76	86
92	49	38	34	32	19
8	97	91	58	3	98
30	24	4	84	53	27
84	55	26	37	26	26
25	10	81	47	22	37
43	23	85	78	3	62
7	85	7	44	7	3
16	16	73	82	48	16
71	78	18	96	12	73
42	100	42	42	3	87
78	67	29	17	48	99
87	4	38	38	38	99
77	61	65	35	91	17
5	18	15	14	18	18
14	24	14	48	14	19
36	11	38	38	23	38
20	98	15	20	72	20
15	89	87	62	33	81
84	33	16	42	79	14
29	7	29	19	29	21
14	14	5	56	14	19
49	63	80	35	17	27
93	100	40	41	32	29
47	36	25	18	82	55
46	89	43	42	78	40
26	38	41	3	21	37
93	27	78	98	66	11
5	43	69	43	89	43
28	38	45	62	46	36
20	60	4	94	92	53
41	25	69	58	7	66
100	86	46	46	46	72
99	87	62	100	52	45
11	10	9	12	11	11
5	72	40	85	76	19
83	43	83	89	12	99
72	73	8	51	73	52
55	38	69	100	70	90
37	55	90	66	46	58
40	32	32	32	79	45
14	78	89	45	64	86
76	41	42	11	69	5
21	26	6	12	99	62
75	45	81	19	92	34
74	60	42	40	15	97
13	37	72	36	22	95
26	35	94	10	77	69
21	1	29	36	29	3
19	17	18	17	17	55
99	41	98	49	22	34
97	32	67	2	52	41
19	89	50	26	79	100
14	14	25	14	52	27
6	42	76	45	41	59
84	85	99	4	36	79
81	72	7	46	7	7
21	5	43	71	74	34
35	69	83	96	69	48
27	84	79	27	51	27
77	69	4	22	59	73
12	54	91	83	16	57
5	38	48	88	90	44
13	19	96	73	56	71
1	46	35	20	69	52
6	45	13	10	42	4
63	13	76	13	16	13
54	92	20	6	6	6
23	49	49	5	65	49
19	69	46	89	74	87
30	12	81	51	17	43
75	82	20	83	29	39
48	87	16	30	86	86
78	5	24	95	47	77
89	26	20	18	40	48
29	1	22	90	25	54
26	51	91	30	25	35
70	25	62	43	44	50
16	27	95	85	57	100
66	63	3	45	75	50
21	21	77	81	21	33
88	54	14	97	90	61
29	14	98	79	86	2
72	84	44	44	65	44
16	72	56	18	91	93
80	75	60	69	35	46
50	35	50	92	77	50
47	89	80	81	7	5
33	83	88	86	82	44
72	63	59	56	58	46
79	15	69	59	74	39
73	83	80	56	96	59
88	6	31	26	74	85
65	80	23	92	64	42
3	93	33	63	64	64
3	74	20	80	85	78
46	98	58	97	60	44
18	17	56	9	18	18
90	18	18	3	18	73
14	91	37	59	95	9
54	69	91	5	5	5
29	77	45	28	75	46
87	41	35	23	23	23
32	32	75	42	32	81
93	34	94	48	54	95
56	36	31	28	18	62
15	15	63	7	29	15
25	75	25	25	64	41
27	41	72	83	74	69
14	67	3	3	3	52
48	81	31	34	4	14
26	6	56	77	52	2
24	64	39	56	31	85
35	23	2	52	57	18
95	33	33	26	10	33
3	14	91	14	14	54
22	91	27	22	1	22
69	37	31	37	38	37
29	56	15	29	32	29
10	69	74	47	24	43
42	58	60	98	18	97
62	82	29	10	81	79
52	57	46	24	24	24
28	91	99	7	86	15
84	7	10	95	94	63
85	43	4	81	68	14
27	40	79	54	25	65
70	64	8	68	90	92
8	95	95	82	96	67
42	69	68	2	85	43
30	41	96	10	57	98
89	80	85	32	48	37
100	5	25	73	87	22
48	60	23	76	62	31
63	24	24	24	61	12
5	100	5	61	41	5
13	13	13	98	8	23
97	48	89	37	84	84
87	91	21	3	30	8
67	95	79	38	86	43
88	11	67	83	41	4
29	24	29	29	65	46
2	4	5	41	99	57
70	54	88	27	33	58
85	43	75	28	47	55
44	44	44	32	51	1
88	19	92	93	15	89
78	75	73	36	58	72
26	35	32	32	32	52
60	95	13	8	76	38
95	37	46	46	68	46
34	25	8	37	26	21
65	28	28	28	50	53
32	60	64	28	32	32
87	92	20	75	20	20
37	59	70	17	47	3
34	95	30	22	77	6
1	51	98	3	4	48
66	10	14	89	58	70
21	78	86	28	75	37
12	66	31	95	78	90
84	56	79	39	98	2
22	84	22	96	22	69
59	40	100	98	40	40
36	36	50	45	36	20
23	75	57	68	90	41
23	72	76	28	75	25
74	30	56	86	16	44
31	92	15	1	79	16
93	25	61	71	70	13
88	61	39	93	96	14
52	46	94	73	96	46
93	87	21	45	41	30
1	99	52	1	1	64
74	79	98	98	40	27
28	95	15	23	69	8
42	73	5	12	94	35
25	42	60	24	54	49
97	97	52	74	49	62
26	87	12	26	92	26
39	10	47	80	35	83
73	79	75	68	57	24
90	93	51	6	35	79
15	27	97	3	87	32
34	19	86	17	47	71
31	8	8	49	37	8
16	42	70	4	59	35
12	79	34	90	7	41
59	50	47	62	37	54
100	95	66	68	73	33
23	49	62	49	64	49
68	55	84	38	38	38
11	66	1	68	32	55
43	20	43	97	43	79
65	76	67	29	84	28
36	7	36	59	27	36
10	30	38	13	20	59
7	7	91	77	7	87
48	33	70	36	59	16
55	86	39	39	46	39
34	20	34	6	34	22
1	37	25	77	23	41
83	32	38	36	92	6
76	84	4	60	90	60
15	38	95	14	35	82
83	63	62	47	24	91
10	10	10	72	97	43
98	32	42	32	32	83
82	56	35	52	42	91
10	52	17	41	28	29
25	43	10	10	44	10
59	76	23	95	25	61
44	46	44	44	8	95
46	96	47	39	21	65
87	19	61	35	58	69
21	47	51	21	26	21
59	44	16	45	93	21
95	42	67	74	6	85
3	39	72	12	26	12
43	28	36	75	13	58
88	21	22	98	22	22
36	36	45	28	36	92
3	43	32	4	40	90
95	45	92	95	35	27
84	41	91	41	20	41
90	79	4	23	97	17
51	59	65	19	5	84
69	31	31	27	52	31
29	74	76	29	29	93
43	75	66	93	47	38
75	92	28	90	72	21
80	99	88	65	67	94
75	88	69	54	29	31
71	45	55	30	50	36
85	97	38	27	75	28
81	23	62	63	64	64
68	41	98	81	33	23
1	10	12	30	46	13
95	48	73	77	26	11
86	92	67	29	76	100
95	47	47	34	31	47
96	4	77	80	19	17
97	3	36	90	76	42
25	41	59	73	55	88
10	67	10	50	10	96
57	56	59	64	37	74
71	39	38	60	40	28
88	58	86	96	27	74
85	41	15	5	85	66
3	91	63	69	25	24
75	80	47	77	87	51
70	8	20	56	53	71
27	32	19	4	32	32
60	57	39	19	39	55
12	12	47	12	83	10
80	24	5	92	78	37
20	45	62	45	19	45
67	88	58	66	68	6
76	21	13	21	57	13
7	76	80	56	14	84
9	68	10	10	10	97
64	95	90	47	9	42
82	83	79	96	31	36
2	82	9	25	83	61
39	86	97	12	74	74
74	23	60	64	51	82
37	6	37	97	84	37
9	98	66	99	20	25
34	44	65	56	34	73
42	6	62	5	100	50
66	3	12	51	65	83
27	72	27	61	27	53
25	55	83	63	22	77
28	28	28	13	88	40
1	24	1	6	43	1
3	98	100	98	86	69
39	42	42	42	47	80
4	14	64	43	14	14
44	36	2	2	2	81
88	54	38	42	72	50
89	85	55	71	35	75
55	2	44	2	2	5
22	97	22	13	14	22
12	90	30	4	67	28
13	56	13	22	13	1
44	22	80	53	12	94
85	37	26	28	32	1
35	51	24	95	37	92
42	96	28	46	28	36
99	62	16	34	2	5
13	73	30	43	71	40
83	8	5	10	25	92
14	78	49	36	85	66
5	95	1	73	28	42
30	39	12	96	70	19
67	32	87	25	31	47
80	91	11	8	43	4
15	97	82	15	15	26
5	26	6	5	5	51
18	18	18	11	5	95
14	95	74	74	49	46
40	40	58	97	5	40
40	30	20	76	94	15
57	72	22	42	84	1
48	65	50	83	83	58
89	51	31	31	31	29
79	76	20	25	49	65
16	93	64	18	12	63
5	1	21	1	1	30
47	7	7	69	42	7
34	92	31	11	76	55
75	79	49	17	59	37
2	80	38	89	90	34
71	3	4	6	3	3
93	47	35	16	68	90
54	81	63	42	61	3
50	97	50	37	50	31
78	37	37	37	51	52
97	65	25	25	60	75
94	64	19	46	62	57
80	52	1	24	92	76
90	31	97	31	10	31
50	50	50	81	12	24
2	65	1	62	82	45
78	31	42	14	14	14
9	5	5	5	29	51
54	30	14	30	30	7
23	23	77	45	18	23
66	83	21	55	33	99
46	26	32	99	26	26
26	66	26	27	26	82
12	50	63	50	60	50
55	72	5	96	49	74
16	44	77	52	4	48
64	12	20	33	94	99
80	97	76	47	56	30
52	41	4	81	73	54
42	81	14	69	92	25
27	80	32	46	59	72
46	35	44	22	80	8
4	16	61	45	92	83
41	87	94	3	66	96
1	1	36	86	16	1
12	73	12	23	85	12
13	23	71	20	13	13
56	6	27	53	66	13
95	39	9	39	39	34
73	73	4	21	46	22
77	86	83	93	5	27
93	73	84	1	12	93
96	1	85	46	84	71
11	92	19	72	70	85
12	56	66	5	63	11
38	93	36	26	24	47
32	32	42	14	32	17
3	11	3	56	3	78
77	89	43	43	100	43
29	29	29	21	84	16
99	44	80	72	60	52
22	17	33	82	8	72
21	21	66	21	15	8
22	98	15	53	55	60
20	54	44	65	93	40
26	16	13	13	30	13
38	10	10	10	56	60
86	78	81	46	97	1
17	1	49	49	49	40
39	14	56	79	42	68
25	2	11	32	11	21
20	27	22	5	34	7
65	48	32	36	94	89
35	50	50	25	50	61
87	8	65	83	3	70
16	16	53	79	18	2
69	73	8	9	45	42
1	1	94	83	1	65
44	74	44	77	69	44
35	20	20	89	42	20
41	87	50	32	45	33
16	3	42	93	89	21
13	56	31	13	13	48
45	77	32	45	87	45
58	5	8	16	88	56
54	89	73	73	21	37
50	55	81	50	37	50
11	69	14	84	95	74
100	26	26	26	92	42
72	84	65	91	51	15
63	59	44	64	74	72
23	23	23	78	31	57
38	82	61	86	24	81
80	50	50	94	75	50
75	58	51	98	19	28
24	8	87	11	65	37
6	59	55	49	49	49
77	94	57	31	81	42
9	35	58	77	9	9
25	13	35	55	9	59
23	24	49	24	24	41
57	35	22	60	81	64
83	36	82	88	100	12
56	90	34	37	74	7
59	14	14	91	40	13
2	21	35	57	96	86
27	87	53	55	39	38
74	24	10	10	10	27
81	58	29	71	45	27
47	28	81	28	28	39
61	100	48	18	32	60
26	93	42	5	95	64
13	39	23	39	39	84
1	9	2	9	9	12
39	83	28	71	53	11
87	55	48	96	22	12
54	18	18	18	48	92
37	9	19	17	19	19
86	64	33	26	43	28
39	27	11	25	91	20
67	40	64	40	10	40
43	60	55	97	93	70
23	50	37	37	81	37
69	88	54	73	82	13
69	12	12	12	25	38
52	55	78	56	15	16
19	82	23	48	19	2
61	29	29	20	29	56
34	38	89	72	96	20
80	4	28	11	83	23
5	73	5	5	4	50
30	49	73	44	11	92
13	76	13	69	82	13
30	95	66	72	82	94
92	94	65	93	95	33
19	19	22	16	94	22
45	19	71	3	50	6
36	20	52	20	92	20
94	21	39	70	47	47
17	27	40	92	68	69
88	8	8	5	73	8
8	45	45	82	64	45
24	44	33	28	63	87
33	20	60	53	33	33
33	68	87	95	93	23
59	45	4	40	50	19
11	58	41	11	50	25
56	32	81	62	64	99
72	36	34	60	51	79
94	69	41	30	19	3
79	75	26	76	33	68
73	77	81	64	43	89
9	94	9	85	9	39
88	34	95	12	55	7
79	89	31	97	36	34
24	80	53	46	6	63
38	19	92	79	46	39
12	39	39	21	22	39
77	1	80	44	41	52
89	2	7	57	93	86
87	19	92	59	75	84
8	53	59	82	78	80
46	84	70	56	57	43
20	31	95	47	9	100
72	34	1	55	29	44
80	98	16	87	23	23
66	31	83	21	28	82
14	26	28	26	100	26
83	27	57	78	45	94
33	22	100	48	94	30
49	34	34	34	52	30
65	28	1	91	44	50
23	72	23	23	9	3
62	26	90	26	78	26
3	51	58	61	70	51
81	32	37	12	56	28
40	40	65	15	40	59
7	57	100	88	82	3
19	46	25	19	19	26
48	68	48	48	37	30
56	70	75	23	48	19
35	47	68	90	81	33
69	68	31	96	31	31
17	17	40	10	17	44
11	11	11	8	95	14
42	24	89	80	79	100
25	18	24	24	27	22
9	20	31	40	6	82
92	29	41	25	10	92
10	85	64	34	97	50
35	35	57	80	35	79
98	68	85	54	30	15
60	16	93	60	42	23
8	37	2	59	8	8
47	44	26	7	85	87
24	24	42	24	59	67
31	56	89	65	78	65
98	78	78	16	16	13
1	1	1	83	95	37
32	44	19	76	69	76
25	97	46	100	35	17
75	52	66	46	3	53
4	60	30	51	74	78
50	50	37	58	50	68
52	86	60	21	18	81
79	90	72	87	24	76
57	54	61	48	68	80
11	53	11	49	11	29
43	55	76	99	53	23
21	10	16	95	52	43
63	56	77	54	27	94
93	14	59	48	27	40
55	36	9	28	88	20
85	73	73	81	50	33
54	62	69	82	89	59
10	45	28	99	88	55
67	31	35	35	35	87
83	54	99	21	57	39
88	7	96	51	37	63
23	13	80	82	83	96
69	18	78	91	64	1
66	15	21	79	69	69
4	85	4	26	4	57
60	79	65	14	79	54
28	28	43	50	75	13
86	19	82	51	56	41
12	12	96	85	12	2
84	21	64	32	34	28
23	63	31	84	50	59
96	25	65	73	25	26
54	49	20	54	7	22
25	11	79	52	26	43
61	34	34	62	47	34
43	43	30	66	89	43
48	71	48	83	29	48
49	1	91	23	1	1
6	70	61	2	23	22
92	53	65	69	97	85
96	79	39	43	77	96
51	16	47	49	8	13
65	75	75	55	66	53
4	27	37	4	71	4
55	84	42	14	49	61
99	33	83	43	58	88
82	87	70	39	71	16
7	2	95	2	2	15
36	36	89	28	35	36
47	38	47	12	47	67
42	19	54	5	48	69
19	82	18	49	23	30
48	4	14	67	48	19
18	81	6	6	6	28
43	89	23	91	79	8
25	5	72	78	68	30
9	13	36	12	9	9
37	9	37	37	65	46
48	42	15	99	85	5
31	29	21	73	29	29
50	11	81	99	7	90
33	47	7	25	20	93
7	67	54	99	73	45
55	1	17	30	17	17
87	38	38	49	81	38
27	98	81	16	81	11
44	44	35	18	98	85
2	91	33	27	68	78
52	62	32	67	19	60
22	92	37	97	10	5
33	43	9	9	28	9
90	71	62	56	72	95
70	46	80	57	55	81
1	1	46	1	94	63
84	23	80	32	18	19
16	71	82	13	81	49
45	96	46	37	64	45
58	33	20	69	48	27
59	40	21	98	81	37
77	61	22	3	96	67
37	27	85	37	37	39
45	83	8	56	91	2
64	81	2	73	40	9
32	16	22	71	89	97
43	22	22	22	66	28
34	91	98	27	47	19
2	95	7	84	2	2
55	42	22	22	51	11
45	84	95	2	2	2
64	46	10	20	26	81
27	17	2	92	2	2
9	39	9	9	12	75
41	74	22	6	38	57
87	48	62	81	11	29
80	14	1	14	63	14
69	20	20	11	20	9
30	98	71	30	27	30
72	83	13	15	12	66
50	98	93	93	57	40
76	47	100	1	56	27
97	79	64	42	83	68
30	34	49	40	35	9
7	39	94	54	67	2
92	7	21	47	33	35
83	13	62	87	15	7
43	6	43	1	94	43
53	6	74	24	37	38
93	19	93	48	42	72
98	4	85	97	55	22
90	76	76	99	38	30
4	69	100	42	42	42
62	95	10	45	17	70
46	81	62	65	44	63
72	31	47	31	31	54
52	5	36	5	51	81
69	15	63	15	39	89
100	58	21	21	18	21
25	25	57	25	97	52
12	100	12	90	12	16
71	52	13	84	16	5
1	1	43	26	1	31
92	61	32	93	18	57
73	24	14	27	18	87
67	82	2	45	83	99
88	25	17	17	59	17
6	19	19	25	19	49
66	33	88	38	58	34
40	10	33	23	37	81
53	45	23	79	38	82
34	34	19	82	18	34
62	14	37	37	37	74
36	55	50	36	36	62
94	64	23	70	85	7
95	100	60	22	84	13
99	22	7	68	79	61
13	28	13	13	52	48
39	39	63	5	30	65
95	39	38	98	83	79
31	81	97	41	86	73
19	70	71	83	99	29
78	69	96	70	77	67
5	85	9	27	73	45
55	81	46	46	46	19
54	23	73	58	77	11
64	50	24	50	75	50
84	43	31	53	94	74
7	50	46	61	21	55
89	7	36	44	7	8
7	30	33	69	9	26
34	55	18	38	49	38
24	48	62	45	50	39
18	100	61	61	32	81
58	18	95	7	48	47
18	85	37	71	31	50
61	97	36	35	96	73
75	87	46	77	67	47
13	31	48	32	31	31
97	25	4	70	5	89
25	17	33	80	69	79
13	13	13	62	61	24
1	52	93	6	68	20
34	19	74	34	77	34
65	76	42	7	88	87
53	29	33	37	63	19
31	70	10	29	24	12
63	76	53	95	64	64
73	16	33	36	97	96
34	10	64	81	68	62
46	46	78	27	46	22
52	7	63	55	21	46
64	49	75	4	78	69
17	17	67	45	27	17
21	96	21	21	75	94
39	39	6	39	46	7
85	1	49	49	83	49
46	19	98	65	40	1
34	97	61	36	34	34
35	17	88	35	96	35
97	90	38	94	51	47
43	25	93	22	22	22
14	11	55	95	2	78
78	32	92	33	90	58
27	52	65	46	77	69
88	59	22	10	10	77
50	50	49	50	63	47
43	71	33	64	16	35
81	59	90	57	60	23
33	65	88	85	69	66
56	9	52	9	57	9
3	10	10	46	67	48
73	45	21	64	64	54
70	59	28	37	41	78
11	21	50	68	21	21
81	39	25	57	25	25
53	83	6	42	61	56
50	30	77	1	58	79
85	74	56	31	43	51
9	62	84	9	9	28
82	6	97	45	16	27
8	8	79	1	8	53
41	37	95	4	5	26
14	67	16	25	33	82
51	11	11	32	11	67
66	28	74	94	61	60
57	88	96	98	15	94
5	5	85	26	57	5
43	99	11	43	73	43
16	81	72	73	1	31
7	48	7	7	96	86
59	5	53	5	81	94
91	10	36	8	62	96
36	3	77	37	3	3
7	81	69	27	3	21
47	12	12	25	12	60
55	26	52	48	87	43
54	30	31	30	30	33
84	76	9	9	14	9
28	19	83	94	65	26
10	68	26	56	51	34
48	6	24	18	74	85
48	21	91	90	14	85
34	7	50	31	31	31
12	87	4	41	54	36
14	3	3	3	71	59
17	93	51	63	75	40
4	4	4	17	43	58
16	73	65	51	43	55
89	90	94	6	57	3
95	72	72	14	40	33
95	82	62	48	48	48
82	37	39	31	37	37
58	50	24	22	100	74
9	34	31	63	44	33
52	56	89	15	15	15
16	41	75	67	23	44
64	99	44	9	99	26
37	80	37	37	56	66
7	50	5	58	69	79
16	47	35	89	100	45
98	90	57	16	20	25
9	5	42	9	9	40
18	100	44	20	18	18
13	31	41	2	59	14
50	14	26	26	26	57
43	80	84	95	85	96
15	2	25	25	25	71
44	20	47	73	10	67
36	28	74	75	70	100
39	39	11	26	93	39
39	12	80	12	75	18
9	87	72	36	7	19
1	81	64	93	79	39
81	58	97	42	26	34
19	13	40	53	40	40
14	71	13	99	84	68
12	12	12	55	88	83
67	32	32	5	32	98
27	48	65	66	93	97
22	59	18	100	71	63
52	39	61	63	79	34
7	98	71	26	98	88
39	70	26	32	62	100
52	68	90	23	68	20
68	92	17	72	48	49
64	34	97	56	72	31
52	86	52	63	82	39
90	60	11	68	11	11
62	35	48	51	98	20
21	31	31	54	31	83
95	73	74	78	96	97
30	37	19	7	7	7
46	7	12	89	85	5
87	27	72	20	98	97
7	99	33	84	98	97
2	41	81	49	11	50
68	80	72	44	9	17
14	14	21	77	14	1
29	57	29	29	97	98
3	56	26	45	35	65
28	4	46	95	7	72
16	58	70	16	16	63
67	7	15	76	44	36
56	93	46	49	62	46
17	6	6	6	27	10
72	65	64	45	83	2
13	29	9	25	92	26
64	93	63	78	22	67
89	25	100	7	60	58
36	34	77	75	69	55
12	40	40	40	29	6
82	4	4	4	30	74
45	4	45	45	44	41
8	1	74	99	80	24
46	23	36	34	96	17
36	36	60	36	45	76
36	92	36	36	8	56
30	14	46	9	50	64
23	56	39	39	8	39
25	88	92	11	79	91
16	4	68	63	59	70
38	99	49	35	84	2
80	79	43	67	67	52
87	36	80	32	56	17
31	9	6	33	11	39
90	55	55	21	89	1
13	35	35	21	35	28
56	29	29	17	18	29
91	32	2	74	22	17
22	49	50	62	18	40
10	4	86	28	16	72
9	2	2	14	2	55
76	44	52	35	23	76
78	96	29	4	83	71
77	14	17	17	16	17
52	18	26	18	18	48
6	13	95	33	65	6
83	2	2	55	68	88
79	53	18	39	18	18
60	15	11	16	93	40
70	76	14	60	19	81
13	63	13	73	13	54
80	92	76	72	57	94
71	41	69	36	4	80
21	56	14	45	77	100
11	11	18	11	43	28
19	77	49	64	97	24
18	78	6	6	1	6
2	9	92	63	64	84
34	34	24	80	34	87
23	14	44	86	27	90
40	77	40	18	3	12
29	22	20	37	7	29
13	7	60	63	65	95
86	4	28	43	79	21
79	88	27	4	58	5
43	90	29	93	29	29
1	59	59	98	36	44
31	36	62	10	75	40
35	70	31	3	1	74
56	65	7	7	7	36
49	49	94	32	49	95
58	57	81	41	5	24
69	45	45	45	29	26
99	43	86	49	81	58
80	7	38	46	46	62
87	73	17	84	47	25
30	30	49	40	30	29
40	70	32	51	36	78
50	22	6	50	50	91
18	41	10	18	18	37
90	45	42	33	37	47
15	37	73	69	53	17
16	16	8	14	16	64
11	69	11	11	68	80
54	45	91	78	81	18
89	68	18	12	14	40
8	29	59	71	93	47
74	91	62	56	33	14
11	100	1	9	99	29
72	53	56	16	27	26
19	61	68	19	88	19
13	10	88	69	57	67
51	69	9	49	79	14
93	45	3	7	3	65
91	60	86	86	44	28
27	96	58	35	8	95
79	7	46	61	87	16
87	22	43	22	22	38
58	20	24	24	24	78
44	6	98	30	45	94
99	4	38	63	8	5
14	18	42	14	14	72
12	90	24	27	98	79
21	42	11	31	24	24
82	92	25	71	83	89
62	20	100	6	89	44
24	56	24	27	24	89
86	86	70	74	95	54
47	22	35	99	43	65
70	62	37	95	21	93
22	97	29	51	33	26
97	18	64	47	41	80
30	84	34	71	87	53
76	26	31	31	31	34
89	24	75	66	67	95
23	3	79	82	23	23
33	32	54	58	37	7
45	38	40	91	34	86
61	100	40	40	59	47
64	81	3	41	32	90
63	47	26	41	99	76
48	23	60	66	23	23
10	33	33	30	91	33
29	30	52	97	77	50
95	19	84	49	91	6
4	55	13	1	4	4
7	5	49	98	26	83
47	47	47	86	63	66
45	64	45	31	19	45
2	58	40	40	4	40
57	18	13	50	49	73
2	94	14	2	2	100
49	97	49	49	82	99
7	37	25	5	30	47
32	92	32	48	23	32
56	60	15	17	20	29
43	43	41	99	88	43
93	32	36	59	90	32
74	31	49	54	31	31
61	34	34	40	62	34
22	91	17	84	38	23
57	58	72	24	78	75
28	76	36	32	77	96
64	82	42	42	62	42
6	18	30	70	6	6
61	84	83	8	21	47
17	50	87	71	5	87
37	32	37	37	97	77
15	51	18	72	74	27
44	50	36	23	39	66
13	69	26	98	26	26
26	56	6	26	26	67
22	2	72	92	80	44
35	35	74	66	35	98
91	29	69	26	60	92
6	98	48	35	39	6
51	54	71	20	67	3
82	8	8	89	86	2
98	68	90	68	4	79
29	27	66	24	1	97
95	95	82	84	56	38
17	17	21	17	69	1
48	30	6	48	48	60
85	34	76	10	95	3
31	56	48	73	17	57
22	13	54	13	86	13
82	92	18	18	18	78
19	26	26	10	21	26
2	2	19	86	2	57
4	84	4	4	9	5
18	49	8	14	79	41
43	62	60	19	73	73
43	51	67	66	7	40
42	83	42	91	38	42
69	17	4	85	95	78
19	98	88	44	20	29
16	73	65	35	56	69
98	4	25	4	4	22
18	69	94	10	10	10
66	42	7	42	71	42
88	11	35	58	79	21
44	45	93	44	44	76
23	63	36	89	60	73
48	82	83	98	98	53
83	45	53	21	91	34
87	62	29	40	50	15
17	92	4	100	4	4
21	90	94	15	88	97
23	41	23	7	6	23
99	27	27	36	78	27
62	60	51	51	36	3
69	33	44	84	90	100
52	99	37	58	48	95
56	9	86	67	72	100
18	18	70	14	18	15
29	75	36	94	79	93
44	13	11	15	9	97
82	71	28	18	60	22
46	27	81	27	27	96
24	71	21	35	8	73
15	8	100	80	71	66
88	76	35	77	43	79
55	9	28	9	35	29
45	37	74	11	58	94
94	46	46	60	98	46
60	69	28	11	72	34
44	39	27	18	91	37
9	60	10	91	10	10
11	60	41	49	21	51
30	54	79	25	62	91
36	36	73	36	72	46
95	40	81	26	97	83
31	37	50	2	72	91
12	62	12	12	83	66
90	43	13	31	65	57
4	76	88	2	23	81
19	29	24	32	62	10
26	26	51	26	67	22
56	37	86	37	15	35
85	52	44	13	97	34
11	67	64	5	63	9
49	51	7	40	72	98
100	60	39	3	39	39
70	42	94	47	69	79
61	83	57	25	99	80
36	86	71	5	3	36
5	52	2	7	6	1
57	4	8	25	56	79
76	64	8	24	81	96
28	28	61	28	98	79
9	95	48	92	69	66
62	43	79	43	43	21
98	8	93	87	59	49
1	60	33	57	45	8
15	10	59	66	72	48
30	28	89	89	51	58
30	7	49	29	41	55
41	41	41	73	31	64
30	36	4	16	72	42
20	4	75	92	100	25
47	57	56	20	31	51
58	1	99	37	40	82
6	50	6	99	6	61
93	21	98	89	74	35
29	15	63	97	7	21
10	79	93	59	100	88
8	42	52	8	6	8
99	5	59	97	65	76
91	41	69	74	39	40
34	26	50	54	62	59
20	94	35	43	44	77
48	98	88	48	26	48
98	87	58	44	95	4
11	27	17	33	55	63
62	84	21	98	8	49
21	39	60	74	77	59
98	10	41	66	81	5
64	39	3	15	98	91
94	96	45	90	23	65
94	17	48	19	40	64
11	92	57	43	66	12
49	24	92	39	68	71
12	97	21	67	88	44
42	69	57	20	42	42
52	94	11	21	11	11
30	66	30	96	30	2
28	28	27	28	98	40
40	15	63	15	25	15
21	17	17	17	27	42
39	31	3	39	39	74
4	88	22	77	24	37
4	4	30	19	4	89
8	77	83	1	53	16
84	10	23	83	34	66
87	14	45	94	15	24
35	2	91	71	26	28
76	21	92	11	3	76
99	72	46	92	79	6
45	62	45	90	58	45
31	25	69	7	59	19
92	56	39	33	8	53
71	16	5	60	49	84
3	4	12	6	56	8
19	21	60	21	15	21
49	96	38	23	14	28
49	26	16	7	82	7
23	19	25	7	14	6
30	41	38	82	30	30
17	98	58	5	41	37
54	23	68	13	43	37
32	44	65	42	64	44
86	35	33	33	33	83
49	47	32	48	41	37
70	64	86	25	84	23
56	46	23	62	98	47
3	3	3	98	35	18
20	32	12	50	63	16
29	11	82	76	35	71
24	9	24	24	37	57
43	6	51	24	81	22
30	4	13	72	16	64
94	59	81	73	45	97
100	30	64	82	22	22
84	24	24	4	90	24
31	96	82	36	8	71
48	21	97	17	47	38
82	13	73	98	22	55
31	67	18	76	85	55
31	65	42	75	60	71
87	3	6	36	93	64
96	33	82	21	79	20
55	82	9	17	77	68
17	17	8	34	17	33
94	69	81	79	94	69
85	12	3	3	3	4
51	92	34	61	6	76
57	35	98	15	27	75
55	88	8	25	85	69
51	37	6	2	31	40
51	18	59	32	91	47
26	39	61	40	26	26
60	2	30	4	84	21
25	64	15	23	51	84
72	75	51	92	8	85
84	23	54	10	15	17
40	1	1	1	58	17
56	41	38	89	34	97
18	22	12	76	73	93
27	3	98	50	83	77
20	29	61	19	74	81
64	55	33	65	84	19
55	4	4	39	21	4
3	82	3	28	3	51
43	96	48	83	81	18
35	50	35	42	96	35
84	85	91	99	31	24
70	86	85	47	14	66
6	27	27	100	93	27
23	89	10	85	25	63
83	87	70	11	75	61
12	88	10	3	5	44
94	57	72	69	19	60
44	61	11	12	44	61
52	49	69	50	75	5
69	18	30	18	74	18
43	56	7	2	22	94
78	80	46	10	79	74
94	4	32	36	36	36
92	40	31	57	64	84
58	95	70	22	92	73
15	55	47	34	65	71
12	12	12	96	25	31
64	37	80	39	51	50
75	52	94	18	18	44
25	42	62	25	71	25
77	47	56	89	74	12
61	14	38	73	22	62
46	12	46	46	36	3
63	25	11	33	87	60
35	44	49	62	30	14
88	41	97	15	56	53
49	13	59	42	49	49
89	44	92	61	1	91
46	46	97	40	46	38
39	100	59	78	24	53
76	78	38	35	71	60
33	14	5	33	33	97
91	97	37	61	6	82
81	78	96	78	83	74
28	37	74	11	86	72
40	2	67	90	9	86
7	67	18	18	18	21
4	70	35	61	22	73
15	98	56	8	78	77
65	14	14	36	64	14
100	39	62	39	66	39
19	19	17	52	79	19
42	42	4	10	42	17
65	52	5	68	99	40
33	79	23	79	51	8
22	24	39	58	58	39
23	3	12	14	10	5
88	17	92	2	36	55
91	72	15	18	15	15
16	91	31	58	83	99
25	25	25	36	38	82
75	7	23	47	3	55
62	3	11	67	3	3
32	54	32	2	18	29
88	33	93	32	78	83
38	59	53	87	59	100
44	100	33	100	13	66
31	65	99	25	25	25
32	65	9	27	32	32
62	9	22	18	18	18
65	8	8	8	94	72
57	5	45	98	94	74
8	39	27	47	47	43
25	71	29	33	29	94
6	68	30	69	73	28
40	68	40	12	64	12
7	1	7	7	89	61
73	80	48	97	37	37
41	60	41	41	65	70
4	12	91	59	12	12
62	89	56	43	29	43
94	93	47	47	47	14
24	40	40	65	40	32
6	46	75	8	55	36
33	68	63	56	22	60
28	85	66	28	45	28
35	80	24	43	69	41
85	2	23	23	5	23
15	84	15	15	5	2
34	35	88	35	90	35
69	32	69	36	83	36
47	37	37	24	37	25
41	92	58	1	69	60
81	90	82	88	44	79
25	70	25	73	25	66
93	46	13	28	13	54
85	33	18	5	51	93
85	13	8	13	13	38
49	6	76	6	47	6
72	31	63	97	6	58
19	21	44	22	53	62
21	96	19	1	21	21
51	30	67	86	34	19
45	54	52	27	40	29
31	62	3	17	10	42
78	99	93	21	34	40
71	82	65	90	35	61
61	32	96	49	38	83
49	37	37	39	92	37
99	36	36	36	1	56
5	5	59	5	70	94
9	78	99	34	77	63
23	88	87	24	68	30
10	43	43	15	43	6
14	84	40	14	41	14
46	46	7	46	76	100
1	1	66	26	1	94
42	5	97	69	23	7
41	88	93	88	91	10
59	83	12	27	67	41
63	4	60	81	12	35
30	66	33	37	7	38
39	99	61	51	67	48
79	31	31	75	31	4
48	80	98	83	48	79
21	19	35	44	90	25
29	65	11	42	26	57
91	79	18	18	18	73
31	15	31	23	98	93
25	6	85	1	91	57
91	23	52	33	95	91
23	23	47	11	23	71
4	61	5	99	4	4
24	77	24	23	49	24
54	39	76	5	82	22
95	50	30	22	31	75
23	8	18	45	61	46
28	47	91	72	45	61
35	82	35	9	35	15
50	94	61	46	2	41
81	22	35	22	22	67
1	86	27	65	87	68
77	23	26	35	26	26
82	30	45	66	1	16
28	76	86	100	59	35
38	38	89	47	38	71
46	52	30	73	75	33
74	15	15	89	60	78
41	71	41	41	100	80
25	26	2	2	99	2
25	25	32	25	73	86
65	31	7	64	60	87
40	51	40	24	40	30
48	100	81	4	79	62
94	18	4	71	67	48
6	6	22	86	81	6
51	44	37	96	71	46
15	39	93	78	15	15
25	36	26	37	23	82
82	45	45	52	97	45
23	49	23	23	69	24
22	42	79	32	74	80
27	48	25	19	33	81
98	2	70	2	90	2
91	97	13	49	65	10
86	86	100	50	8	32
28	28	2	28	61	13
19	38	92	56	14	8
40	97	26	80	92	7
36	41	84	93	62	53
77	49	30	86	17	21
74	34	86	34	58	20
95	7	32	15	67	13
74	21	21	39	21	45
14	4	4	4	33	56
31	30	78	7	48	1
27	67	28	86	66	54
21	90	99	88	68	89
78	98	100	43	62	46
34	49	34	60	72	34
25	90	71	97	40	18
34	7	65	69	4	2
93	33	92	52	33	27
62	41	87	63	24	61
5	77	83	16	9	96
82	50	69	54	79	2
86	95	34	34	34	73
18	74	89	86	7	56
45	34	1	40	31	60
53	16	78	27	40	36
94	24	24	77	24	87
23	81	66	74	99	54
62	42	41	64	67	63
63	17	69	69	96	28
52	23	71	95	16	39
60	87	15	70	27	12
29	82	2	39	44	83
99	33	98	61	85	10
82	91	40	68	28	94
6	42	42	42	16	23
12	17	55	67	12	12
87	35	66	82	49	13
43	11	11	13	11	94
19	81	90	48	44	39
26	42	46	10	25	70
55	64	60	40	48	25
56	100	36	18	18	18
40	97	1	77	55	44
12	23	22	15	98	88
42	35	35	91	62	10
20	96	55	67	38	16
13	80	23	2	91	82
68	96	64	99	99	4
43	8	1	63	42	44
49	15	70	51	2	62
88	52	6	6	6	99
50	71	83	20	86	43
54	20	47	70	88	83
67	22	25	57	46	94
31	25	10	2	3	36
48	58	48	48	8	53
46	40	37	90	20	20
55	10	50	60	42	7
42	66	77	25	15	48
53	57	63	36	38	61
86	69	36	21	13	33
85	25	36	93	30	87
72	92	1	33	1	1
28	28	87	56	3	28
60	9	60	59	8	96
11	98	48	77	49	97
84	41	41	41	30	90
33	61	68	33	29	33
93	35	73	92	88	21
7	88	91	79	46	86
3	95	58	52	100	11
5	84	2	73	88	74
96	37	30	10	93	78
68	16	99	47	39	75
14	19	32	14	14	4
77	67	12	80	61	67
91	29	33	32	53	77
73	19	50	91	84	26
39	88	54	33	54	86
37	47	94	37	37	96
30	35	50	18	70	98
77	87	28	11	24	62
20	78	20	27	69	19
37	58	37	17	79	37
63	65	37	91	58	24
37	34	76	85	30	7
60	24	83	66	55	82
47	72	47	91	47	59
15	11	100	67	73	28
71	65	43	38	68	37
91	45	29	22	37	41
18	96	18	18	47	14
95	68	37	10	9	12
9	9	26	67	64	31
1	6	24	6	6	75
70	56	76	28	88	25
85	22	41	73	38	87
24	69	36	77	99	6
70	19	91	56	2	50
79	29	31	62	54	80
51	33	48	13	89	11
22	29	29	19	29	58
38	44	92	38	60	38
89	99	61	96	50	99
87	73	92	96	64	9
56	55	83	4	16	100
8	8	99	85	89	3
33	33	88	52	27	3
28	11	27	98	64	15
38	14	18	36	38	38
41	41	5	41	45	25
15	29	58	53	15	15
15	40	48	52	58	45
44	25	41	69	54	12
20	41	95	48	82	29
12	13	70	9	4	97
93	40	37	15	37	37
13	65	15	60	92	62
30	95	94	54	60	17
46	84	47	4	47	21
64	87	55	98	97	64
1	18	1	1	61	97
22	22	93	43	12	22
59	91	4	83	4	4
50	75	50	54	50	45
68	73	28	67	14	55
34	9	53	71	23	71
26	47	86	41	32	76
98	72	58	45	71	62
20	88	61	18	14	53
54	76	29	28	40	24
10	30	75	30	58	30
59	83	35	88	58	77
19	27	19	79	88	19
12	16	14	11	14	14
9	45	81	18	66	98
10	25	4	4	4	60
50	39	86	75	95	21
8	82	46	37	62	61
39	79	93	22	72	56
34	85	72	10	80	55
50	50	50	80	27	68
5	34	34	63	16	75
20	60	18	99	11	36
46	21	40	49	21	21
32	32	74	32	27	51
93	61	91	50	90	46
15	6	15	15	53	19
35	52	90	53	91	97
17	91	17	3	17	30
26	22	26	82	20	26
67	18	14	73	69	48
39	73	39	5	39	71
31	77	12	28	96	41
39	91	39	47	71	39
25	4	41	43	24	78
100	59	75	44	5	25
51	10	92	86	7	69
5	62	15	97	87	47
15	15	29	15	60	21
80	89	95	76	22	21
89	44	32	32	15	32
82	37	60	55	89	81
59	81	6	54	29	5
78	6	52	6	6	47
68	42	10	72	84	98
43	26	47	90	84	69
40	62	42	100	14	24
55	85	89	55	43	4
59	26	58	44	85	72
99	49	89	17	84	75
57	89	91	7	78	71
12	56	48	74	77	87
47	78	43	49	71	69
94	53	42	76	68	94
37	49	95	59	28	82
41	75	72	82	32	31
76	25	84	82	98	67
83	17	17	16	17	88
95	24	96	23	84	85
92	95	10	50	53	44
33	62	56	87	35	51
83	16	31	16	16	6
71	93	54	62	19	69
21	23	94	21	21	68
29	57	84	56	45	36
44	61	31	1	42	82
35	83	47	7	80	61
33	52	90	22	47	35
43	62	10	10	10	19
3	1	95	33	13	49
6	12	79	12	12	7
34	83	87	33	71	49
20	20	20	9	18	49
11	89	22	60	42	84
16	83	63	54	33	3
83	36	36	57	74	36
4	52	58	55	28	80
7	37	57	68	8	32
48	39	99	47	32	86
71	43	63	4	63	99
15	26	72	41	69	16
74	88	61	72	27	20
54	86	23	28	14	24
83	67	72	33	5	21
58	53	43	1	94	28
58	42	48	37	13	42
25	78	78	70	78	2
58	8	32	54	1	54
20	23	25	45	22	79
39	67	32	83	97	63
22	95	24	14	85	24
83	67	47	34	27	17
100	51	89	21	14	24
20	45	36	36	36	84
48	42	2	87	10	29
50	18	44	29	66	75
72	81	96	2	56	75
79	37	67	88	37	37
37	49	76	72	73	75
91	28	62	58	98	92
31	100	5	64	27	35
9	9	98	23	82	9
38	49	66	60	3	68
63	33	58	36	25	3
26	26	26	91	50	4
7	48	48	73	48	74
18	22	1	63	3	39
71	31	24	1	6	40
72	87	51	34	75	49
6	15	28	100	20	64
95	80	76	3	19	87
50	6	86	10	31	90
19	57	10	35	3	99
38	57	38	39	95	38
46	10	29	83	42	49
43	54	24	43	43	56
21	25	21	68	24	21
86	11	49	3	3	83
36	73	51	77	98	28
35	51	18	35	35	48
43	97	72	100	1	58
22	22	82	79	22	86
23	95	89	70	2	46
100	6	51	92	98	96
46	1	50	67	77	66
46	53	35	35	20	35
5	36	37	5	5	59
92	32	66	57	21	1
31	46	46	46	76	91
37	77	86	34	44	23
67	27	35	57	51	84
67	89	2	27	98	8
21	30	7	30	36	30
63	23	87	52	26	24
37	37	40	18	28	37
54	74	19	59	86	96
72	59	78	86	81	66
19	95	62	51	30	98
66	3	6	68	75	12
38	93	52	9	79	27
49	77	88	53	70	55
86	33	33	33	27	95
51	87	37	89	94	71
33	10	12	19	68	21
58	71	30	68	2	80
99	20	40	47	47	47
82	67	41	48	1	55
97	14	10	57	69	62
100	54	15	78	11	2
94	51	38	20	80	86
18	97	14	73	78	71
28	75	54	61	52	26
35	59	35	49	64	35
100	37	93	29	26	60
36	89	36	67	36	16
100	92	92	41	29	18
5	7	23	88	49	95
90	6	46	52	100	35
88	75	67	48	63	87
8	75	6	88	34	25
22	86	95	52	41	6
92	42	84	59	75	77
68	64	36	54	26	87
35	44	35	24	35	99
71	80	15	2	69	52
36	41	36	62	36	78
41	67	52	17	17	17
95	6	43	50	8	2
70	24	55	94	11	81
1	9	69	25	9	86
97	70	54	13	99	71
21	21	92	53	17	24
37	78	2	14	45	4
17	17	82	45	17	4
41	97	22	66	53	59
28	46	70	27	49	91
10	10	36	72	10	77
48	93	66	43	79	85
77	76	38	100	59	9
33	74	2	16	57	48
12	69	50	65	16	7
94	17	52	50	99	16
62	3	4	72	27	9
99	38	41	90	8	7
8	50	8	38	8	63
99	97	52	40	54	58
38	99	71	19	31	99
13	13	98	13	51	6
92	45	45	45	2	55
12	43	14	85	17	83
50	59	96	80	71	7
25	25	52	51	25	15
2	14	45	2	2	47
18	25	88	72	6	8
50	61	86	50	50	21
19	88	22	60	66	17
93	58	24	50	28	55
40	89	62	86	4	65
98	34	25	80	9	67
39	92	70	63	98	61
49	20	6	56	70	43
32	30	17	12	94	89
61	64	48	26	81	23
62	90	1	13	35	85
4	4	4	94	33	53
49	40	75	59	54	92
14	31	88	16	91	47
39	39	39	9	62	65
96	83	70	100	72	95
31	93	1	24	73	35
45	33	10	98	22	72
30	25	96	13	78	78
38	76	70	86	17	46
89	69	49	38	30	77
37	60	52	48	60	60
6	75	70	63	61	94
25	58	28	90	13	37
67	1	83	55	58	36
88	13	27	95	23	52
28	28	9	27	99	28
14	35	75	49	30	65
30	30	6	19	30	44
9	29	63	60	50	20
33	94	1	61	1	1
62	6	16	24	55	23
18	49	22	22	38	22
99	3	22	70	70	61
56	87	87	88	72	94
44	1	34	17	17	17
75	93	82	71	19	60
83	52	95	36	82	40
18	24	39	99	85	50
45	27	46	46	46	17
72	17	40	87	41	19
84	12	91	54	20	38
51	83	24	49	87	17
88	48	10	25	72	61
62	33	50	33	24	33
58	58	4	89	23	98
12	14	14	14	61	49
29	22	90	20	22	22
67	48	45	16	41	96
94	9	67	65	20	26
59	68	15	65	53	78
6	29	54	96	31	67
56	31	71	91	50	14
47	51	41	47	47	64
95	58	38	36	26	80
56	80	25	80	94	15
19	72	98	57	42	100
96	38	93	33	33	33
92	28	28	28	35	23
70	67	16	10	37	17
37	8	15	8	25	8
8	24	30	35	95	38
43	71	69	79	76	62
44	1	1	82	25	2
44	27	75	25	43	32
99	28	10	46	11	39
21	70	79	10	89	22
48	51	74	45	63	41
93	21	41	8	38	73
36	73	92	80	44	96
24	13	44	12	57	71
1	1	83	25	1	33
80	85	46	46	46	75
95	50	52	36	64	51
51	67	11	82	30	49
36	53	57	77	82	4
35	10	27	19	16	29
98	8	62	8	8	64
17	35	74	7	97	54
42	10	68	42	22	42
73	19	66	37	35	14
39	60	52	36	93	69
16	2	7	83	85	88
95	31	12	12	87	49
32	32	63	32	3	95
58	77	97	70	30	9
94	59	99	57	10	94
97	96	13	59	61	24
59	59	69	58	2	53
94	38	28	30	17	34
13	15	80	37	46	38
53	65	65	34	75	27
16	16	26	87	32	36
21	83	69	34	97	27
49	34	65	5	13	81
14	16	49	79	6	84
43	53	28	43	54	43
47	47	7	36	90	47
20	17	36	13	99	33
89	65	76	98	2	35
6	99	82	64	73	23
58	20	55	20	66	20
81	4	61	4	35	4
20	41	9	9	9	94
43	21	43	7	64	97
90	49	11	81	89	21
61	27	93	69	46	95
92	5	79	39	26	34
17	10	84	26	53	18
6	69	55	73	86	25
94	82	37	43	5	71
89	33	62	8	10	51
76	48	11	48	3	48
6	17	17	17	56	84
9	71	63	1	33	15
7	99	89	33	61	88
7	90	3	72	48	100
47	34	34	34	36	77
38	38	73	49	38	83
22	15	22	46	55	22
40	34	40	51	22	40
47	3	47	47	7	64
81	41	84	93	85	61
71	33	98	34	89	35
32	95	4	78	100	75
7	84	2	10	7	7
39	69	48	95	42	31
92	99	47	97	47	47
96	86	44	16	44	44
34	34	66	34	65	89
97	77	58	28	38	6
64	49	49	25	79	49
61	7	86	41	21	41
37	76	95	40	68	75
97	53	30	98	28	27
90	64	41	25	4	67
15	67	42	13	37	21
31	34	76	10	63	84
83	36	30	20	26	21
90	51	42	31	91	6
55	38	24	52	54	27
21	18	33	33	65	33
5	69	40	94	40	40
48	88	20	48	48	23
99	32	25	3	14	5
37	12	76	70	27	99
56	73	89	83	28	18
91	64	9	68	63	8
13	19	9	19	19	71
51	38	10	63	10	10
81	33	31	82	33	33
42	76	42	23	28	42
88	22	37	86	74	44
85	39	41	41	24	56
92	88	46	44	46	46
65	82	4	47	4	4
19	19	19	73	12	24
73	31	59	59	89	67
47	14	92	47	17	99
20	31	7	6	35	100
81	22	37	99	3	67
31	52	90	36	81	45
97	77	92	36	51	74
14	34	24	30	14	14
67	72	66	65	43	41
3	86	75	2	57	51
33	33	78	25	9	33
21	78	31	31	31	56
53	73	15	42	17	32
28	39	62	39	39	74
65	77	98	46	46	46
7	86	87	7	7	10
33	30	59	70	10	2
68	50	14	22	4	33
69	43	48	1	63	85
83	37	10	61	64	52
68	7	27	61	7	7
56	84	61	17	82	86
49	49	67	49	75	38
27	44	16	14	14	14
3	61	95	87	82	63
89	22	83	35	44	94
6	13	10	66	86	66
88	38	65	42	30	82
99	72	1	47	51	8
6	38	22	76	6	76
12	13	15	66	70	49
35	22	7	7	99	7
67	51	22	97	70	17
31	11	31	31	50	93
59	39	58	26	47	32
32	16	79	43	90	83
51	4	11	25	11	11
48	48	85	78	48	61
11	91	72	59	42	46
31	31	10	31	17	93
91	79	50	22	66	83
57	87	90	62	56	34
8	8	9	93	8	49
34	24	24	24	86	93
17	23	92	95	75	33
81	9	48	15	15	15
5	42	35	97	1	44
29	41	87	57	53	20
68	41	76	12	90	46
89	55	18	27	28	90
95	59	29	29	5	29
87	65	12	59	44	22
14	85	46	46	46	2
15	42	22	21	84	44
14	24	98	76	11	99
43	6	43	28	43	84
67	31	32	22	72	79
70	79	23	53	67	40
64	27	88	15	100	100
3	61	43	9	75	37
17	37	36	94	17	17
52	2	13	29	56	83
76	50	32	93	26	3
34	11	17	21	44	71
38	38	38	98	72	65
8	92	86	83	79	43
27	69	67	67	30	29
65	58	88	95	64	49
4	4	12	49	4	80
65	76	10	92	98	34
45	15	2	53	44	19
58	52	99	11	75	36
28	4	98	13	4	4
33	95	36	98	98	99
72	23	21	45	29	10
9	27	37	79	5	51
63	47	77	37	92	54
8	55	20	48	20	20
79	4	22	47	76	54
86	100	62	79	74	71
60	6	5	77	78	47
27	86	29	99	29	29
77	92	95	85	65	34
79	44	82	4	61	19
94	7	35	31	8	51
23	23	72	5	24	23
30	90	68	11	70	48
28	85	79	100	24	52
41	25	8	25	88	25
7	45	33	39	65	98
52	23	23	55	54	23
10	10	14	63	10	78
53	60	9	80	34	50
81	79	77	84	24	50
50	44	50	22	50	33
21	21	90	21	98	100
78	71	9	29	13	75
72	43	10	10	16	10
22	48	36	12	42	71
1	61	34	82	7	79
76	46	49	46	46	98
20	32	55	11	59	98
41	40	72	87	19	83
59	58	88	46	23	96
72	39	80	58	18	60
55	33	33	92	33	15
13	94	60	50	28	22
34	7	86	72	20	91
33	12	29	26	49	55
44	65	55	63	39	85
6	43	2	71	72	70
80	51	34	17	89	5
49	15	52	15	55	15
71	89	79	36	41	80
21	51	89	79	57	70
41	53	1	44	38	56
61	99	3	94	16	6
85	80	98	95	13	1
39	83	36	39	39	94
57	40	18	84	27	15
72	7	57	25	86	88
94	45	78	47	87	62
41	2	41	44	41	33
86	3	39	49	25	39
26	26	26	49	91	33
84	71	91	70	25	83
51	23	69	62	51	38
24	33	26	25	75	3
15	89	15	15	9	14
66	16	30	7	19	30
84	47	34	55	22	97
100	11	11	11	29	45
21	78	34	63	36	43
62	78	45	45	45	49
52	36	54	55	77	19
75	41	66	93	58	84
74	48	57	5	70	72
46	50	25	50	37	50
58	17	17	75	2	17
82	2	13	98	59	35
50	50	14	50	38	22
61	3	19	57	97	8
20	50	20	56	81	20
58	80	52	82	87	76
12	37	47	2	96	3
45	45	97	39	26	54
85	45	67	60	24	91
100	76	97	77	76	51
28	15	91	26	41	55
29	29	22	42	95	23
100	75	47	13	43	56
86	64	57	78	22	62
75	75	84	66	84	91
86	49	91	98	58	41
12	39	86	43	28	37
31	47	23	22	6	58
16	63	16	29	100	16
3	34	35	34	32	51
12	11	12	89	12	55
24	34	75	37	68	57
37	87	53	54	10	73
69	76	54	98	5	27
33	33	33	96	32	8
48	32	5	49	74	76
58	27	11	25	71	34
28	28	19	31	28	27
72	42	51	30	13	17
95	39	83	81	39	39
1	2	97	65	96	51
45	30	86	72	73	65
27	11	79	80	5	88
1	78	43	77	87	98
16	11	94	16	13	9
47	32	12	12	14	12
56	71	76	48	37	43
86	68	29	37	7	88
49	39	21	76	16	85
22	85	23	23	23	14
56	60	83	69	55	67
33	29	49	61	54	19
28	73	59	47	65	63
91	80	15	89	91	91
44	27	73	60	80	69
83	47	16	43	87	93
17	17	13	21	57	17
26	45	32	21	83	30
51	3	64	50	3	35
77	25	98	82	19	61
52	48	58	81	24	47
82	1	33	5	24	32
45	3	20	4	56	72
46	64	35	21	75	1
14	85	26	26	72	26
23	5	78	33	51	100
24	66	4	24	24	81
3	17	27	3	95	89
77	42	69	23	52	97
37	43	81	82	65	85
93	59	53	69	5	79
19	36	86	80	70	60
14	65	14	6	1	14
24	78	44	83	2	5
48	48	26	12	69	48
59	36	92	10	86	67
39	35	7	24	90	17
52	16	8	1	44	71
82	97	18	55	61	6
13	21	21	29	21	55
52	84	97	18	60	92
39	38	71	45	79	14
11	65	80	88	69	54
34	68	12	26	55	100
9	84	82	27	29	23
72	27	38	39	41	28
66	99	55	37	76	19
18	86	26	87	39	7
11	70	11	19	11	44
9	39	37	39	35	39
57	28	62	92	5	64
17	42	17	95	85	17
32	4	4	13	82	4
42	34	75	99	83	22
77	22	78	10	100	52
80	37	73	39	15	15
83	7	63	15	95	9
74	51	62	37	8	11
83	16	85	82	16	16
60	47	70	69	82	78
32	32	7	37	65	32
2	21	69	58	4	17
73	15	32	28	90	77
15	45	84	15	71	15
100	2	35	89	7	49
1	1	1	99	42	46
48	87	37	50	31	87
3	58	88	75	27	22
10	55	74	47	97	76
35	34	36	35	84	35
87	7	39	8	11	25
68	3	80	59	39	71
80	5	67	39	5	5
54	94	50	75	92	44
50	50	46	19	32	50
19	15	15	68	67	15
18	36	37	18	18	65
75	30	87	10	85	39
17	37	39	37	37	60
70	61	44	41	32	35
27	20	8	20	20	58
86	74	34	8	2	53
1	56	36	28	35	18
16	57	49	24	86	65
40	49	40	11	40	23
89	58	64	47	34	79
55	47	3	3	95	3
52	93	55	6	97	62
37	95	2	11	16	97
66	23	53	34	30	55
97	59	33	38	74	17
57	36	47	41	47	47
26	21	18	26	26	62
95	1	48	37	53	87
8	98	16	81	84	91
19	39	52	32	90	52
92	8	57	38	64	95
48	90	91	48	48	62
58	90	93	83	81	38
83	17	5	26	20	36
59	30	52	34	98	80
31	47	85	25	36	69
70	57	78	81	73	40
3	35	77	35	21	48
34	14	14	14	55	2
98	77	98	23	97	78
18	6	23	46	93	93
70	3	41	100	44	73
18	2	1	41	50	89
88	28	28	3	11	28
73	10	10	10	43	1
34	99	89	43	17	47
26	67	58	67	57	71
31	29	31	52	31	87
32	52	98	58	63	45
67	20	13	63	13	13
24	9	82	13	35	69
10	31	32	30	21	39
43	58	43	11	64	43
54	18	99	18	18	15
91	78	85	75	29	52
47	28	17	5	28	28
7	58	69	48	50	10
65	62	86	45	34	6
91	63	26	62	30	69
38	96	50	50	7	50
91	24	54	24	45	24
92	46	52	32	94	91
89	33	83	81	25	22
96	27	88	37	12	13
55	10	72	100	10	10
76	30	97	4	98	12
9	57	13	72	95	32
97	13	86	99	92	3
95	59	35	48	73	21
63	24	54	72	25	87
7	18	51	45	7	7
38	56	87	62	30	9
29	98	14	55	59	18
84	85	29	34	66	19
39	52	67	17	68	80
68	20	33	93	57	61
20	34	97	87	95	96
45	96	83	22	17	49
28	59	15	50	39	72
5	18	86	7	37	85
81	46	65	23	13	13
47	77	41	27	94	97
7	18	16	49	33	59
75	85	70	45	6	62
71	6	6	66	27	6
67	24	23	13	11	22
37	16	5	5	5	3
80	89	52	54	70	23
89	25	66	26	64	37
44	58	92	21	36	66
88	28	16	75	46	2
32	48	8	100	92	49
95	6	76	25	25	25
21	21	21	17	58	47
33	14	61	86	33	33
6	21	55	23	20	87
76	27	72	94	89	66
26	81	60	74	68	82
25	38	90	68	26	35
8	55	43	98	59	70
39	39	59	90	84	39
11	83	50	11	84	27
75	73	35	55	63	16
79	35	37	6	6	6
80	71	6	35	4	81
79	23	26	89	2	49
16	42	76	45	1	23
11	60	38	41	30	96
53	46	5	62	80	37
38	9	90	60	49	33
3	35	84	6	68	69
92	49	77	69	26	25
43	12	13	45	45	45
12	28	8	28	77	28
67	20	46	23	51	8
8	54	52	51	75	20
23	77	32	100	56	80
76	41	23	80	51	9
77	63	78	72	59	29
78	62	73	51	5	89
64	59	58	74	26	37
29	13	31	13	44	13
84	74	27	7	90	31
71	86	82	46	31	44
46	47	13	99	13	7
33	71	9	76	75	5
90	63	68	78	97	83
1	10	18	100	51	57
92	9	5	6	6	6
2	12	53	65	50	46
48	99	20	48	43	67
83	65	58	7	54	82
21	21	60	76	31	21
67	38	7	77	45	92
64	11	65	92	52	62
13	88	24	34	34	34
9	30	27	96	57	61
91	19	38	54	98	88
52	91	50	97	64	1
48	90	47	62	38	61
87	69	75	91	97	15
23	80	22	36	51	48
1	53	42	1	68	1
38	61	96	22	99	3
3	45	71	45	31	45
16	59	10	83	49	85
45	3	28	71	28	28
73	51	34	36	46	93
86	37	19	63	71	85
44	94	46	12	23	67
52	52	37	49	74	15
4	69	18	14	4	4
36	68	97	36	11	36
86	60	75	70	21	54
19	43	63	40	87	94
6	22	22	8	35	22
69	37	94	18	20	29
88	91	86	25	25	92
3	19	23	88	25	83
57	76	68	81	19	50
77	85	55	77	43	40
77	6	6	6	38	54
67	51	52	48	84	8
64	3	3	3	21	67
54	55	4	31	10	98
62	7	11	12	7	7
4	97	98	14	38	11
51	82	68	62	63	98
41	90	36	35	41	41
24	13	95	41	64	86
17	17	17	34	38	72
93	39	46	34	86	66
28	28	17	28	23	61
17	25	99	33	71	39
24	53	32	48	74	19
58	43	22	89	65	24
18	65	74	50	16	75
38	30	37	58	33	24
32	88	74	4	49	61
18	2	10	89	43	90
20	83	3	9	9	9
25	42	39	18	89	66
6	70	22	18	6	64
100	12	78	69	46	52
1	14	19	52	12	12
73	4	15	97	63	58
12	99	16	71	60	70
59	57	9	69	6	77
93	89	24	72	97	86
79	89	92	64	39	55
9	64	51	94	42	18
2	2	89	12	2	94
16	37	71	11	5	95
7	56	56	36	47	18
23	80	96	40	78	57
67	87	66	76	36	63
9	57	7	44	26	67
13	34	52	27	36	55
21	85	61	21	21	51
38	77	62	69	38	38
14	92	58	65	58	70
48	91	27	41	23	60
83	66	91	43	21	34
91	50	14	14	14	7
60	93	54	33	53	31
85	25	69	68	29	40
67	84	78	9	28	6
53	6	90	41	72	61
27	89	38	97	27	84
78	70	5	18	97	39
35	35	6	58	59	89
20	49	20	27	37	35
9	46	64	59	100	75
30	28	74	18	28	28
95	23	36	36	97	55
83	6	52	87	30	64
77	35	67	56	47	35
78	99	79	12	32	29
32	83	26	26	5	26
54	37	45	37	93	37
15	55	2	54	67	28
98	30	37	96	18	18
1	14	22	1	86	1
2	90	67	2	57	2
49	27	49	57	49	19
34	40	76	7	49	84
86	91	82	100	62	16
43	70	39	49	100	35
21	80	12	77	18	92
17	11	79	17	17	55
58	22	22	22	62	41
63	75	82	76	22	64
6	14	22	83	82	22
48	48	72	82	48	39
13	44	13	77	13	9
98	54	82	62	10	13
94	59	92	32	5	37
70	44	65	76	69	64
83	4	79	52	15	72
42	71	82	42	42	11
49	14	34	30	11	48
59	44	18	18	35	93
25	48	73	56	70	66
99	64	33	13	88	73
62	78	14	12	79	32
100	53	86	11	51	11
57	22	27	27	27	30
79	28	2	17	14	25
10	13	59	13	66	13
46	69	62	74	43	43
51	60	92	1	81	98
50	24	24	6	24	65
8	38	98	10	38	38
50	60	48	67	64	37
78	36	15	15	42	15
54	95	44	69	30	18
36	89	50	2	50	50
6	43	20	20	48	20
67	31	39	31	31	52
33	75	8	66	17	43
1	10	56	22	97	98
31	100	70	25	68	26
19	30	1	52	37	78
20	84	20	52	20	56
40	58	44	31	73	15
42	32	32	63	32	18
67	99	57	22	49	64
15	23	20	67	25	46
39	35	39	24	27	39
88	2	2	60	2	82
92	41	63	11	93	51
29	55	81	61	64	85
71	39	43	65	89	55
58	49	83	65	70	3
95	80	53	35	20	71
67	39	45	67	63	4
80	11	63	18	40	85
87	61	25	31	63	27
36	49	20	56	50	66
84	75	35	35	34	35
2	85	76	2	2	55
22	22	92	48	22	81
25	25	25	93	1	69
19	23	37	61	29	34
79	85	83	86	47	33
37	61	5	74	49	71
9	8	21	21	73	21
24	51	48	38	70	92
69	99	30	71	19	71
36	58	79	83	32	57
11	35	42	28	56	86
30	96	44	62	17	54
84	76	32	32	3	65
29	70	72	22	96	38
18	92	38	35	80	3
38	69	38	40	38	15
30	84	53	43	85	92
1	18	68	23	100	46
68	92	63	12	8	74
95	47	59	10	29	3
15	25	64	86	37	12
31	31	83	43	31	30
36	97	73	32	51	41
68	70	44	84	44	44
45	20	45	95	7	45
68	18	41	8	53	63
94	92	2	46	9	97
59	76	98	97	10	47
60	64	44	78	88	91
18	43	24	88	18	18
33	49	23	49	58	49
17	72	16	63	1	56
84	14	90	66	37	74
87	90	39	7	7	7
4	4	41	79	4	100
15	9	59	9	42	91
32	32	41	32	52	1
94	39	53	21	4	60
83	25	24	12	36	94
47	47	53	76	47	93
76	51	58	62	66	35
76	84	91	84	62	43
88	14	20	86	7	75
34	79	100	14	29	36
87	23	20	15	99	68
44	60	70	34	88	3
76	88	43	45	43	55
76	46	55	43	87	83
23	51	81	10	42	67
41	26	41	41	18	19
57	88	57	90	15	30
49	38	90	37	13	67
95	16	1	39	79	69
89	94	5	34	1	80
43	49	12	43	55	81
36	82	32	65	78	27
44	4	54	70	22	39
25	24	23	92	61	90
42	5	5	37	5	63
24	16	34	2	23	98
66	19	30	92	4	81
21	21	21	36	17	57
53	22	64	33	33	33
9	9	53	9	14	13
92	22	9	74	73	94
13	37	92	32	10	30
78	18	80	50	69	56
32	35	59	30	39	96
45	56	68	39	40	39
91	21	76	45	69	66
57	55	82	83	13	62
43	43	99	83	77	43
61	2	44	44	17	78
71	73	32	65	69	64
23	37	21	2	37	37
12	49	49	65	49	14
2	62	10	78	22	4
79	96	23	20	66	54
97	48	22	10	24	52
85	88	66	59	63	14
29	10	48	21	51	61
73	49	11	12	59	43
98	39	52	99	69	80
71	43	74	89	76	73
15	15	58	99	98	15
49	5	23	82	38	55
21	59	21	21	37	31
17	85	96	74	13	68
99	6	51	40	24	16
23	97	26	54	67	66
36	12	24	23	7	31
1	26	65	28	30	28
60	80	3	57	23	88
8	10	36	16	23	46
46	40	5	9	99	96
98	5	97	36	46	39
3	67	89	25	3	3
34	58	48	15	75	28
19	17	17	42	17	28
31	12	17	28	12	12
80	70	74	57	77	82
41	41	49	41	87	38
94	41	23	23	23	22
62	14	2	27	57	65
42	64	41	15	16	61
59	84	96	42	23	23
23	62	86	47	94	49
37	63	37	78	37	55
44	41	36	50	66	81
12	96	12	12	8	10
31	31	71	31	77	21
11	11	95	11	38	1
90	8	9	8	65	8
7	9	47	55	76	85
1	1	89	54	1	78
51	46	67	6	7	79
39	92	68	51	72	51
22	90	75	81	16	8
29	44	25	25	57	25
71	66	40	32	55	91
7	7	77	37	7	16
67	30	3	79	74	8
29	48	45	39	43	60
19	88	57	97	98	91
29	47	27	91	29	29
5	90	22	22	85	84
2	18	4	94	85	38
26	74	62	49	21	41
60	67	62	89	37	88
84	69	34	2	22	64
97	39	21	21	21	66
77	92	78	43	49	37
93	33	1	4	33	33
92	89	7	7	65	65
80	26	16	8	65	90
12	70	12	12	91	30
72	21	34	84	68	35
41	34	44	41	41	67
7	92	83	7	7	2
36	58	28	43	37	95
38	17	81	50	76	94
3	3	32	2	15	3
26	82	36	37	44	46
74	90	79	14	75	47
25	6	37	6	14	28
67	19	72	9	2	13
24	30	7	68	5	48
69	34	17	34	63	34
87	45	22	22	22	80
14	41	41	91	83	41
13	42	75	82	48	33
64	44	87	86	2	17
45	76	45	45	4	25
52	72	97	40	40	40
94	42	22	44	2	35
33	84	16	77	35	4
40	88	96	15	86	79
100	67	100	26	19	89
38	40	38	51	76	38
34	65	30	71	5	31
83	66	38	40	91	73
43	43	86	43	19	16
31	31	5	63	73	32
34	24	97	34	53	34
27	86	32	32	32	81
12	95	97	93	12	12
13	10	84	18	85	57
10	10	10	5	54	14
7	35	93	33	1	76
1	14	91	82	63	56
92	21	31	21	80	20
70	90	10	52	12	14
9	100	65	25	15	68
35	97	95	49	66	17
30	30	57	72	30	42
37	40	65	46	67	34
36	47	27	1	51	23
61	70	40	62	59	55
17	4	17	17	73	9
5	98	4	59	92	48
13	53	13	8	42	13
80	26	86	38	63	46
77	20	24	92	64	22
55	95	60	41	13	79
91	97	10	6	80	44
85	10	44	3	28	61
78	13	97	67	98	34
34	50	25	96	94	94
65	81	13	25	34	53
62	13	14	9	4	34
67	93	25	49	47	10
15	93	15	25	15	54
80	25	12	12	17	12
41	30	94	64	58	14
71	30	51	46	10	16
54	92	94	18	37	12
47	47	98	27	59	47
81	27	93	99	10	42
41	8	35	8	8	9
72	5	29	10	1	24
72	17	19	17	17	14
16	26	37	71	44	85
91	86	35	46	73	60
62	57	98	81	25	40
30	41	81	6	5	97
15	15	40	59	66	67
65	40	40	82	60	40
11	71	33	77	61	78
31	69	71	12	17	57
62	82	40	3	9	5
35	39	75	16	14	41
96	51	82	22	20	26
22	4	97	4	4	76
51	72	21	81	43	74
80	21	33	53	67	97
10	85	85	4	36	62
46	32	74	68	1	54
85	27	5	7	100	71
11	95	7	58	18	39
13	78	94	11	81	57
98	73	45	54	12	22
58	65	40	77	70	11
99	6	8	71	23	57
36	80	68	85	58	80
33	45	64	41	82	18
13	40	24	86	94	33
19	78	50	24	94	48
4	50	15	6	15	15
90	93	24	67	83	25
45	19	92	17	60	22
65	5	31	27	44	22
83	44	43	84	44	44
9	10	32	44	22	96
23	23	23	38	58	1
96	23	56	15	45	3
83	52	13	95	68	21
59	31	56	58	92	49
62	4	78	61	64	57
5	67	70	13	36	76
52	2	95	73	2	2
48	77	71	74	49	29
56	33	42	90	33	33
11	78	91	40	28	24
11	61	100	3	38	18
87	74	42	85	91	31
17	60	15	75	93	13
70	47	53	48	12	98
18	18	18	25	42	75
69	64	84	14	21	58
41	18	71	14	49	8
98	49	46	44	15	85
73	22	25	12	95	17
87	22	8	27	51	83
9	62	14	14	14	26
6	70	87	62	49	1
34	25	34	71	28	34
53	18	13	28	5	11
19	42	57	15	70	86
43	34	19	49	21	87
90	41	42	40	15	38
82	87	94	75	78	35
74	79	64	89	53	12
3	20	1	1	1	63
4	83	5	15	8	47
2	92	7	65	50	84
14	23	56	98	60	83
25	25	25	14	34	59
89	41	41	33	17	41
57	33	66	33	42	33
20	39	82	90	74	14
10	6	63	8	64	52
8	8	8	43	94	99
50	36	54	1	41	45
41	1	88	44	63	94
4	79	93	89	84	4
68	54	41	30	88	23
80	64	5	49	95	87
69	89	67	10	30	14
67	7	76	59	81	76
90	41	41	41	67	10
46	98	14	80	40	83
5	13	1	30	30	88
44	65	18	75	53	10
45	34	61	45	93	45
39	61	55	22	27	54
76	66	65	33	14	7
85	52	71	40	58	20
7	19	47	58	68	51
42	100	91	42	87	42
10	43	93	73	38	32
35	63	81	71	49	98
30	58	46	15	93	93
21	7	7	7	11	32
12	12	12	31	21	11
68	10	48	30	57	81
46	14	47	67	47	84
68	68	88	81	25	87
95	67	53	64	4	3
25	52	63	30	76	97
56	78	18	14	88	6
50	71	87	50	11	50
66	91	31	44	97	79
24	13	13	40	13	80
29	29	82	29	86	67
63	45	56	45	80	45
26	44	19	19	19	51
47	92	61	47	47	94
25	62	48	35	16	82
93	56	32	66	32	4
100	11	11	11	81	54
18	11	11	59	11	98
88	13	64	64	92	26
49	52	8	8	98	8
84	41	56	11	70	10
2	64	29	83	80	94
79	35	43	89	92	40
76	23	82	69	29	54
91	73	71	61	26	50
50	59	26	38	75	89
47	58	85	81	9	44
27	38	80	78	58	38
90	14	30	20	41	34
95	71	11	21	59	66
32	16	32	32	65	44
74	45	45	45	95	60
74	54	40	85	79	4
44	94	61	91	6	24
50	43	29	25	57	12
70	11	13	11	69	11
22	88	13	38	41	75
100	15	83	12	1	79
40	33	85	24	44	24
81	29	82	53	61	31
23	23	42	23	98	66
12	32	32	93	46	32
6	44	84	44	44	81
70	99	84	84	16	56
61	1	1	1	12	58
42	87	45	21	96	64
4	84	5	16	4	4
93	81	82	93	40	83
98	22	78	23	9	61
29	7	98	46	12	74
95	78	78	40	78	8
47	18	76	6	11	60
62	47	47	23	89	39
46	49	62	84	88	22
43	96	57	63	70	34
48	74	8	22	97	21
14	73	59	48	29	89
24	79	22	16	5	30
61	32	9	32	32	45
48	48	8	48	83	7
40	26	28	23	62	25
99	42	60	80	20	14
98	25	77	25	27	25
85	53	94	66	80	21
19	96	14	73	85	7
43	45	33	19	9	70
30	93	48	27	21	49
6	32	78	29	96	94
75	71	33	23	71	6
44	100	80	59	44	44
88	21	68	78	74	6
73	95	34	34	34	23
6	7	10	17	46	8
17	91	52	52	50	88
69	31	96	63	14	31
6	15	50	45	50	50
23	27	63	38	95	30
16	76	74	21	61	38
65	84	78	78	54	20
8	49	72	89	47	31
42	42	97	78	21	42
24	24	31	71	24	38
28	5	92	47	64	88
59	45	25	95	11	89
57	33	33	33	1	65
60	27	54	4	27	27
72	6	99	48	40	48
1	27	78	18	38	66
60	13	19	30	69	72
100	35	35	91	35	29
14	61	6	30	14	14
84	17	92	47	51	93
6	85	6	43	9	6
38	60	39	12	22	88
89	11	77	91	47	53
91	34	98	75	10	90
24	67	96	62	21	3
61	64	10	83	29	7
95	47	55	74	99	63
7	31	11	52	72	22
35	70	35	7	81	35
41	23	77	23	60	8
43	18	24	13	3	21
85	31	36	47	80	45
32	32	26	32	60	50
90	100	3	26	24	42
53	71	68	44	27	92
46	72	19	76	20	21
94	14	54	64	43	75
6	52	6	67	6	58
66	4	77	56	70	87
95	22	60	79	76	89
75	86	86	45	86	69
49	3	13	3	3	52
29	66	22	48	67	68
29	82	72	45	30	96
34	76	39	14	39	20
62	47	11	2	7	65
94	65	39	74	52	98
28	77	97	98	15	62
23	17	7	54	9	83
9	35	35	7	35	63
49	4	74	23	99	76
8	8	8	42	100	62
76	33	3	12	38	50
29	11	26	79	29	29
83	78	69	37	85	14
64	7	10	95	65	8
21	97	38	19	2	82
73	45	45	45	33	71
48	48	80	37	84	48
77	6	94	10	63	42
92	91	95	52	39	25
24	9	40	73	66	91
13	92	74	83	29	2
11	58	25	25	17	25
37	40	83	71	74	16
6	26	27	60	15	9
93	86	58	46	57	7
45	7	28	67	70	95
85	93	43	2	11	55
53	72	51	41	34	96
25	95	45	88	46	66
83	75	63	82	95	64
27	41	33	14	71	75
76	41	58	10	7	37
6	44	6	60	6	76
62	78	77	68	26	18
97	50	50	50	26	14
41	41	27	41	92	43
12	37	89	47	49	76
67	57	1	49	84	80
55	39	90	48	88	46
24	24	24	23	85	15
65	53	78	71	88	22
87	15	100	46	52	96
94	97	55	1	71	100
34	5	41	41	48	41
5	13	59	28	91	47
28	20	46	46	85	46
23	22	56	86	43	63
43	45	94	41	59	97
35	21	79	43	8	5
46	16	78	69	72	99
23	42	77	39	75	63
48	57	97	27	27	27
90	67	40	71	17	60
4	10	82	46	93	61
35	5	5	41	33	5
7	83	18	18	93	18
44	64	44	44	26	81
4	16	47	100	75	33
5	30	11	11	73	27
13	39	7	15	17	39
19	57	81	5	5	5
24	19	29	22	5	97
15	40	97	4	84	44
45	60	68	7	36	14
40	1	41	76	41	100
37	37	24	36	95	37
78	100	23	73	53	72
38	30	29	48	32	64
4	69	52	50	62	9
27	27	27	55	7	96
85	44	37	12	88	55
71	31	28	76	14	29
18	21	18	93	2	18
55	23	81	27	24	67
14	14	31	74	89	14
71	53	21	27	91	1
22	17	20	11	73	36
27	90	73	67	88	55
79	57	42	69	86	38
79	68	69	40	39	30
6	12	45	20	20	20
19	75	3	15	15	15
99	70	90	73	69	77
27	98	37	100	41	2
89	39	21	66	30	40
98	52	40	29	34	40
59	27	31	31	31	53
1	61	53	95	80	65
41	33	17	97	16	23
12	32	71	79	35	41
79	51	32	10	20	74
97	21	97	71	63	12
4	16	38	4	4	50
79	63	48	86	40	22
59	57	25	13	18	53
52	47	17	57	47	47
23	69	51	35	33	29
77	4	35	26	76	64
85	57	2	90	38	8
67	53	23	9	22	22
85	80	31	35	26	61
41	89	96	39	39	39
62	14	57	6	63	2
2	42	37	16	62	35
24	89	24	87	24	70
20	4	4	91	11	4
15	87	23	84	46	58
5	53	92	72	97	40
65	54	94	90	19	39
22	92	80	22	22	53
78	90	96	8	27	24
61	34	73	11	3	60
45	38	45	45	39	35
5	12	44	5	100	5
75	70	16	83	42	93
3	1	28	17	71	95
90	5	37	40	59	88
19	71	39	59	39	15
44	47	81	36	10	71
9	36	40	9	9	64
13	13	1	38	13	74
17	94	61	53	79	53
4	51	33	4	4	61
9	26	21	26	26	36
48	48	4	48	90	71
27	79	30	23	25	49
24	79	88	70	29	84
90	60	43	17	100	40
80	68	48	8	11	99
6	6	5	6	24	87
11	84	19	81	19	19
44	44	57	53	86	44
70	5	27	5	64	5
43	43	43	76	50	26
4	98	89	75	27	64
41	89	79	13	13	13
59	87	14	13	13	31
100	9	84	57	87	60
88	10	73	45	2	44
19	82	9	80	47	63
18	41	27	18	83	18
39	12	76	12	12	63
7	32	83	66	88	34
55	67	100	50	4	16
33	94	33	47	33	40
54	51	96	92	99	89
41	41	30	85	66	41
81	48	48	77	85	48
49	59	24	97	4	86
20	10	58	68	20	20
40	22	22	70	43	22
67	29	42	29	29	97
9	4	51	20	9	54
75	33	59	93	72	58
10	49	11	95	8	26
2	2	71	2	20	86
31	31	5	75	31	99
8	75	27	79	62	65
45	10	51	1	33	90
22	22	72	4	22	3
98	71	53	100	40	100
73	33	7	90	51	60
68	88	77	46	23	21
9	71	97	29	57	44
35	71	62	48	61	29
94	78	65	53	36	61
21	39	21	21	14	50
65	37	52	37	37	36
63	45	66	88	68	15
17	60	41	37	9	88
71	20	27	62	83	56
3	3	9	3	78	7
14	67	18	26	47	35
14	93	48	72	37	37
89	12	75	19	60	72
66	53	34	54	34	34
35	74	26	52	28	95
33	12	12	100	78	57
1	44	100	4	9	70
59	86	32	52	94	61
25	86	25	92	52	25
17	20	91	2	92	14
42	49	73	90	49	33
53	73	47	94	85	67
68	50	80	98	19	73
94	28	44	78	37	6
50	72	87	81	96	45
57	63	97	38	50	76
42	43	15	79	20	8
62	31	75	28	74	15
25	4	28	25	85	25
2	49	85	24	50	86
13	23	72	85	55	54
80	82	94	50	70	56
23	38	13	21	87	11
57	34	32	77	9	96
61	2	32	4	32	32
93	73	12	20	80	14
77	2	16	18	38	2
36	84	12	16	13	5
76	76	69	99	19	67
20	49	90	60	5	39
93	26	36	21	32	63
72	13	3	13	20	13
63	81	22	35	69	58
30	13	30	30	41	24
16	61	13	45	43	62
100	7	7	25	26	11
75	91	23	90	45	21
11	11	47	43	11	29
63	44	46	92	13	94
35	1	13	49	91	67
32	15	14	92	32	20
59	22	50	16	95	64
90	18	53	36	91	90
30	42	81	2	40	72
23	1	66	35	99	84
41	11	95	67	100	27
96	67	95	29	53	16
37	71	50	76	12	53
77	72	79	46	43	12
93	10	29	29	6	29
61	63	14	77	36	43
48	77	58	86	29	84
75	35	2	8	28	63
90	50	25	55	9	58
12	25	91	49	11	80
81	80	15	61	25	88
31	77	5	31	52	31
94	86	9	53	51	14
8	8	23	8	17	85
89	60	29	83	32	64
42	2	74	77	90	21
25	25	25	91	17	70
97	30	88	82	20	92
7	80	100	76	18	58
79	88	11	50	95	37
33	16	97	20	47	48
55	5	27	21	5	5
1	40	1	68	26	83
16	7	33	40	73	76
99	90	91	66	14	5
44	30	42	42	42	27
70	58	82	25	65	87
14	59	37	58	59	64
28	19	8	35	35	35
68	50	14	74	34	88
8	8	89	40	60	8
2	75	2	2	78	59
3	42	83	84	7	61
60	7	72	32	20	62
12	81	49	93	37	80
76	65	97	94	52	64
32	76	29	57	47	50
24	37	40	87	40	46
57	57	54	99	78	42
77	61	40	42	2	40
35	49	3	8	38	61
97	8	87	87	32	29
90	27	78	27	11	27
22	26	19	61	19	19
12	12	12	83	10	88
47	29	47	47	9	44
67	86	34	68	23	91
56	10	68	40	40	40
43	17	76	97	36	28
44	12	12	28	12	31
32	21	37	21	21	6
10	50	56	15	38	58
21	76	18	21	65	21
16	9	71	11	68	44
51	70	2	57	14	47
86	3	28	26	36	69
68	77	6	6	42	6
3	46	46	61	46	36
17	57	17	94	17	24
61	89	41	59	41	41
26	26	20	10	8	83
82	5	33	40	76	78
13	20	24	22	93	8
100	6	45	7	80	7
17	58	24	19	7	44
67	20	32	85	42	57
5	54	99	34	81	20
1	45	2	74	71	94
20	87	49	43	73	46
35	74	25	46	1	67
33	31	99	15	15	15
18	47	26	42	65	39
2	2	61	38	21	70
53	14	7	34	34	25
39	95	3	23	89	80
1	65	31	41	67	88
30	30	70	30	51	40
37	62	21	91	21	21
19	46	19	61	41	19
27	27	37	55	27	93
89	16	85	88	27	27
27	82	66	20	98	4
99	31	31	31	87	46
25	20	30	30	52	30
27	7	43	14	13	86
37	73	93	78	57	34
7	35	27	75	23	22
86	87	14	98	34	22
2	46	2	42	2	31
17	36	15	17	17	61
22	31	31	39	4	31
3	95	21	49	18	59
11	38	11	11	53	78
44	65	46	3	22	70
28	28	59	23	51	28
6	53	76	33	80	90
42	95	2	42	70	42
43	92	46	99	74	25
90	70	52	76	33	62
89	33	2	39	27	82
80	19	66	39	71	12
88	18	70	27	40	1
39	25	61	25	25	74
99	5	46	33	90	25
32	53	6	17	79	28
29	60	60	81	78	69
77	63	29	47	49	91
28	24	9	23	14	69
87	97	37	58	59	91
21	29	25	66	93	97
64	81	11	32	7	73
55	100	23	92	46	83
29	75	94	7	61	89
98	90	21	73	52	61
1	63	68	42	77	67
60	33	33	37	33	59
4	27	27	27	78	12
32	59	8	43	89	86
23	64	48	97	23	23
29	91	59	14	54	22
4	73	57	38	69	34
8	77	9	22	76	41
76	14	66	38	40	4
54	34	83	40	67	22
1	87	91	95	34	45
77	80	53	12	36	48
10	18	85	83	28	54
84	83	13	24	72	90
88	88	83	34	45	45
21	7	62	61	29	5
77	86	87	75	24	89
95	6	6	6	53	97
27	11	77	11	57	11
92	14	5	11	54	16
1	4	76	78	43	29
54	70	36	22	3	11
97	100	21	37	60	80
52	77	80	61	91	71
88	19	10	66	25	11
86	56	11	36	55	89
38	29	63	45	51	7
90	58	93	20	69	55
29	73	80	71	94	82
4	31	21	90	63	87
95	55	7	83	19	86
26	51	61	88	5	94
53	19	31	31	31	48
44	79	58	91	59	44
44	50	49	95	21	59
26	2	24	52	29	70
92	40	41	41	41	78
67	29	44	2	1	16
90	33	68	27	86	59
97	78	26	72	21	29
62	12	93	99	40	4
11	28	21	74	28	97
62	38	72	15	79	24
22	79	53	96	69	90
70	11	82	16	29	8
67	19	44	97	14	19
14	36	15	97	95	72
90	25	91	25	79	25
46	46	29	52	46	32
24	19	46	55	39	1
39	72	82	74	1	50
70	80	46	36	95	86
38	48	99	30	78	45
93	39	80	37	72	19
11	38	90	60	57	1
93	2	9	59	83	52
16	58	14	14	9	14
95	48	32	63	62	36
100	95	45	96	38	33
50	5	7	80	7	7
48	76	1	29	8	87
44	98	33	49	98	98
91	69	77	32	85	3
80	39	72	89	86	32
51	8	8	8	32	78
17	38	57	17	17	26
69	78	8	77	96	93
56	87	18	64	1	25
21	26	24	75	72	29
57	52	20	5	17	84
55	43	61	93	66	75
100	85	91	21	28	49
23	75	37	82	91	86
8	34	8	66	71	8
44	44	24	86	44	66
44	95	49	14	14	14
8	74	12	82	22	1
57	82	38	73	50	87
16	87	55	97	22	21
18	52	27	97	51	78
21	10	40	33	7	84
10	78	39	42	59	72
46	49	3	21	1	39
27	73	94	38	17	17
79	49	26	70	28	94
41	31	14	70	30	74
20	18	6	20	20	71
41	31	21	21	21	19
42	29	97	79	3	29
82	24	92	20	92	36
99	20	29	4	64	45
43	12	77	77	91	68
47	10	12	80	30	29
81	13	21	89	18	100
35	5	33	16	94	28
34	52	49	34	34	81
46	46	57	15	46	89
27	27	34	27	83	88
87	80	39	88	57	46
77	35	35	25	24	35
5	96	78	48	43	54
88	82	53	66	46	3
98	88	17	37	14	13
9	31	9	6	19	52
34	10	34	34	48	80
34	53	16	100	15	3
15	37	35	76	31	99
18	34	48	71	59	77
80	6	81	56	60	67
5	30	31	36	54	74
67	96	12	47	72	31
21	99	21	26	50	21
98	71	54	58	79	37
53	83	19	76	13	68
6	6	40	84	6	41
78	60	49	49	49	31
27	37	13	55	4	57
100	46	47	53	60	29
43	63	64	56	89	74
81	96	68	55	91	76
72	42	85	21	25	95
38	60	9	60	43	9
62	40	39	5	3	10
54	21	71	54	34	52
32	32	77	18	83	32
38	34	69	50	26	73
99	55	37	87	84	8
72	47	48	40	100	72
55	42	18	7	4	94
36	26	84	94	98	28
36	47	42	36	38	91
3	35	46	57	68	89
43	56	21	78	68	77
3	80	45	71	68	56
96	97	20	65	36	74
18	4	1	59	52	97
29	45	25	1	26	71
80	17	17	17	59	14
42	9	19	12	19	19
38	19	31	89	31	31
4	46	66	67	5	19
45	42	42	89	42	7
34	17	37	17	17	32
92	70	9	2	13	93
30	20	38	20	79	20
3	10	10	10	41	27
36	38	38	29	38	14
61	59	44	44	36	89
49	18	90	18	18	9
74	8	96	36	44	60
16	75	72	9	24	88
8	80	98	13	54	99
97	46	99	80	66	64
97	17	78	55	91	76
66	66	64	9	70	39
81	23	30	86	16	29
55	49	9	32	3	14
37	14	57	62	65	63
35	81	39	39	39	27
10	91	93	10	10	69
8	8	84	41	48	8
44	33	56	92	33	33
24	55	59	11	76	30
24	99	98	8	22	9
50	54	46	77	5	18
12	65	83	56	22	28
15	21	64	43	47	39
64	35	1	47	71	82
59	49	71	68	7	2
42	95	31	3	61	9
92	82	4	17	99	73
74	92	6	10	27	100
18	18	3	72	18	37
21	87	77	78	64	3
7	77	31	43	45	14
59	83	80	49	35	52
38	80	76	70	42	98
34	95	19	35	27	45
13	39	50	71	49	79
59	37	37	45	23	98
11	19	62	60	44	57
8	70	43	77	81	38
9	61	51	33	27	13
37	37	4	75	41	37
9	46	46	46	71	41
35	21	29	10	41	79
96	67	37	64	77	46
89	63	9	5	46	56
69	13	63	89	31	27
18	18	88	81	24	18
97	92	81	70	68	1
41	6	66	10	52	64
20	81	97	7	20	20
92	24	77	17	70	42
29	34	34	14	34	38
98	82	18	67	86	47
92	39	88	82	71	1
31	59	31	31	25	60
86	2	3	15	48	47
23	32	23	79	19	23
98	30	8	31	71	7
32	32	75	92	83	17
5	17	66	48	5	5
45	37	19	53	11	58
75	29	23	53	32	41
86	61	10	84	85	9
20	19	20	20	84	5
2	12	12	53	42	12
44	10	88	50	58	78
13	24	13	13	2	64
86	14	38	98	38	38
42	42	84	6	23	42
96	90	42	50	2	59
21	11	10	21	21	81
52	66	9	44	80	43
28	90	8	55	43	57
61	67	6	60	14	84
13	23	49	92	30	55
34	11	1	35	64	50
17	39	34	34	34	1
50	47	67	94	98	43
49	37	20	65	74	81
17	40	77	82	19	2
27	27	73	27	59	89
6	43	65	8	58	78
24	48	83	48	48	16
39	39	39	88	99	93
19	80	70	93	39	84
65	73	20	84	86	47
40	10	49	69	83	64
21	8	8	8	89	58
85	14	40	72	14	14
19	12	12	12	76	33
36	69	53	21	43	75
94	74	47	47	47	89
81	71	60	74	3	42
9	7	9	68	65	9
42	17	20	73	71	40
42	68	3	31	54	29
6	48	19	6	49	6
68	42	53	47	62	98
92	47	79	48	2	2
60	67	65	9	99	19
77	100	48	24	63	8
31	42	55	58	34	36
43	25	39	39	83	7
61	18	35	23	97	9
10	88	65	18	100	82
41	29	3	29	13	29
41	68	73	85	88	63
30	30	12	66	30	43
18	59	86	76	1	77
10	57	16	58	45	87
95	87	1	14	58	77
77	85	40	94	40	40
28	33	33	33	93	32
33	98	21	59	71	36
48	45	55	41	75	89
95	23	100	19	86	22
12	47	73	19	25	7
53	42	24	83	59	77
67	5	83	5	5	80
47	95	15	93	19	61
61	49	86	79	79	4
6	29	87	44	98	72
32	66	32	27	32	7
8	8	60	8	25	6
7	2	7	7	74	8
9	3	21	57	86	37
52	17	75	82	94	37
13	59	13	13	10	83
66	29	84	22	84	8
67	89	43	29	88	45
66	97	95	52	39	57
45	45	18	42	78	45
85	22	4	22	22	68
4	35	9	78	55	16
78	79	87	37	9	86
93	68	4	77	99	31
68	18	2	45	95	40
69	51	85	41	58	21
53	26	15	77	67	96
49	15	62	48	54	45
14	55	4	82	58	29
74	29	13	29	29	100
65	1	9	1	1	25
92	29	98	1	85	82
8	67	53	17	60	52
94	18	50	18	18	41
22	72	66	10	46	77
81	39	30	98	35	93
32	51	35	30	84	69
34	33	33	33	100	97
93	54	92	19	14	78
91	31	3	37	66	40
29	29	32	95	29	53
35	17	35	27	94	37
32	74	70	5	63	40
49	89	49	49	99	71
90	69	77	43	66	28
35	16	16	81	41	25
33	14	43	33	15	33
29	7	6	70	3	15
8	37	8	56	8	48
98	10	54	80	32	83
23	47	41	55	47	47
37	37	76	4	6	37
93	77	82	22	36	54
35	18	58	54	30	33
33	10	13	9	57	68
29	47	41	47	28	47
81	16	73	61	8	51
72	21	6	13	89	62
40	16	89	14	14	14
19	52	52	23	81	9
64	17	77	45	42	65
2	2	2	29	35	39
96	18	28	99	17	8
75	26	26	44	26	43
38	10	90	71	4	73
84	57	31	48	70	38
29	92	18	42	81	77
56	36	91	97	38	18
30	17	75	17	69	17
17	96	3	63	16	37
91	19	48	1	26	80
78	2	67	34	1	36
54	49	32	32	22	32
11	16	22	95	10	23
61	20	46	61	20	95
96	77	58	33	8	39
43	28	7	87	7	7
78	1	89	31	46	28
12	82	34	61	26	51
2	69	2	37	2	99
96	25	39	25	85	25
51	70	9	95	60	73
17	5	78	62	43	39
80	43	76	43	43	47
48	46	34	48	52	48
9	9	39	53	49	9
55	80	59	24	80	96
20	7	99	7	7	93
89	6	16	55	98	63
1	83	20	10	39	53
63	92	93	39	39	39
30	14	81	89	25	39
7	93	49	16	28	81
24	37	94	49	54	76
79	14	36	22	29	59
97	90	39	84	8	59
44	88	41	62	87	69
15	64	41	9	57	38
47	88	25	13	11	38
44	10	80	22	26	76
44	46	73	30	46	46
12	62	25	38	50	45
82	38	32	32	32	29
49	15	66	49	49	39
72	100	2	4	2	2
63	12	70	98	69	46
58	51	53	30	57	35
11	84	87	9	28	81
27	100	87	79	1	77
2	74	89	88	31	63
36	58	22	36	65	36
32	58	45	17	58	66
44	96	84	27	69	69
49	90	12	56	13	3
62	32	35	78	32	32
8	92	100	44	98	67
66	83	68	94	17	5
47	45	14	6	31	17
11	50	12	78	85	46
53	56	75	36	66	67
43	57	55	47	87	9
7	45	36	61	56	55
94	89	24	30	94	97
32	13	13	13	7	66
27	97	20	88	6	22
77	98	49	84	41	42
40	29	15	6	47	77
3	25	25	40	25	47
38	39	22	22	22	6
59	32	29	83	35	3
6	94	22	55	18	84
92	30	33	47	47	47
30	59	81	67	49	94
51	86	95	79	7	36
10	5	99	97	46	68
9	76	95	45	87	66
51	99	23	92	23	23
9	5	49	97	5	5
75	19	13	3	13	13
71	1	5	73	94	90
6	19	93	9	6	6
62	83	90	36	92	12
15	35	58	77	18	15
69	23	37	29	33	14
12	41	71	41	47	41
39	72	18	46	81	44
39	92	93	97	40	80
49	49	24	45	49	74
7	95	84	57	44	17
50	50	38	50	78	46
33	33	88	9	33	36
67	47	31	29	54	69
40	35	35	69	35	80
50	45	19	25	19	19
66	23	60	11	98	32
25	60	61	45	48	23
30	10	56	73	19	53
2	58	44	2	69	2
12	16	38	40	16	16
98	45	71	57	22	45
51	72	46	36	75	67
4	45	99	67	2	76
12	10	53	60	48	100
23	94	15	35	58	97
83	44	73	26	58	80
96	90	99	88	21	52
52	4	40	4	90	4
8	79	25	2	33	91
79	76	6	26	6	6
73	18	8	69	50	78
46	4	37	96	26	53
45	85	38	79	32	29
57	2	2	67	2	75
94	26	41	96	90	56
14	4	64	4	4	96
82	11	55	73	73	7
90	86	37	58	89	17
40	96	13	73	42	99
8	5	59	58	99	69
11	73	72	67	31	49
5	51	73	11	39	25
94	14	46	74	51	88
53	23	20	7	97	1
33	78	40	77	80	10
20	37	40	67	17	41
63	57	30	25	50	7
91	74	27	31	10	81
71	47	47	80	53	47
91	51	97	53	95	33
21	7	21	39	21	18
20	44	39	27	56	32
35	8	93	74	8	8
9	46	55	91	17	63
73	1	8	11	11	11
69	39	86	81	39	39
55	6	20	3	54	42
10	72	71	92	20	82
64	2	28	49	4	58
52	42	52	3	59	38
46	36	36	48	71	36
70	61	23	57	91	11
49	47	49	49	67	82
21	46	85	2	89	99
60	18	35	86	35	35
25	9	4	33	63	17
26	19	65	49	38	31
70	23	39	100	10	23
34	27	51	46	91	45
37	67	16	65	4	7
30	5	48	64	89	18
16	3	6	18	35	18
43	39	52	39	66	39
41	46	59	65	80	35
17	39	1	1	1	20
28	20	29	99	63	75
45	51	82	45	45	5
99	11	77	74	1	35
44	33	33	48	85	33
45	10	16	59	61	47
1	13	15	57	86	69
35	35	35	91	70	23
7	2	71	25	45	22
5	24	78	10	58	47
22	25	13	22	76	22
10	23	24	50	42	67
22	22	2	83	90	39
81	80	63	5	91	13
25	18	64	69	32	4
83	84	52	20	78	8
13	45	12	26	26	26
32	47	2	56	89	52
100	80	43	53	90	18
46	49	90	8	50	21
14	39	64	47	25	25
19	23	67	35	96	40
19	19	16	77	33	19
40	49	45	40	40	23
97	91	1	42	51	48
17	34	17	20	94	17
77	69	72	43	22	99
27	53	90	10	10	10
94	83	88	81	89	26
61	33	30	72	27	96
26	32	42	92	36	28
35	35	100	36	35	50
48	33	90	76	17	53
83	59	16	18	16	16
41	95	41	26	28	41
36	9	9	14	9	82
66	5	47	50	16	57
13	80	37	24	32	26
32	38	18	14	78	54
95	11	81	55	37	37
97	11	11	11	15	2
94	76	97	64	14	13
77	82	23	79	68	39
68	74	99	30	70	68
78	27	13	54	82	81
76	87	95	88	59	14
20	2	55	36	14	92
57	97	53	12	84	87
84	35	14	4	64	36
74	50	14	22	80	55
4	41	45	55	71	39
74	3	30	30	30	82
31	7	33	46	38	57
66	70	22	75	56	9
7	16	99	29	12	50
28	29	65	96	70	37
33	82	30	22	40	43
79	27	23	51	57	69
71	32	39	68	9	27
50	71	59	95	50	50
29	36	30	63	90	26
9	48	9	65	9	3
72	85	81	21	34	26
47	62	60	88	21	4
80	44	26	79	100	17
51	76	75	29	38	32
2	41	49	86	59	69
73	30	45	15	20	44
73	22	48	48	48	49
34	12	33	95	20	31
35	78	25	84	58	63
8	8	96	53	2	8
51	72	17	17	25	17
80	28	30	54	55	49
22	22	67	83	98	22
37	87	26	91	48	38
6	53	92	70	6	6
67	25	34	51	70	30
62	24	55	33	60	8
16	21	83	95	94	23
71	66	37	45	80	92
27	16	15	51	27	27
56	37	91	19	14	53
95	86	38	31	38	38
2	56	42	2	21	2
36	52	30	27	68	80
79	26	16	99	75	56
25	36	18	59	31	15
88	48	90	28	98	90
66	98	56	26	50	32
33	92	38	48	83	30
24	5	90	89	89	91
18	18	23	45	18	24
19	16	33	16	16	43
42	10	96	54	66	72
93	29	29	29	35	4
72	94	16	49	79	45
46	38	71	36	94	90
58	38	73	91	49	17
27	66	27	39	44	37
45	3	53	1	3	33
36	39	1	63	39	39
79	7	36	98	63	31
32	18	46	75	8	19
78	16	49	20	82	63
19	66	94	21	81	5
62	49	15	71	99	66
71	33	37	33	66	33
85	8	87	79	12	25
67	26	26	26	50	9
18	49	69	63	63	30
88	3	65	3	91	3
56	82	79	87	61	39
7	57	49	89	92	9
14	29	59	87	30	80
41	11	64	41	41	97
81	42	50	71	9	35
24	19	57	36	87	20
73	60	44	11	11	11
72	6	17	59	88	76
32	92	32	50	54	96
18	26	71	18	18	32
20	41	21	100	85	70
87	64	88	70	41	64
60	69	35	48	18	49
87	57	100	11	13	43
51	67	70	28	68	86
51	69	36	21	22	72
20	98	53	14	80	51
34	73	19	8	19	19
91	43	6	56	80	67
29	13	13	64	24	13
50	24	64	97	46	17
80	50	56	50	50	21
58	77	32	2	6	90
87	48	11	2	7	21
91	21	84	32	12	68
39	10	32	73	20	66
40	29	15	23	70	31
98	81	4	77	96	4
86	30	80	28	19	34
41	60	56	41	40	32
32	47	6	9	76	81
18	98	26	95	66	71
84	75	29	29	7	76
27	83	27	11	63	27
15	15	46	67	59	15
44	44	38	44	23	21
42	9	58	9	9	31
49	49	49	20	72	100
30	30	30	40	78	36
10	87	32	13	60	42
4	15	38	46	94	74
86	69	68	34	99	72
23	64	23	43	23	66
7	86	82	57	12	46
64	87	3	56	41	50
87	52	17	33	30	9
100	1	4	21	98	4
37	1	8	1	97	99
8	47	16	27	20	7
6	69	11	38	97	82
91	30	96	87	28	4
3	90	98	25	91	75
73	3	89	48	10	33
91	25	84	55	82	97
49	92	83	20	49	49
66	84	26	52	32	62
100	35	16	97	16	86
79	24	61	69	50	3
31	39	24	46	96	17
41	4	19	4	24	4
82	50	83	63	78	42
35	78	6	22	37	60
17	67	10	45	27	78
40	7	40	58	40	45
11	2	16	69	14	68
29	67	29	77	8	29
35	91	47	84	62	76
93	7	84	30	82	90
78	63	97	30	38	58
87	66	69	13	59	36
1	62	5	5	15	5
58	84	89	33	33	33
51	47	45	44	92	55
11	74	49	24	62	43
1	17	75	31	8	69
7	91	93	13	84	23
36	13	95	84	29	21
36	52	60	48	54	72
52	9	93	9	57	9
6	29	98	87	98	38
67	20	9	81	47	81
44	2	2	77	2	33
99	49	91	34	32	99
98	54	44	97	15	19
93	46	16	46	94	46
1	92	57	44	51	1
78	67	1	38	29	72
36	28	62	55	27	16
7	51	88	60	100	84
35	40	81	45	74	59
4	88	68	86	59	69
63	91	50	96	46	89
4	4	27	3	1	4
47	47	19	63	7	47
42	50	1	41	50	50
40	48	40	57	40	19
41	41	42	51	41	59
7	7	69	7	12	84
34	42	24	58	24	87
41	74	5	61	15	99
92	28	6	47	63	30
31	77	17	58	76	46
11	11	99	57	17	11
32	50	14	97	18	87
7	94	7	7	78	30
88	23	70	37	19	92
84	24	79	45	45	45
89	47	70	66	24	71
30	77	9	10	58	46
35	93	55	63	8	44
49	88	49	74	49	84
21	51	57	63	66	47
31	24	14	18	22	1
55	70	95	86	98	80
37	35	50	37	37	100
14	72	3	19	14	14
3	39	67	66	32	31
73	58	71	19	55	32
81	28	72	6	43	42
46	30	56	49	31	3
88	89	68	57	55	34
33	73	43	4	81	30
14	39	2	14	64	14
62	58	12	37	89	19
37	42	37	16	37	64
56	2	31	70	51	26
76	2	35	46	89	44
22	5	24	8	54	79
29	54	16	57	90	37
70	66	53	82	18	55
96	42	54	65	23	89
19	17	50	42	96	79
93	43	37	68	67	21
63	53	93	40	27	12
56	3	15	62	8	62
34	55	34	34	71	89
19	31	83	75	24	58
24	13	24	24	72	2
31	66	37	11	94	58
41	86	99	26	59	17
50	43	66	75	29	63
89	5	54	17	17	17
92	53	65	100	57	43
2	84	84	84	37	34
7	7	50	94	75	7
97	53	74	5	39	2
2	46	38	57	60	71
58	27	72	71	96	95
85	32	31	80	83	64
39	95	97	4	16	80
91	99	67	42	83	33
78	37	98	26	67	1
39	44	40	43	45	15
22	54	74	36	73	38
32	11	9	38	85	10
21	28	83	21	21	19
95	93	23	40	56	91
34	41	75	71	88	21
6	70	40	80	9	66
22	6	82	72	47	85
46	54	86	42	54	65
12	65	22	84	46	29
30	28	96	45	68	100
89	71	55	17	31	98
82	27	11	61	57	22
30	51	84	23	8	72
65	30	65	20	25	96
79	28	92	88	57	8
10	10	1	10	54	92
41	81	82	52	69	65
83	12	29	79	12	12
9	86	86	12	67	19
10	56	52	15	68	47
27	27	27	37	2	42
22	21	21	21	93	62
46	35	8	35	53	35
20	34	78	14	81	90
37	18	57	29	86	7
99	86	8	49	45	53
18	77	53	85	28	74
36	3	89	36	34	36
25	5	62	47	6	43
13	54	45	39	66	59
28	46	51	47	63	24
22	90	66	67	5	3
11	36	45	42	44	77
25	87	94	83	25	25
21	98	42	50	24	72
35	74	51	94	23	93
39	36	84	100	35	57
62	14	92	51	42	30
18	18	18	19	66	75
29	13	29	29	58	12
67	97	45	100	22	4
29	13	49	29	21	29
76	18	43	18	96	18
49	92	68	19	42	31
68	40	98	97	30	7
99	19	97	28	99	28
3	12	44	97	66	56
36	10	78	45	23	97
12	56	34	62	17	11
41	35	44	44	69	44
26	8	98	80	52	56
11	94	40	49	63	65
40	89	82	91	70	73
63	87	84	55	14	7
5	32	76	12	4	60
19	43	39	92	43	43
32	54	39	32	32	16
79	24	44	55	69	47
47	39	15	3	15	15
45	9	29	43	89	38
54	66	79	68	74	83
29	66	29	3	29	87
48	31	48	30	48	64
33	71	100	65	72	68
31	1	89	12	87	35
49	77	39	82	82	76
36	82	18	81	80	95
26	3	59	61	13	1
62	40	13	29	84	73
54	62	18	48	56	39
69	20	99	65	3	44
90	9	30	85	20	75
86	76	26	8	26	26
7	90	33	75	85	62
89	25	98	38	86	99
62	41	80	89	54	64
35	36	58	39	70	99
83	21	9	68	79	52
89	56	28	35	11	30
59	34	8	100	11	87
32	41	84	4	4	13
79	57	3	100	55	75
54	53	34	26	34	34
18	17	59	43	78	53
69	30	14	43	26	66
36	44	33	44	44	85
16	10	33	43	61	56
79	56	46	96	91	41
5	16	11	42	29	17
23	48	28	80	91	93
89	69	8	10	21	70
4	19	68	6	4	4
31	11	24	72	16	54
84	36	36	36	69	95
98	43	93	25	33	82
34	89	29	34	78	34
80	37	91	1	1	1
43	38	12	80	90	66
13	66	95	60	53	53
12	92	58	21	38	40
24	99	40	74	53	60
95	65	31	13	31	39
35	31	62	7	31	31
51	67	3	98	44	80
99	70	63	11	58	36
55	19	86	45	49	88
33	46	33	86	23	33
70	61	7	94	66	34
72	87	98	85	64	78
95	4	83	48	80	4
93	15	16	95	87	93
5	41	40	9	38	20
79	58	37	42	37	37
57	58	33	88	4	4
2	11	58	50	19	45
70	37	60	46	78	63
13	72	44	94	14	51
95	70	28	14	14	14
18	23	30	85	24	48
84	60	63	11	82	33
26	8	38	32	16	65
8	67	8	8	37	3
32	11	32	16	36	32
57	61	51	33	20	10
68	93	66	6	96	89
23	46	35	15	15	15
23	59	35	48	71	27
15	15	22	84	15	8
40	54	20	96	94	10
38	21	18	7	24	5
98	73	46	83	94	7
63	84	73	13	39	86
99	48	36	63	45	90
50	17	18	83	49	1
24	30	30	58	30	5
10	24	87	75	86	33
9	15	58	50	37	37
34	98	9	8	1	41
18	45	10	42	16	37
84	95	57	55	70	99
99	10	78	10	10	65
76	71	23	78	39	74
1	58	89	84	19	18
72	33	43	17	20	95
47	74	19	60	57	87
62	7	37	37	100	37
28	5	20	68	10	5
77	51	63	46	8	5
49	73	82	15	94	92
91	83	22	26	39	63
36	36	36	38	15	43
55	17	100	40	67	77
40	29	24	61	15	65
64	39	13	48	66	90
39	24	22	84	39	39
41	10	10	52	18	10
45	13	16	50	50	50
82	80	8	24	63	67
75	67	97	66	55	82
76	77	94	36	81	50
2	55	100	64	1	90
68	80	59	13	5	31
4	16	56	100	43	42
92	55	84	54	24	63
94	80	97	26	69	40
79	16	95	8	65	75
11	23	8	3	93	38
78	50	83	68	96	86
41	1	20	49	99	70
77	67	7	31	32	39
63	51	19	92	37	39
24	24	24	56	64	40
91	91	32	95	59	3
40	37	82	69	29	44
46	71	30	8	20	61
7	7	38	24	53	7
39	65	32	75	57	87
70	31	70	94	42	87
99	53	8	90	6	53
98	60	26	90	95	11
98	49	49	49	41	24
78	48	7	74	59	89
29	36	18	36	95	36
6	56	92	55	95	91
61	38	18	86	49	49
73	13	57	39	93	5
88	54	9	52	90	2
67	40	47	86	69	76
28	41	69	64	21	38
10	80	81	76	10	10
36	49	49	92	49	34
11	18	96	98	18	18
49	45	45	45	29	39
95	91	25	61	7	84
82	19	23	81	39	17
51	41	41	6	41	84
32	29	68	28	49	83
36	23	3	4	63	48
4	4	4	89	80	33
58	10	90	10	83	23
22	22	24	55	53	22
27	46	20	67	61	91
90	35	8	35	88	35
41	41	57	94	41	40
54	60	40	40	47	72
57	91	85	29	6	62
76	89	48	87	9	85
45	52	74	56	43	23
98	98	53	81	75	45
7	22	22	22	3	100
38	41	53	66	89	94
99	77	5	61	93	63
53	22	29	96	87	44
24	40	27	72	20	66
89	79	74	30	31	90
89	70	3	15	82	62
58	34	24	59	24	24
18	5	66	47	85	11
35	15	18	31	24	42
3	19	93	17	5	1
79	38	79	76	85	62
25	25	17	27	34	25
3	17	66	9	61	90
89	36	12	11	11	11
41	77	32	41	6	41
24	24	53	51	24	66
29	48	7	16	29	29
19	17	5	56	70	74
36	74	99	66	58	40
3	33	33	6	22	33
4	57	82	6	33	82
35	81	20	35	80	35
38	45	38	38	28	40
43	89	96	66	39	56
10	10	21	99	5	10
34	34	87	51	91	34
52	99	52	100	18	7
40	25	40	27	58	49
21	58	8	9	88	19
20	8	87	78	96	46
17	24	45	80	82	39
17	80	17	21	17	98
69	62	17	67	69	64
70	90	14	69	17	92
32	4	88	35	8	82
47	82	59	47	26	47
58	5	54	41	41	41
18	35	55	17	35	35
13	7	26	92	94	57
28	28	4	88	48	28
10	59	63	72	3	15
91	74	5	3	95	33
97	12	2	56	46	65
34	40	26	35	97	51
70	7	39	7	7	62
97	84	1	91	13	73
7	91	88	58	49	65
90	50	10	6	35	57
44	45	100	79	68	1
50	66	51	74	50	50
4	39	56	99	46	18
20	23	4	73	47	73
44	63	45	95	97	6
90	41	12	90	45	70
12	73	92	28	72	1
29	36	82	87	36	76
48	67	64	80	57	41
19	30	60	32	84	57
19	99	50	62	22	81
85	2	91	29	84	82
77	39	72	98	40	64
89	39	64	94	12	61
91	24	94	11	78	22
24	24	91	5	24	92
56	8	65	83	30	72
46	34	73	73	39	93
38	14	24	33	34	82
46	19	46	64	22	46
38	14	14	47	14	25
25	32	96	82	6	93
45	51	91	69	56	16
59	2	20	61	49	12
94	70	15	100	17	44
81	95	40	80	73	27
42	94	61	8	51	88
24	37	55	37	39	37
9	78	82	19	70	61
10	10	10	7	28	19
19	65	95	6	30	94
11	14	100	56	95	70
20	3	4	15	29	46
10	78	87	55	75	68
47	3	50	75	72	58
84	35	17	29	28	6
17	5	89	3	79	18
20	63	20	36	13	20
48	30	30	75	13	30
65	17	73	10	90	18
85	6	29	95	6	6
34	30	69	20	70	19
92	42	44	37	70	58
84	88	3	97	58	6
61	78	74	99	88	12
55	90	87	65	46	95
17	31	17	14	17	69
68	40	14	61	62	63
65	24	32	24	24	42
46	34	46	76	46	37
35	33	45	33	24	33
72	1	45	19	93	72
19	31	27	58	31	75
8	62	78	90	48	61
90	17	8	37	62	67
22	20	43	47	64	47
50	44	58	53	19	30
32	11	65	41	100	28
45	65	23	13	100	76
91	58	8	66	93	43
29	77	96	58	12	83
1	29	29	56	47	75
54	47	67	37	26	11
24	71	42	5	48	48
64	52	43	85	8	47
24	64	69	1	63	98
80	80	63	85	64	93
82	60	76	52	46	64
7	6	6	17	93	6
27	20	74	95	14	35
39	72	59	92	63	26
74	4	51	4	69	4
43	84	9	77	2	87
92	15	41	41	41	65
2	17	38	71	24	19
12	64	63	28	22	17
87	27	74	39	60	96
76	91	85	46	4	26
57	41	31	86	31	31
64	62	75	76	13	93
9	51	28	15	9	9
24	74	67	17	57	60
66	43	88	49	75	28
89	12	17	86	62	82
57	53	74	80	7	71
2	46	18	1	91	76
88	19	12	64	89	5
20	53	70	20	20	38
74	21	8	1	93	83
31	85	25	92	41	97
13	72	76	75	1	18
93	6	88	92	42	6
25	28	37	47	47	47
100	82	96	51	19	38
79	21	21	17	36	21
27	39	38	6	69	63
74	27	75	27	46	57
51	68	66	60	67	42
36	1	40	36	88	36
42	18	69	19	18	18
79	53	96	11	47	50
34	1	9	90	45	24
49	48	61	49	99	49
63	82	75	57	77	74
39	74	70	78	75	21
26	36	41	17	66	57
50	18	50	50	13	54
87	11	15	74	64	72
16	76	26	26	50	26
8	12	83	8	48	8
24	94	3	43	43	43
55	39	8	14	94	88
51	48	26	70	66	21
100	41	61	41	6	41
52	87	16	79	46	77
65	27	99	79	82	23
74	9	9	9	72	19
85	93	27	44	47	81
46	51	99	31	53	98
75	71	61	37	18	100
33	90	39	18	60	66
36	16	66	10	27	32
85	45	63	82	71	85
72	37	38	4	37	37
66	39	44	45	42	52
60	40	88	2	96	23
55	25	79	99	88	26
8	64	52	60	69	91
20	13	85	43	4	1
84	84	37	21	7	7
5	98	46	94	24	6
46	1	75	31	64	19
77	60	72	79	61	91
29	54	59	71	31	47
47	57	79	87	14	69
68	36	69	79	10	64
53	70	52	72	80	36
60	85	59	48	49	97
48	24	7	7	7	14
65	17	14	47	97	2
91	10	55	10	10	19
50	18	18	18	38	76
4	65	35	41	44	87
39	20	96	38	48	81
43	1	40	43	93	43
20	46	73	27	44	4
25	21	59	73	53	26
83	77	98	52	77	95
34	30	85	95	19	99
59	35	17	21	30	74
37	77	77	23	73	55
17	21	68	72	99	68
37	55	71	94	47	52
37	14	14	93	14	62
30	9	95	12	46	73
20	22	17	22	22	24
89	61	22	97	33	96
22	43	43	88	43	73
48	70	94	76	54	35
1	53	81	70	19	41
76	22	76	8	90	22
19	45	55	19	79	19
43	25	8	43	43	9
14	35	92	89	2	11
40	94	23	53	8	99
98	5	27	20	52	7
50	50	50	56	48	58
7	81	2	77	60	34
82	56	43	50	43	9
39	39	12	26	50	59
88	51	85	23	3	68
37	68	93	37	19	37
86	3	8	3	2	3
56	8	6	23	13	68
73	23	92	79	91	48
45	4	68	45	45	13
1	58	35	67	1	9
38	65	66	38	38	70
15	61	77	8	13	25
25	34	25	18	25	58
99	34	54	50	91	6
54	53	51	23	64	75
75	39	69	24	99	19
51	85	22	77	96	87
20	97	12	12	17	12
11	52	86	6	25	66
30	10	88	10	10	77
96	54	70	83	59	39
21	11	70	21	13	21
57	97	44	89	31	64
26	78	74	84	57	56
56	45	30	55	43	73
84	59	70	2	71	76
99	23	83	80	49	16
69	81	31	25	7	43
50	33	67	80	79	68
50	22	55	36	53	12
15	26	53	68	26	26
13	69	54	13	7	13
70	88	89	41	39	100
73	60	5	21	8	12
70	44	5	32	61	30
39	39	79	22	50	72
71	48	97	70	10	27
50	30	2	42	14	100
72	74	17	94	17	17
75	97	93	40	17	96
92	81	12	8	66	44
10	77	57	7	3	8
1	46	37	93	26	61
28	60	41	60	18	48
22	10	42	14	57	6
9	64	17	9	49	9
23	42	6	24	94	54
84	12	21	66	2	34
71	46	31	61	70	80
33	50	25	72	19	89
38	62	23	23	85	23
64	35	77	37	49	7
8	64	80	69	70	88
27	11	43	94	38	22
11	11	73	47	11	55
51	7	61	30	21	60
99	26	91	26	26	46
86	30	93	72	31	14
16	16	68	8	16	76
42	100	79	91	86	16
9	9	60	43	9	36
34	58	44	68	34	34
34	36	12	95	55	59
81	53	97	23	48	33
16	46	81	2	46	46
36	100	4	4	4	78
11	43	66	72	80	62
83	74	26	27	19	17
34	89	66	64	70	58
45	100	32	45	97	45
9	9	31	86	9	58
50	62	93	20	57	49
7	87	72	79	20	42
17	44	74	27	16	70
57	78	7	37	43	61
54	94	62	6	95	38
47	38	94	67	12	67
10	10	81	10	48	46
27	3	3	79	3	96
48	13	86	100	63	93
6	44	96	80	59	71
80	97	13	81	66	90
83	9	73	93	76	8
20	73	29	91	36	59
2	28	100	79	92	41
56	68	92	39	9	86
2	2	3	96	2	5
93	66	41	20	25	16
81	68	52	39	65	4
91	42	8	48	98	3
62	71	3	13	61	2
6	4	44	33	46	64
40	43	40	63	21	40
23	94	36	91	98	90
39	39	39	83	17	92
40	79	100	68	11	95
14	95	55	87	28	30
25	51	89	43	40	43
73	53	19	90	99	55
68	90	98	57	78	70
72	33	73	1	33	33
13	78	9	23	98	93
33	93	39	33	10	33
1	1	1	68	8	4
94	87	56	88	62	60
26	82	62	3	12	5
54	23	39	62	57	55
91	27	11	73	64	87
36	36	36	46	27	79
55	5	76	65	99	88
37	17	64	79	78	88
50	6	6	98	6	89
33	33	74	33	41	3
26	14	52	25	36	90
100	65	64	35	29	37
54	74	84	70	86	57
34	96	34	34	86	37
83	12	48	46	54	85
38	76	71	92	71	70
73	47	98	59	5	6
14	91	70	4	35	46
46	4	59	69	92	51
7	49	7	47	9	7
2	46	99	48	18	66
60	63	83	34	36	94
64	13	13	54	13	5
39	48	40	41	92	95
96	50	50	50	66	25
88	20	93	20	20	82
39	15	15	15	55	18
37	13	93	7	2	79
85	87	67	19	97	89
27	18	40	53	90	9
92	80	33	65	88	42
5	59	39	20	6	10
91	31	79	54	77	45
85	98	79	73	69	7
9	1	93	91	42	51
30	4	4	23	67	4
38	5	34	72	24	95
41	41	27	9	41	74
22	29	25	87	29	29
59	43	42	81	51	52
67	11	61	90	15	19
60	41	36	36	36	45
54	69	100	75	44	44
28	31	63	100	78	62
37	37	94	98	28	95
33	45	68	22	34	1
44	82	44	58	55	44
53	28	1	9	53	23
72	97	27	97	77	90
44	12	12	77	12	10
28	44	64	57	18	81
73	57	6	91	89	69
67	57	12	56	78	29
62	43	43	61	63	43
57	88	41	28	47	67
87	78	86	47	85	45
94	45	79	54	33	75
99	11	75	92	45	59
67	4	63	42	73	58
47	36	6	4	52	20
77	65	6	70	35	37
46	55	98	85	67	68
42	64	10	62	71	69
16	93	96	90	52	15
98	76	64	91	5	78
97	27	40	66	25	82
37	87	81	98	76	26
39	82	68	16	49	31
76	27	65	22	91	28
34	66	5	88	39	99
2	64	40	24	19	92
13	68	21	13	36	13
81	100	82	77	39	14
27	3	34	50	17	56
22	99	66	39	57	88
30	65	51	44	49	88
62	51	65	23	23	23
71	68	59	31	86	78
36	99	51	4	28	33
2	27	27	51	27	32
72	97	74	41	84	96
44	44	44	90	8	19
88	31	18	12	62	92
96	2	3	96	17	19
29	29	29	22	54	87
12	16	84	12	59	10
33	47	37	33	21	33
33	92	50	18	58	4
54	62	59	68	92	55
20	70	99	66	96	37
4	19	29	73	23	83
54	49	100	15	21	16
82	48	7	28	52	75
7	42	40	11	96	76
10	11	37	39	13	24
60	19	32	62	84	86
12	12	26	66	51	12
22	50	22	67	26	22
43	28	64	92	45	54
96	5	62	14	61	42
98	58	40	7	11	100
29	29	78	11	29	93
56	73	39	14	95	89
80	67	32	11	11	11
72	30	23	76	50	7
37	73	6	6	6	49
89	23	39	97	51	44
89	99	40	4	44	43
34	5	80	34	28	34
92	24	94	68	97	57
60	84	77	86	100	40
81	18	88	9	70	19
1	99	84	31	47	84
95	72	61	36	53	91
19	34	32	98	97	29
81	56	63	80	26	37
63	81	42	10	68	59
41	51	41	81	41	5
67	49	49	61	49	39
51	58	40	53	80	34
13	40	73	45	45	28
9	68	44	35	28	25
12	12	77	84	12	49
31	28	98	1	24	83
96	7	70	46	88	49
36	95	46	14	58	44
94	47	44	55	4	56
22	68	84	89	98	80
6	50	3	50	50	53
23	45	39	99	23	23
37	64	15	37	30	37
23	97	53	79	22	46
69	60	54	33	80	23
85	62	76	9	47	90
55	18	3	82	24	92
6	1	54	49	51	20
12	20	1	12	12	87
10	86	1	29	40	92
49	49	49	27	9	54
34	34	74	50	34	90
62	53	28	61	89	69
17	30	48	83	40	1
41	41	41	27	7	3
79	14	48	41	15	84
61	6	39	39	75	39
31	17	17	17	46	78
19	37	2	98	81	60
1	46	82	9	38	24
79	71	45	59	82	58
94	56	39	96	36	2
73	86	56	39	60	49
41	26	86	87	41	79
20	72	7	7	84	7
63	6	41	39	23	46
32	30	93	56	34	10
89	91	50	19	94	16
47	70	78	47	47	28
93	21	86	21	21	57
8	54	8	81	19	8
2	83	2	2	54	3
5	36	29	36	75	36
18	86	91	51	33	68
59	31	62	86	11	99
81	92	76	64	31	52
66	44	38	11	4	27
15	63	15	15	36	42
75	17	99	11	32	79
52	3	7	83	26	89
30	61	80	67	92	75
94	25	25	25	18	56
66	8	76	36	8	8
98	13	66	20	49	89
75	53	52	82	90	62
71	98	65	69	90	55
98	16	29	51	81	69
22	47	30	71	85	8
46	94	33	33	43	33
44	23	90	29	65	60
24	53	29	46	23	42
37	78	55	46	37	37
7	7	7	80	50	69
64	46	88	10	61	59
22	87	73	34	26	84
74	63	1	76	66	69
13	66	13	13	100	90
26	15	52	75	75	30
30	66	25	98	49	92
68	29	41	70	76	37
73	73	2	62	57	95
54	42	20	42	41	42
36	88	38	63	21	37
53	36	24	62	78	86
73	14	44	11	91	46
86	93	94	75	96	65
48	22	22	22	75	89
44	44	41	66	61	44
16	74	47	16	35	16
73	91	34	37	22	85
22	5	85	52	16	90
71	13	80	85	80	64
1	84	44	44	93	44
52	3	94	83	86	70
35	78	28	80	84	62
31	12	33	31	42	31
93	82	48	69	50	13
10	73	1	98	30	31
71	30	98	98	7	99
34	5	85	92	71	95
17	68	28	30	28	28
60	57	38	62	14	73
72	65	41	54	18	64
45	45	87	52	45	85
68	65	98	31	10	32
88	38	8	22	66	41
24	39	55	26	70	77
84	49	92	38	65	69
73	19	66	19	44	19
44	89	44	16	44	10
40	100	79	49	16	61
82	14	80	16	12	68
72	96	21	21	21	19
90	61	30	36	64	66
63	41	29	29	29	74
38	51	44	9	41	70
26	8	41	96	23	39
65	4	14	29	50	94
89	13	11	21	3	56
64	36	68	43	58	93
72	26	64	60	86	97
59	73	4	30	23	24
27	100	26	94	93	76
35	56	7	70	50	2
48	79	51	67	95	74
70	5	73	21	68	29
66	66	91	13	5	82
87	36	28	36	36	8
6	94	78	44	86	86
38	60	5	5	5	30
79	67	75	19	28	36
36	85	36	36	70	92
50	27	90	8	12	16
55	49	8	76	5	51
19	15	33	77	43	82
87	48	27	98	22	98
12	45	19	64	68	28
49	39	16	14	62	63
4	23	15	15	15	48
59	83	72	98	6	85
33	33	47	56	33	45
60	86	52	12	12	12
33	33	71	44	33	100
78	59	17	85	93	100
10	10	85	55	98	10
9	23	23	41	23	25
28	28	33	61	34	25
26	19	88	19	19	37
90	26	87	63	58	48
8	8	78	8	28	63
2	20	49	10	71	53
37	45	62	45	82	73
67	21	43	36	8	94
5	9	26	3	64	97
57	70	24	16	36	33
60	63	22	14	42	17
97	94	64	10	67	88
17	15	15	52	15	7
28	36	16	79	97	55
47	41	19	88	41	41
3	14	83	31	3	3
60	26	21	73	14	95
81	94	5	91	9	98
5	15	69	10	54	76
52	99	3	2	49	1
16	33	16	64	72	16
49	21	32	47	49	49
89	3	65	60	3	3
85	31	32	51	32	32
59	81	99	20	70	96
37	29	37	37	3	2
84	94	54	89	50	38
22	22	22	42	98	8
29	36	97	84	29	29
43	41	90	22	53	80
49	43	3	90	52	92
15	16	71	58	39	85
71	68	35	67	23	14
25	23	66	88	62	78
12	19	19	19	15	58
19	73	8	89	55	88
35	61	70	32	57	99
55	53	87	8	21	82
48	73	55	20	8	90
45	15	48	56	50	24
9	62	47	40	18	100
50	43	70	9	100	61
62	41	9	34	9	89
72	77	23	23	82	23
5	69	83	26	100	50
30	71	7	65	53	93
95	45	15	65	96	94
80	8	8	85	67	8
9	28	89	8	21	23
82	30	14	66	27	64
100	45	83	30	18	17
54	72	16	87	36	73
34	90	4	19	34	34
56	97	39	19	77	26
69	86	66	50	8	68
67	55	7	51	50	67
25	39	25	72	86	25
56	86	46	42	59	66
45	70	74	95	19	11
51	48	55	13	51	66
46	71	22	47	51	54
90	92	16	12	8	25
39	4	26	76	54	66
41	72	41	73	41	26
16	28	30	32	75	100
13	27	93	18	27	27
75	88	31	31	31	21
42	35	49	97	32	44
16	79	92	73	25	13
19	72	84	83	41	13
81	52	70	60	54	45
40	81	16	77	83	24
18	56	1	23	88	12
21	21	21	66	47	89
18	87	49	48	76	7
35	64	33	68	11	96
68	55	24	44	85	84
36	13	40	53	25	34
30	30	60	48	100	30
52	25	89	49	17	80
27	52	27	88	94	27
90	9	18	77	79	93
83	24	90	92	24	24
69	69	20	47	51	7
72	74	21	17	12	42
24	72	9	80	28	88
36	8	24	2	24	24
77	79	66	70	14	66
56	19	40	97	88	50
33	54	33	79	33	52
69	67	91	17	35	63
43	32	68	82	6	23
93	89	88	100	78	62
50	45	34	9	50	50
47	34	34	34	70	33
77	34	72	67	29	18
12	59	33	72	86	57
23	61	23	47	74	23
77	37	29	70	57	86
30	43	39	37	51	31
15	56	94	69	52	75
4	79	95	33	33	45
43	70	43	69	10	43
19	1	24	15	1	37
67	50	48	48	22	99
14	86	33	78	36	28
36	36	89	36	57	7
54	65	57	11	9	94
9	55	9	20	9	46
69	20	38	62	94	75
55	74	20	42	72	7
14	44	87	87	97	71
69	95	49	7	64	30
40	40	91	62	40	72
66	84	39	13	27	95
17	5	4	4	46	4
47	62	24	47	47	72
76	44	82	63	55	67
86	89	46	45	38	54
50	17	44	88	96	83
49	83	61	47	73	57
32	82	32	32	99	83
82	53	19	12	19	19
3	98	48	48	48	54
70	51	47	88	36	35
87	30	50	39	59	15
73	82	80	88	70	18
56	29	7	4	72	96
1	93	64	52	21	38
70	57	5	77	61	97
13	13	58	67	41	93
75	54	57	61	69	93
80	69	29	44	53	31
12	72	20	1	61	88
68	45	69	100	35	25
80	17	85	39	5	61
94	50	54	54	79	66
8	74	59	34	77	63
51	11	11	11	72	30
53	8	8	16	8	82
48	87	70	63	50	92
85	43	90	28	23	66
9	69	49	50	47	73
33	25	9	25	25	1
57	74	87	16	25	47
77	90	36	75	36	8
7	7	70	7	57	39
93	7	58	71	69	59
15	54	8	51	72	58
51	56	17	88	87	100
29	51	79	50	89	25
44	14	4	42	51	34
55	16	44	38	26	66
57	41	33	23	34	67
81	25	57	89	81	25
34	72	5	34	43	34
13	13	51	13	26	9
65	82	70	57	86	25
46	29	68	40	95	76
76	1	42	21	30	21
26	13	25	47	80	63
60	4	91	81	53	89
45	27	45	45	98	78
88	26	72	34	68	27
67	25	78	24	44	88
53	13	67	11	21	42
34	71	34	80	54	34
34	1	100	45	85	7
47	69	14	14	62	14
19	24	86	84	13	25
32	81	36	58	45	52
52	67	37	76	73	49
9	55	6	29	3	36
48	48	4	94	48	67
97	69	47	47	47	75
75	87	45	41	62	66
80	89	99	16	66	36
41	98	23	92	4	44
39	43	77	56	77	47
36	25	21	70	64	97
98	36	12	34	66	33
56	56	83	29	14	81
90	27	46	35	6	64
59	42	27	78	86	64
13	44	44	29	44	28
41	79	94	86	6	67
88	64	40	78	41	66
49	5	5	15	46	5
82	36	90	36	36	27
8	8	1	2	8	32
18	71	92	6	63	25
57	86	44	59	37	93
54	66	33	33	100	33
90	91	33	47	40	47
84	43	50	74	63	92
26	23	23	23	93	91
59	66	51	52	46	93
67	25	98	23	53	19
78	82	85	8	8	8
61	77	50	67	77	12
15	15	15	78	26	55
37	27	81	64	48	28
54	21	47	36	95	39
65	100	45	73	20	43
98	45	45	46	45	25
19	31	51	45	2	39
59	63	44	22	61	24
5	74	26	8	19	67
42	13	11	13	13	16
70	75	27	2	37	100
11	100	18	83	25	46
61	15	66	80	40	88
20	20	65	32	92	20
7	34	32	38	78	31
68	44	44	54	80	44
23	23	80	23	42	97
24	19	70	99	96	1
12	35	12	12	50	89
47	51	17	15	85	8
10	86	90	42	99	34
30	56	53	57	27	84
11	64	63	67	43	65
30	76	64	42	46	81
37	82	37	94	13	37
21	21	14	90	21	57
29	18	52	78	18	18
5	18	36	97	87	81
17	17	52	17	59	26
85	17	50	63	89	71
32	72	50	84	14	27
36	93	36	21	30	36
9	1	68	9	9	82
14	56	78	63	72	74
90	23	51	47	14	7
49	81	49	55	49	99
63	58	86	52	80	26
2	89	41	74	38	33
59	75	39	94	39	39
61	35	75	13	70	32
3	45	75	45	51	37
55	99	18	53	39	38
20	87	72	28	53	7
56	52	88	68	60	24
6	88	20	20	67	20
35	17	41	49	41	41
68	6	10	6	76	6
28	69	98	75	62	1
31	99	13	31	25	31
1	50	1	1	7	97
59	96	36	92	89	17
25	91	33	34	12	32
56	58	27	82	27	27
67	28	61	50	65	41
12	16	78	77	37	33
71	52	70	35	53	58
98	88	90	28	36	15
90	46	39	68	95	74
4	3	92	28	73	66
44	58	62	54	76	99
51	10	4	2	10	10
15	76	79	19	19	19
18	99	38	2	90	82
23	89	49	82	25	72
6	14	14	14	90	66
87	50	46	87	87	80
72	3	32	32	32	94
45	33	9	52	9	7
17	81	17	17	46	95
72	17	17	17	77	86
44	44	65	27	44	53
97	19	41	4	55	22
22	94	85	49	100	45
30	30	78	60	30	50
73	92	95	56	78	76
5	3	41	100	76	39
63	4	19	30	95	29
50	2	59	87	33	96
39	24	60	52	30	67
75	44	61	93	18	9
20	93	32	43	60	89
84	98	2	19	47	27
45	9	90	84	71	89
66	25	73	39	26	84
12	28	88	44	66	85
92	43	58	43	45	14
38	72	27	62	33	82
68	34	38	6	93	50
45	45	22	26	59	1
79	29	83	92	47	92
70	74	1	75	48	52
4	64	37	22	56	94
11	59	22	53	10	66
97	74	3	9	3	3
30	30	30	5	10	13
68	15	15	15	34	60
50	50	50	63	15	88
82	14	90	93	92	8
60	80	22	61	51	44
76	76	75	18	80	56
91	4	7	61	14	75
67	73	61	71	30	87
47	59	20	40	20	20
6	34	2	12	79	28
54	22	41	36	96	70
32	12	32	70	88	75
78	92	28	89	20	26
4	82	43	94	93	53
98	29	29	10	85	29
15	6	78	23	12	32
88	43	60	43	100	43
89	38	21	52	91	83
98	97	83	26	39	96
29	38	50	50	50	58
42	36	96	42	30	42
72	29	29	29	95	1
46	90	43	84	75	86
86	47	46	81	8	99
24	83	97	19	19	19
19	94	79	44	41	79
9	53	11	56	6	32
27	96	65	97	68	84
91	31	31	31	68	78
26	32	59	26	22	33
17	35	99	17	17	37
18	99	97	29	51	24
96	87	69	80	73	80
26	36	90	15	48	67
24	17	39	62	85	68
40	40	63	40	53	31
74	75	7	28	97	34
97	51	28	30	30	3
5	42	89	4	4	4
92	66	87	28	60	8
42	19	66	67	78	89
37	58	11	44	61	36
12	22	39	32	14	42
39	39	81	46	85	39
75	35	46	57	46	73
8	50	55	60	74	33
11	23	10	13	39	65
8	83	73	85	16	93
31	86	90	75	17	84
26	9	29	26	4	26
24	22	58	24	71	56
19	19	88	13	72	7
92	26	31	1	10	34
39	71	90	64	96	27
5	8	64	46	46	46
60	76	99	95	45	50
15	64	83	39	79	21
49	12	88	16	98	54
1	46	60	97	53	70
11	11	19	24	78	11
71	67	85	6	93	24
93	13	13	92	13	31
13	16	33	11	37	50
42	80	19	57	100	44
21	18	29	24	82	23
48	16	79	18	6	63
31	89	48	31	31	7
40	57	52	36	15	9
21	21	86	17	57	21
91	7	26	32	6	56
86	30	30	30	43	6
80	90	79	82	28	19
71	80	41	56	70	92
64	14	31	88	3	79
49	63	16	26	30	5
100	41	60	24	10	41
30	26	39	26	26	11
17	40	83	21	9	60
7	84	16	48	75	41
92	25	64	66	38	79
5	67	35	5	62	5
27	76	27	27	19	66
79	48	69	48	85	48
28	95	76	30	73	17
17	8	8	75	93	8
84	7	75	82	7	7
79	20	30	49	15	58
92	59	10	52	3	18
12	83	89	37	62	96
15	41	53	32	78	40
53	86	14	34	14	14
69	1	16	49	61	79
81	10	10	70	18	10
79	44	29	98	26	59
94	91	22	81	87	45
60	16	60	54	58	43
16	6	59	94	83	14
78	72	55	91	11	31
35	30	30	100	30	7
34	74	91	18	93	29
46	33	85	22	52	36
74	31	28	14	52	78
50	40	64	20	40	40
79	52	76	20	84	75
19	66	95	52	16	31
22	68	57	57	100	12
67	20	19	94	70	41
29	85	29	29	10	71
15	15	93	15	62	14
39	68	54	92	19	33
52	62	89	81	98	38
5	13	38	5	63	5
84	3	8	49	48	86
61	45	48	62	48	27
56	41	23	14	50	1
23	59	12	1	23	7
2	26	82	53	22	26
39	83	6	8	99	95
34	35	90	39	94	72
19	15	5	10	67	68
92	95	29	43	78	50
75	67	2	16	25	24
71	22	21	99	51	4
71	14	25	1	31	32
93	23	65	96	35	69
10	39	87	96	10	17
80	17	79	9	76	79
54	72	14	94	45	90
68	63	70	12	12	12
18	38	22	13	19	41
81	48	27	89	58	98
40	5	12	96	33	47
54	38	79	82	17	66
78	59	52	86	32	87
72	56	86	70	91	2
16	4	100	68	72	63
49	91	66	50	32	61
75	34	13	87	69	17
42	31	31	35	31	87
11	30	21	58	21	41
55	51	20	78	8	72
65	30	37	16	99	94
4	65	90	30	81	77
59	77	29	29	5	29
64	61	37	14	55	29
24	61	2	81	53	7
40	49	99	32	49	49
41	30	28	94	33	33
88	20	74	9	46	94
19	56	79	83	23	94
10	85	97	50	34	66
9	28	36	100	62	39
64	52	23	39	28	17
62	54	58	58	64	13
10	50	69	50	12	50
90	37	2	2	8	2
37	68	37	7	41	37
83	24	62	39	96	60
5	18	60	82	58	56
100	88	72	38	92	16
8	72	34	43	5	55
47	17	30	86	30	30
99	49	97	20	44	49
7	36	76	96	69	18
50	61	84	19	16	18
42	55	85	38	85	80
33	24	50	38	24	24
90	20	91	49	5	59
7	22	10	7	7	46
97	11	77	66	73	9
45	77	5	21	20	10
94	71	16	6	21	46
97	50	53	50	41	50
7	75	58	7	7	4
29	54	30	87	76	76
4	100	60	1	36	60
64	14	24	28	6	67
83	96	33	34	96	99
91	45	51	95	7	69
95	66	23	37	12	37
32	96	32	27	53	32
12	12	91	12	87	37
40	76	92	44	44	44
81	16	66	43	14	18
69	42	22	52	17	22
77	26	25	53	6	82
36	36	6	30	36	90
42	30	68	95	23	64
57	38	8	4	88	100
37	37	59	37	98	40
68	79	6	35	96	53
21	34	79	21	21	95
40	28	15	35	54	2
5	99	5	5	82	71
19	74	20	57	82	28
86	84	61	70	75	9
58	88	40	11	40	40
84	36	94	71	18	28
76	14	99	9	45	21
50	2	78	31	67	72
34	37	38	37	28	61
22	75	12	12	48	12
37	23	91	82	17	60
25	68	7	60	99	90
24	94	8	8	8	83
34	29	43	32	91	50
79	56	66	32	39	43
96	62	69	40	19	22
31	31	31	94	18	24
58	35	3	51	99	8
12	68	98	16	9	69
70	83	63	27	32	38
46	53	52	68	40	30
11	55	16	50	75	68
97	64	28	7	38	65
25	65	2	12	89	93
13	90	26	53	63	94
100	66	88	35	66	55
34	9	26	93	42	2
50	4	8	63	90	61
43	46	46	46	27	23
25	75	25	25	46	30
81	43	43	37	27	43
61	10	62	61	30	85
88	78	13	41	24	95
85	98	10	33	71	2
74	8	25	43	28	5
12	3	55	19	7	18
10	44	68	88	10	50
28	54	3	16	28	28
75	44	44	68	44	83
22	7	18	74	22	22
74	76	4	4	35	7
22	22	22	19	32	68
27	84	17	17	20	17
82	30	44	56	2	91
56	10	33	98	10	10
99	56	41	73	88	11
5	21	5	22	52	5
13	28	84	49	28	28
8	20	87	14	20	20
6	55	26	65	36	78
2	3	15	65	47	22
16	86	38	71	1	15
18	92	51	23	36	74
84	75	23	19	5	67
35	73	35	83	20	35
33	71	64	30	81	42
36	90	73	28	28	28
42	57	71	5	91	12
80	26	60	57	72	90
47	44	63	34	38	49
20	81	41	20	4	20
98	26	90	30	8	62
19	17	9	29	12	64
93	23	23	20	33	23
23	83	10	23	23	60
12	12	76	12	28	97
9	9	9	89	94	12
53	68	9	9	94	9
31	40	24	54	27	91
43	6	69	24	91	54
63	1	11	78	26	98
8	80	1	69	8	8
69	93	76	48	44	42
2	20	52	2	2	5
24	1	56	3	70	89
94	39	75	67	7	18
89	49	85	7	18	11
41	100	41	41	7	35
26	90	100	15	72	56
8	97	16	67	83	77
12	27	22	68	16	76
5	89	44	83	61	39
25	44	62	65	46	54
13	88	85	8	35	62
6	19	19	19	51	25
31	29	24	90	30	51
23	18	86	23	23	100
61	60	19	61	34	35
72	31	16	26	26	26
54	44	62	5	26	6
100	38	20	100	97	45
19	41	50	40	79	97
6	42	80	86	3	34
41	78	41	77	41	19
45	43	95	38	62	97
11	82	88	50	70	82
40	58	40	40	89	55
65	99	10	26	66	35
73	80	16	15	16	16
21	54	97	21	21	34
4	12	67	58	78	94
42	55	38	64	52	90
43	12	9	43	19	33
85	60	98	40	64	99
3	95	65	38	38	38
43	100	80	11	11	11
95	46	88	79	19	8
9	55	54	77	14	26
66	41	81	16	55	89
36	4	43	55	78	76
38	62	38	47	38	19
42	42	42	81	12	94
19	19	19	97	10	58
39	46	6	55	39	39
83	18	30	51	30	30
49	84	43	96	55	71
80	5	73	68	92	25
21	53	40	21	64	39
71	61	23	79	61	50
52	56	92	25	54	7
45	24	82	60	16	73
55	2	95	41	12	30
20	46	56	6	73	15
92	8	50	64	89	55
77	31	21	62	34	17
36	36	35	15	36	97
83	26	18	82	19	18
51	4	75	13	91	58
74	14	59	71	3	93
21	50	44	44	58	44
29	54	56	98	3	62
40	76	99	86	61	14
50	18	99	23	53	58
15	75	10	27	11	61
65	41	7	70	77	85
96	91	26	5	4	96
63	47	83	7	4	2
78	9	41	55	86	87
56	65	61	16	21	57
46	91	91	46	86	79
47	15	13	93	28	17
26	87	74	50	50	63
26	26	92	26	68	43
85	19	29	63	56	29
66	12	43	87	46	52
68	23	30	84	75	50
1	1	77	1	66	61
20	30	17	17	82	26
47	47	47	48	91	79
7	9	94	89	55	43
40	42	96	60	4	32
26	4	10	30	77	85
15	15	43	94	15	60
8	63	10	8	8	61
28	10	83	90	25	78
86	7	19	81	7	7
75	83	54	88	85	47
4	27	39	4	4	54
5	5	64	73	31	5
49	3	98	93	3	3
7	11	47	47	47	89
95	97	56	34	55	53
53	88	82	50	86	16
96	88	40	76	70	45
21	36	71	14	36	36
47	66	47	60	47	29
40	43	3	47	64	54
5	38	43	38	38	100
39	43	64	8	39	44
57	9	71	41	42	18
53	19	42	19	19	36
15	94	44	9	6	26
29	52	46	93	57	96
8	18	21	33	75	10
46	46	7	46	74	60
23	26	67	63	60	63
93	28	13	44	67	31
24	7	5	54	51	85
70	89	7	94	65	76
52	54	65	57	28	85
46	97	28	15	55	83
59	19	31	60	31	44
15	67	39	52	74	2
64	91	99	63	49	71
17	46	33	33	33	54
50	18	18	16	26	18
44	50	53	78	82	77
99	87	35	76	27	36
19	42	50	42	86	56
70	89	34	28	87	83
90	70	43	52	82	70
15	100	77	15	30	15
73	74	23	51	51	64
11	29	17	11	55	11
33	33	88	33	73	93
95	17	92	16	16	31
80	47	47	83	7	47
90	4	5	10	68	78
56	89	46	95	77	79
26	11	31	26	26	12
24	11	26	26	26	75
75	33	5	19	29	33
47	12	54	47	47	100
80	92	11	47	18	6
4	4	67	82	4	36
68	7	85	85	15	27
96	35	94	92	45	40
45	34	43	43	47	43
65	61	8	90	39	5
15	94	99	90	82	70
42	49	38	91	80	60
21	37	66	97	56	15
47	9	49	47	47	30
86	81	26	59	46	55
3	3	44	91	3	24
11	57	12	5	34	74
61	12	65	53	90	59
4	89	4	52	4	34
60	83	68	22	58	34
15	15	49	34	15	58
5	68	5	50	5	58
86	54	11	14	22	28
16	31	60	41	49	40
59	17	56	40	92	6
81	65	45	49	34	82
2	25	25	25	16	77
16	16	70	46	88	16
54	26	9	3	9	9
35	30	51	30	34	30
9	8	77	9	9	30
36	74	26	10	99	67
84	18	49	73	64	74
8	66	63	21	48	41
80	56	86	65	36	18
27	28	28	43	28	94
12	8	40	44	12	12
43	75	65	43	43	61
3	33	19	50	69	20
13	64	55	46	30	1
8	31	68	70	85	29
20	18	45	18	47	18
98	43	57	29	29	29
11	59	85	93	67	76
13	86	33	86	87	23
50	21	50	82	78	50
5	69	16	25	30	50
66	84	96	43	63	68
46	57	2	3	33	88
19	23	39	59	82	64
94	22	22	22	41	97
33	35	33	77	33	2
40	6	39	77	17	67
69	24	81	7	24	38
100	74	86	88	69	17
73	41	16	16	84	16
47	17	82	28	59	100
62	54	94	62	29	93
45	35	66	66	12	38
75	68	52	47	74	90
85	73	51	49	12	40
82	26	55	58	3	59
46	46	48	91	32	46
85	13	31	99	84	73
26	55	89	23	11	98
66	29	6	41	61	91
50	10	10	10	87	34
4	76	51	83	36	93
25	50	13	25	78	25
45	45	86	90	18	74
73	79	27	74	56	17
17	60	92	68	13	79
26	76	54	87	65	66
20	60	34	88	62	3
47	73	15	78	74	47
3	50	71	52	35	76
32	77	2	95	20	6
86	82	55	7	55	31
69	41	5	5	79	5
87	81	47	57	91	49
21	54	68	66	11	58
62	96	19	6	97	64
83	67	72	49	32	91
69	40	1	67	69	53
95	93	13	66	49	81
67	49	56	57	71	69
43	30	6	60	6	6
18	87	4	26	93	44
9	93	86	32	12	49
3	90	9	69	98	26
76	32	49	14	14	14
32	97	17	83	25	79
6	99	12	46	1	21
47	4	73	74	4	4
99	12	30	42	19	99
45	24	92	72	24	85
89	9	26	6	95	14
57	63	8	94	80	38
81	22	65	84	64	37
35	89	78	53	44	49
65	12	93	66	8	83
65	13	73	47	91	19
38	6	49	45	26	21
88	13	96	13	13	57
59	100	11	32	96	69
10	69	9	75	16	42
41	67	46	70	82	69
13	71	57	75	57	8
71	77	81	83	91	53
46	18	30	36	46	46
3	97	68	3	3	95
92	35	35	35	76	86
45	45	45	93	19	6
2	81	39	21	24	72
46	51	51	2	91	91
80	92	69	4	46	68
61	37	28	5	49	15
96	41	1	43	18	53
68	61	61	48	83	76
71	83	52	53	40	55
88	94	12	22	20	85
22	91	36	83	8	41
70	28	60	88	37	69
57	30	54	18	21	28
74	61	70	13	23	64
30	74	98	24	66	63
7	17	81	42	26	29
10	25	8	23	69	53
29	94	12	60	56	58
4	5	4	4	74	29
70	61	24	24	74	24
70	49	14	14	60	24
91	27	27	20	27	28
2	62	27	31	27	27
17	84	17	68	17	62
61	99	9	21	66	14
81	35	15	96	35	35
98	58	4	53	69	20
34	32	32	32	24	43
5	15	86	15	15	38
78	84	58	97	47	14
14	50	57	59	29	86
7	78	34	7	19	7
44	44	92	12	73	44
47	28	87	84	63	43
70	28	90	1	97	21
63	85	58	85	51	6
77	71	75	18	71	82
51	90	22	45	11	79
65	86	14	32	28	67
33	80	64	16	48	64
45	36	4	85	21	63
42	64	13	12	37	64
10	28	53	99	77	44
96	49	42	42	23	97
14	1	56	45	73	47
84	94	6	69	100	11
40	70	76	79	39	80
31	31	39	31	12	2
39	42	16	69	47	8
81	60	42	14	45	3
17	12	23	12	12	34
84	52	84	48	84	29
8	27	27	27	12	18
55	83	46	93	31	95
10	31	17	93	38	84
31	50	28	50	50	38
53	61	1	80	18	84
33	48	11	12	41	4
97	96	16	62	18	9
52	60	40	31	40	40
38	38	33	69	55	5
62	100	71	90	51	8
39	86	7	84	72	48
1	61	1	20	1	59
8	100	31	72	67	52
22	22	16	60	44	22
48	36	30	42	20	73
38	19	78	57	8	10
54	37	73	26	50	71
98	85	27	34	74	29
18	18	92	16	84	18
51	45	45	19	45	52
88	19	47	47	47	26
7	2	2	2	38	85
43	76	92	46	90	45
72	42	26	37	26	26
40	26	31	31	1	31
44	94	71	94	37	51
97	17	43	4	32	24
100	84	16	20	85	63
84	61	35	76	91	44
33	13	99	38	95	65
47	69	100	7	59	3
28	28	28	44	58	39
25	27	82	67	80	58
50	92	40	84	93	39
17	26	32	28	17	17
88	18	95	32	85	87
43	43	26	43	23	2
61	48	45	100	74	72
77	84	41	1	5	100
88	26	20	2	7	62
40	53	98	73	40	40
42	80	98	42	55	42
83	14	14	96	27	14
56	15	53	2	12	9
17	79	37	17	47	17
84	19	14	45	88	7
36	36	12	2	36	35
88	18	7	85	33	31
77	69	28	100	1	64
58	51	23	41	6	40
78	90	46	90	50	5
13	98	13	14	13	73
37	82	11	51	10	4
38	47	46	46	46	54
35	22	92	53	76	82
30	98	39	11	68	45
69	72	88	2	91	8
61	90	55	91	31	72
65	6	30	6	6	9
2	71	59	93	10	39
66	35	94	7	96	40
47	47	100	48	41	47
4	50	29	52	45	38
29	65	45	47	61	3
34	82	35	13	71	37
34	72	67	27	87	1
24	61	82	67	100	13
96	82	16	31	11	55
34	26	1	17	8	42
70	75	84	47	13	76
15	85	84	15	75	15
24	11	95	90	33	98
40	30	30	27	71	30
40	48	98	77	2	69
2	56	47	64	47	47
63	92	36	69	19	65
62	62	13	8	8	19
5	5	5	100	27	45
1	88	99	40	40	40
41	41	44	83	28	41
12	75	92	38	93	44
26	93	22	3	91	44
9	1	48	30	23	35
21	19	83	77	21	21
93	34	41	34	62	34
15	5	20	8	1	98
49	47	62	20	13	48
17	10	10	71	10	25
1	1	1	52	78	14
1	29	29	35	99	29
62	12	89	9	67	92
43	18	11	18	29	18
100	44	81	92	97	25
61	92	78	17	87	14
97	68	44	44	44	49
24	39	39	20	39	3
86	22	78	51	21	52
40	49	49	49	1	98
43	10	10	60	25	10
94	4	18	90	64	26
39	99	19	27	92	49
59	91	82	56	71	40
47	66	84	22	31	45
34	90	65	45	38	78
31	67	98	61	5	61
17	54	72	57	99	33
52	45	10	10	81	10
39	78	45	20	25	49
2	50	89	2	57	2
56	32	32	32	52	14
88	37	10	50	99	40
49	13	49	25	49	81
48	72	25	79	88	31
49	68	18	16	14	76
44	32	100	23	31	49
63	66	40	77	92	36
3	94	11	87	24	79
51	17	32	97	14	69
50	26	7	98	15	8
91	98	8	27	73	17
74	53	44	87	87	76
62	58	1	28	46	96
78	88	64	18	79	45
85	54	17	42	42	42
74	28	68	1	75	12
51	10	75	94	22	30
4	84	4	38	99	4
60	67	35	42	57	99
26	16	16	3	8	16
31	88	15	12	68	81
99	45	38	47	46	71
2	54	97	70	2	2
19	65	81	19	19	68
90	78	28	87	76	42
39	52	46	99	13	34
21	21	21	74	42	75
2	76	2	2	74	55
99	66	99	2	96	62
11	78	63	82	98	36
90	61	39	50	59	60
2	78	77	9	85	25
4	78	18	76	75	56
12	32	80	82	48	64
16	95	12	17	11	4
23	58	95	84	32	49
20	71	68	39	52	57
82	17	82	48	49	67
12	44	9	80	45	75
52	39	5	57	15	39
46	46	8	34	46	19
98	14	14	14	26	25
91	34	82	41	53	78
73	36	36	36	95	34
94	33	24	6	28	45
71	33	41	79	46	79
19	19	19	25	7	13
94	34	13	81	8	100
6	17	17	55	17	12
71	44	21	65	31	6
4	54	93	30	62	40
98	55	26	28	26	26
47	44	28	76	22	43
2	2	65	78	2	84
7	24	7	77	29	7
88	46	2	46	46	9
27	48	12	29	64	74
57	15	81	99	23	81
93	63	64	91	82	58
3	100	52	20	89	41
42	30	30	57	58	30
45	45	90	45	38	61
67	51	52	10	89	68
85	61	35	55	83	5
16	97	11	16	16	62
41	9	91	11	95	1
20	9	9	71	9	64
34	11	34	18	63	34
70	63	50	35	60	46
77	86	47	2	80	100
86	29	41	59	73	60
48	56	62	13	69	97
87	67	96	67	76	32
13	85	58	7	1	30
4	81	67	51	42	84
8	46	8	66	82	8
52	66	39	41	93	24
42	67	80	63	37	23
72	46	83	7	97	37
29	57	21	47	33	60
72	69	36	35	38	59
93	40	50	49	34	5
60	44	41	11	47	26
21	12	9	68	9	9
63	40	66	2	97	77
38	36	24	82	93	42
16	40	14	14	14	26
84	3	3	8	3	69
47	20	51	50	44	51
15	60	30	15	28	28
62	69	18	26	51	34
16	13	88	16	16	69
98	13	12	43	89	46
59	50	39	4	87	21
21	43	98	98	95	18
15	89	82	18	46	67
45	45	74	30	45	76
44	44	44	48	24	72
93	82	50	29	33	7
9	10	35	82	35	93
78	31	46	42	96	98
44	99	59	98	45	8
58	24	38	56	34	97
81	76	10	14	21	29
35	22	24	22	73	22
4	25	58	1	19	94
6	45	18	6	6	70
56	20	50	15	72	43
24	43	91	43	99	43
57	77	9	98	69	77
64	6	65	86	58	88
1	13	71	76	84	46
23	1	56	23	71	23
77	2	2	78	60	76
2	73	93	37	36	18
21	30	21	64	21	48
67	85	75	72	15	92
46	44	80	74	44	44
88	22	22	30	49	22
22	95	22	16	69	22
2	23	2	2	10	28
11	74	61	10	60	98
19	7	44	61	44	44
3	21	34	64	85	7
65	86	5	14	85	75
92	26	78	7	76	76
14	6	73	67	44	9
96	37	66	75	37	37
67	1	78	83	1	1
77	77	74	96	30	98
19	20	91	19	67	96
8	10	18	60	50	44
92	95	45	1	26	90
46	39	53	36	99	97
99	60	20	33	79	77
75	72	88	28	22	19
64	44	44	2	44	31
56	16	20	68	96	71
81	14	10	14	62	14
6	55	6	55	54	42
33	94	33	33	1	99
6	27	92	87	52	38
4	4	34	4	78	79
38	73	37	91	3	7
95	70	19	67	76	16
28	51	82	89	92	60
19	23	19	75	37	19
60	17	20	47	7	13
31	13	6	27	29	12
68	48	60	46	96	43
2	48	13	66	10	77
74	73	49	47	12	7
63	5	99	5	5	78
52	48	70	60	2	18
14	34	69	14	12	13
83	31	62	31	41	31
50	67	50	90	50	22
46	11	46	28	63	46
85	74	91	97	44	58
60	6	46	52	6	6
14	75	14	81	13	14
100	70	9	74	22	53
28	61	14	71	74	3
60	58	66	91	42	99
24	88	44	80	2	84
7	79	62	20	89	84
58	30	50	99	97	56
11	27	84	37	99	87
20	7	63	13	31	59
71	77	87	34	33	51
60	47	66	29	2	96
53	40	44	41	41	41
14	44	8	54	73	93
76	94	28	71	46	83
38	41	48	52	16	90
93	22	96	38	7	13
96	57	19	57	29	18
16	9	85	49	72	94
38	41	41	41	12	64
79	34	99	24	99	64
78	20	32	55	94	22
15	78	75	81	91	54
74	44	7	90	99	70
92	64	80	8	47	11
11	31	24	45	24	24
76	68	95	37	89	50
18	83	79	15	15	85
18	85	44	15	62	69
78	50	17	89	52	34
13	41	20	86	98	82
58	11	48	10	20	2
62	38	9	44	30	35
52	27	90	47	86	94
89	12	52	22	22	40
46	15	52	15	15	88
30	91	5	52	31	24
17	3	3	30	3	33
95	76	47	23	73	33
22	22	22	71	92	40
36	18	52	10	73	94
67	45	45	45	26	7
82	98	94	47	37	4
100	98	83	39	50	55
18	3	3	36	15	85
33	9	37	30	17	73
72	5	89	5	5	58
80	86	92	18	7	23
50	5	42	26	52	19
84	100	58	70	7	64
10	46	46	46	11	81
21	15	42	43	99	44
1	50	46	46	46	36
52	46	46	35	46	33
75	58	8	29	19	22
13	52	10	40	66	29
74	21	1	44	47	31
84	55	58	92	26	53
86	65	49	51	43	65
71	25	20	12	77	84
70	53	11	25	8	12
27	92	80	54	92	11
34	5	39	32	73	52
70	50	50	50	45	73
15	15	49	25	100	15
45	11	25	25	25	53
42	49	100	15	44	70
26	26	88	97	68	26
23	71	55	23	23	98
21	21	33	62	21	68
2	99	35	28	34	55
92	90	16	16	56	16
90	54	17	41	60	40
22	52	22	22	56	29
28	53	74	57	93	84
87	37	60	49	34	87
44	5	14	14	23	14
79	62	76	62	81	39
97	29	18	94	34	96
49	14	69	18	49	49
79	48	78	97	72	42
31	47	79	49	84	81
32	78	32	5	14	32
100	72	77	78	97	5
13	16	13	43	30	13
95	19	6	1	20	73
72	17	17	2	3	86
30	78	82	69	65	9
88	13	16	16	38	16
31	30	13	54	32	31
15	25	63	11	15	15
100	20	39	73	60	4
39	17	27	17	51	17
25	86	32	32	32	99
4	72	13	98	62	46
39	39	59	48	39	27
70	91	91	4	64	92
74	47	19	24	95	6
70	35	25	35	35	91
18	3	5	38	29	42
32	86	2	32	68	32
94	51	86	5	57	4
97	36	89	78	48	88
46	90	81	49	10	85
27	88	34	25	30	18
41	96	33	33	33	17
60	21	30	36	24	93
80	86	36	40	5	27
26	26	47	26	15	78
41	41	51	41	46	61
85	20	20	20	52	26
60	72	3	39	37	84
69	17	17	8	17	56
69	11	27	94	99	1
46	48	56	86	26	41
1	95	82	7	22	34
82	56	82	65	30	23
87	79	75	19	3	30
30	47	52	4	83	87
66	27	28	7	53	49
21	32	9	96	4	40
29	29	9	29	12	66
47	12	74	26	26	58
65	40	95	50	11	39
73	97	92	80	90	96
12	12	99	49	12	25
41	9	37	12	44	27
10	76	46	1	57	16
10	17	66	56	57	94
45	49	68	95	48	17
41	18	21	86	65	69
36	91	7	43	36	36
9	73	3	3	3	57
15	84	85	3	27	98
47	66	46	65	69	89
67	28	79	81	100	88
12	53	85	3	73	67
44	31	48	48	48	80
21	64	61	21	25	21
91	46	44	24	44	96
3	3	24	37	71	3
54	26	53	11	26	26
39	20	51	55	95	38
33	33	58	37	33	67
74	50	48	50	50	42
86	43	43	97	62	43
21	30	31	10	95	8
26	56	42	20	12	20
79	2	27	64	77	12
45	39	6	15	75	79
94	32	82	29	36	22
55	79	13	28	74	33
9	9	57	56	59	9
12	9	12	11	73	12
47	48	9	3	30	69
48	48	100	34	48	84
38	38	96	95	23	68
48	80	48	73	17	48
91	44	67	17	71	9
38	71	9	60	18	21
80	38	42	57	22	62
91	65	63	43	78	67
37	33	33	72	33	59
21	53	88	20	41	11
90	43	59	66	1	4
72	93	41	72	77	60
49	49	49	16	42	10
43	12	67	15	62	65
96	14	36	56	19	100
60	98	35	84	58	53
30	99	11	94	11	11
67	41	37	82	8	20
85	28	10	59	21	77
15	15	17	15	31	62
43	86	79	38	75	51
60	46	16	46	65	8
1	1	26	1	56	69
1	30	35	31	88	6
47	83	93	24	100	94
95	46	82	81	98	15
52	69	57	62	43	84
4	13	4	4	66	47
16	47	79	17	47	47
98	1	1	94	68	1
70	16	29	9	30	50
63	27	27	21	27	17
13	60	33	94	12	66
21	29	95	21	42	21
28	42	100	29	38	69
76	57	25	19	75	24
34	84	25	50	72	4
20	29	29	29	91	9
42	73	35	18	35	35
91	51	75	3	3	3
34	58	78	66	81	94
97	19	86	17	31	73
99	55	53	39	88	70
72	43	40	51	65	81
98	18	80	2	88	7
35	35	22	35	23	70
28	27	66	86	84	64
80	95	12	27	91	73
100	92	72	22	56	15
48	50	41	64	41	41
66	43	62	69	70	51
33	26	50	37	55	83
22	22	22	35	37	62
7	66	54	73	72	7
59	8	94	38	31	70
21	57	38	89	78	95
86	42	69	75	42	42
60	10	19	19	18	19
14	14	91	14	67	56
90	4	17	48	90	38
68	7	23	82	97	69
46	46	83	30	46	37
63	71	11	11	10	11
10	10	10	54	15	67
14	87	6	39	100	85
12	49	78	81	62	71
46	29	54	25	24	22
21	21	24	21	38	48
67	32	58	73	21	85
19	59	78	19	82	19
77	99	50	15	100	72
95	14	14	89	20	14
94	49	80	4	49	49
13	67	9	13	14	13
80	45	11	64	16	25
96	58	88	72	97	94
94	6	16	11	17	22
31	37	37	14	37	80
8	29	22	42	76	30
28	88	47	44	76	88
41	38	26	41	41	66
77	62	36	43	6	8
19	19	87	19	18	49
20	10	20	80	69	20
84	49	70	46	77	20
35	60	1	99	92	49
2	2	2	85	41	26
77	60	36	63	71	31
80	44	69	30	11	34
88	21	21	74	21	49
53	83	61	10	23	47
31	48	1	15	76	50
23	18	69	37	6	73
19	1	36	36	81	36
58	55	16	54	79	68
69	96	57	61	87	86
17	40	100	3	16	72
66	30	50	30	67	11
73	59	1	32	19	79
78	56	5	94	47	40
68	65	33	78	67	6
28	41	76	98	85	1
44	46	89	84	3	34
7	7	32	71	8	7
1	19	1	67	94	43
50	89	53	50	50	47
43	43	36	38	100	43
7	7	34	62	7	86
45	99	45	14	45	16
94	86	58	80	98	19
19	97	19	19	90	52
82	69	41	46	61	31
61	95	15	80	76	41
97	64	60	22	78	34
75	72	20	33	48	80
74	78	86	9	4	5
8	48	82	95	37	100
72	96	26	55	100	59
84	38	38	38	2	60
72	45	53	10	39	80
39	6	97	44	67	20
64	23	7	85	53	83
41	84	32	70	85	17
25	6	69	25	25	46
6	72	37	99	39	31
12	4	16	87	15	31
39	55	11	84	91	21
41	90	41	41	9	63
42	48	91	60	69	31
5	59	4	46	82	91
92	64	56	35	8	44
37	22	97	60	68	49
22	2	50	98	74	61
40	57	36	39	97	27
2	66	93	9	9	9
38	49	86	16	82	13
23	4	5	15	99	23
43	40	89	52	9	72
47	77	76	11	35	19
13	13	80	32	70	48
98	27	90	27	29	27
41	29	14	67	15	77
29	2	81	45	54	69
19	77	19	91	56	19
26	22	48	48	48	19
77	41	70	42	17	10
61	58	96	71	14	33
36	19	19	19	75	63
86	41	90	19	60	2
42	32	61	39	23	96
28	63	11	11	11	93
61	36	26	95	36	36
32	59	61	62	1	81
88	41	34	71	91	33
20	4	81	50	96	26
10	3	7	57	62	58
67	79	16	71	32	65
4	72	55	59	75	92
66	63	70	12	6	88
33	77	78	70	18	41
4	4	47	67	65	4
63	17	75	16	57	37
89	46	20	63	66	50
26	26	19	14	91	41
79	73	52	86	19	94
19	84	44	28	68	28
85	91	87	66	53	97
93	46	84	66	55	99
70	50	72	46	10	76
27	48	29	42	44	74
36	4	86	99	18	29
78	35	94	35	68	35
58	17	22	62	78	29
14	33	43	50	46	61
27	30	48	30	30	23
38	79	38	38	47	8
52	31	43	23	24	37
25	9	1	12	25	25
38	87	32	39	88	69
69	89	93	48	25	17
46	94	82	51	65	100
22	3	3	32	3	2
69	71	76	6	100	91
50	95	34	74	50	50
8	50	79	10	56	44
11	64	44	15	19	51
7	92	68	20	7	7
22	24	46	95	82	38
22	74	22	81	22	41
32	67	95	55	32	32
5	81	51	69	38	2
20	42	40	77	13	31
89	5	8	93	8	8
29	9	77	88	34	55
36	19	35	54	99	48
1	65	1	22	90	1
91	14	9	87	33	13
97	31	21	66	86	48
6	36	24	78	6	6
5	5	65	28	91	5
71	88	53	88	39	31
59	12	36	37	37	11
60	21	12	95	89	74
4	4	43	4	98	81
92	36	25	89	51	1
78	54	85	39	16	67
9	46	68	56	58	3
22	89	19	31	3	80
82	20	18	34	38	59
10	10	42	10	17	63
61	47	22	1	98	33
98	91	14	83	71	29
70	74	50	35	60	44
16	33	37	47	21	36
99	2	15	83	34	88
31	19	1	1	30	1
6	74	68	18	84	42
10	48	12	12	12	59
67	58	35	33	76	13
98	14	21	21	92	21
1	6	63	81	37	8
5	35	54	2	3	51
30	41	73	76	20	54
79	45	45	22	99	45
43	100	80	87	1	86
57	75	23	2	61	18
81	41	59	88	26	42
11	47	47	47	75	42
64	63	72	50	83	55
34	23	5	65	62	43
36	93	36	10	21	62
47	74	69	30	24	30
93	79	20	29	53	97
31	22	20	3	44	58
4	47	92	98	65	35
84	88	26	94	28	68
2	71	15	10	15	15
12	40	12	12	7	65
40	62	63	35	44	71
99	32	53	89	8	41
13	46	46	46	18	78
87	29	3	50	2	62
47	47	47	8	89	82
92	48	59	19	88	6
46	42	42	42	43	7
2	47	35	76	82	89
34	34	18	55	13	34
68	51	14	63	53	33
38	28	96	35	79	93
10	16	82	70	42	85
64	95	33	74	50	87
11	79	9	38	81	72
11	39	83	78	39	29
12	49	56	48	72	86
23	68	22	89	15	86
61	85	67	43	94	65
80	99	62	41	56	80
47	45	27	45	45	97
100	37	27	49	49	49
1	2	79	81	94	44
57	10	7	52	24	29
69	65	53	70	25	25
19	17	10	10	10	21
11	52	65	34	73	97
36	65	87	57	36	36
58	46	29	60	87	25
87	93	5	5	5	44
90	47	4	4	13	4
14	41	37	52	64	23
73	56	86	70	47	10
29	1	89	100	76	14
62	23	36	74	69	3
81	41	50	6	23	1
91	11	11	40	11	34
67	7	57	87	78	77
97	15	47	62	11	13
43	83	8	40	86	7
11	43	79	83	38	95
16	16	16	74	70	51
27	3	21	57	96	68
10	19	30	72	89	82
97	15	76	6	90	11
10	40	8	8	4	79
26	26	26	88	29	49
31	7	33	39	48	66
67	10	19	10	10	82
93	73	22	70	74	5
95	58	9	63	14	16
99	70	15	18	53	18
49	53	57	41	67	81
28	28	8	82	28	88
16	16	40	81	16	96
71	80	15	85	57	35
11	12	50	6	99	25
49	70	86	58	95	34
22	58	13	35	36	45
20	97	55	18	25	24
5	69	94	11	18	52
63	3	62	57	92	7
11	55	26	52	87	38
26	64	7	59	34	42
54	41	34	41	41	4
16	7	76	55	36	93
94	91	5	5	5	47
92	32	22	32	32	20
55	84	44	29	31	7
90	14	41	66	58	54
13	41	13	13	84	20
50	10	89	23	10	10
11	68	14	61	25	88
23	59	56	37	70	75
84	40	4	9	63	10
96	62	55	17	40	45
62	56	6	49	83	9
11	80	64	1	89	18
49	37	20	21	69	5
55	64	50	42	50	50
39	82	34	41	69	28
53	12	12	24	77	12
33	1	4	84	64	40
85	51	51	29	89	70
70	19	11	51	15	18
98	8	79	71	79	2
21	47	39	67	72	5
7	7	78	57	19	7
77	91	77	88	35	34
4	73	33	100	70	18
2	100	10	56	35	37
17	3	17	23	9	17
56	67	50	100	1	76
94	27	27	27	75	54
75	13	57	98	97	4
47	17	47	59	26	47
82	46	19	3	55	30
29	83	34	15	50	33
25	8	22	67	97	23
57	66	23	30	88	41
99	12	12	26	56	12
59	92	19	70	65	75
72	18	13	36	36	36
83	70	47	47	47	85
8	12	88	62	91	4
45	45	31	11	45	76
1	85	4	90	4	4
43	96	60	88	2	11
28	4	53	75	89	82
89	58	10	63	78	88
76	30	77	99	29	5
67	1	49	53	49	48
97	55	35	97	97	94
4	92	96	92	21	44
100	94	49	40	77	16
76	26	86	82	86	34
43	87	14	6	86	26
73	10	6	55	70	78
43	64	53	91	12	70
88	25	18	34	92	34
61	80	36	90	94	78
39	83	34	99	66	36
5	4	81	39	82	55
76	93	91	25	28	41
37	87	35	77	51	61
1	15	13	1	6	1
96	38	7	25	72	46
81	59	62	28	69	65
33	33	20	1	66	33
43	40	43	1	43	22
23	53	23	23	66	3
58	70	20	44	27	17
7	15	28	28	28	49
53	48	37	45	57	90
66	2	98	6	74	61
32	40	59	39	85	69
89	4	4	20	12	4
91	29	10	29	46	29
17	42	17	73	17	62
76	77	82	33	85	65
59	26	26	39	46	26
21	86	37	1	40	3
1	6	22	8	96	46
90	62	16	93	87	7
54	84	14	58	16	16
93	49	60	87	4	24
64	41	78	79	77	99
59	7	50	97	9	9
28	11	31	73	38	38
6	14	32	37	2	57
21	96	92	21	4	21
28	28	74	77	88	72
94	28	82	31	6	64
36	91	96	65	51	95
56	45	32	11	67	32
92	85	63	31	29	47
58	45	94	98	47	49
18	18	68	29	71	18
65	15	24	20	20	20
13	52	54	12	70	91
70	63	40	40	40	47
21	69	19	78	69	62
74	45	94	68	11	37
78	56	74	22	22	22
44	20	20	20	65	68
89	94	83	100	11	34
33	22	31	83	3	78
42	55	90	2	46	82
23	83	31	23	23	79
76	82	38	44	57	32
11	11	37	65	60	11
5	65	87	100	47	86
38	82	19	64	61	81
48	7	93	51	70	18
5	49	41	74	94	55
27	73	44	85	80	78
81	36	28	36	36	60
95	84	35	64	50	39
88	1	45	70	97	35
9	92	99	55	65	8
98	83	35	68	52	98
25	61	19	65	51	30
92	55	13	61	46	73
37	48	15	41	92	67
96	52	31	14	77	39
63	85	86	12	25	39
31	31	46	7	31	58
81	93	27	27	23	27
59	15	15	49	73	15
16	31	90	20	6	81
81	5	7	50	85	49
100	31	5	80	77	34
17	35	64	8	39	40
20	20	96	16	20	52
49	96	68	57	49	49
39	35	39	60	39	97
39	32	50	13	66	90
7	72	5	56	19	53
58	16	37	93	46	12
21	41	68	25	1	87
12	11	36	31	12	12
38	93	53	31	86	32
50	38	25	59	19	11
93	28	18	64	42	79
21	89	8	21	13	21
89	16	16	64	61	16
60	87	24	54	100	69
13	71	55	94	7	60
15	20	98	83	88	97
15	15	8	43	15	12
20	85	98	20	20	56
49	85	35	38	12	7
41	94	100	69	97	48
75	49	72	33	78	44
39	46	39	34	39	60
74	92	95	10	12	28
15	53	42	85	38	23
80	74	27	29	27	27
98	3	42	77	19	52
4	54	53	4	63	4
8	64	39	39	39	66
46	18	55	79	7	63
10	63	24	51	60	51
5	97	5	15	76	58
90	14	70	53	59	84
1	72	45	89	44	100
78	32	32	35	32	95
25	25	25	44	53	50
48	22	11	84	45	12
35	4	94	24	61	30
94	76	77	40	78	30
11	71	4	69	50	92
100	94	53	10	8	28
79	3	3	3	58	27
32	46	6	46	94	46
47	55	15	49	97	37
66	3	79	27	60	63
71	10	51	17	10	44
49	29	29	13	66	53
10	47	67	48	47	47
15	69	41	64	15	15
36	99	6	4	85	88
26	4	74	67	75	16
84	83	15	18	31	72
1	6	6	30	2	6
99	79	24	83	9	52
2	2	67	68	1	2
76	42	71	96	92	29
18	18	91	32	93	18
52	76	28	65	1	45
3	46	46	37	46	16
83	2	95	36	99	16
39	16	69	63	39	39
46	64	19	19	51	98
71	91	17	69	23	41
10	79	22	44	65	7
9	93	9	9	77	96
1	1	90	1	97	78
82	57	75	19	72	50
40	38	20	97	32	66
71	22	28	3	71	56
26	89	93	17	1	61
29	78	70	42	45	37
95	84	12	36	85	32
60	32	91	49	4	22
23	44	44	44	79	70
15	31	15	40	98	15
67	73	7	29	60	75
38	45	19	21	56	3
24	89	58	71	87	47
14	6	84	7	55	12
81	23	23	23	38	48
51	19	7	48	30	18
88	79	56	34	89	19
55	80	93	25	39	82
30	54	84	63	9	42
91	90	29	42	12	49
81	81	50	12	100	91
31	74	18	33	39	44
40	74	74	33	69	70
16	16	16	30	27	21
37	37	86	37	63	2
37	47	20	81	1	5
7	7	96	55	7	33
36	46	60	97	91	17
43	31	74	82	30	67
46	48	36	69	19	72
48	13	13	97	36	13
6	99	20	2	95	54
60	40	40	16	40	28
98	78	27	16	27	47
51	81	61	93	14	4
97	32	79	51	37	48
86	78	40	42	14	49
46	71	91	77	67	32
35	47	90	52	16	21
3	30	30	14	77	30
2	83	89	23	98	6
11	34	2	2	2	40
90	40	82	48	2	52
76	100	82	26	94	24
66	15	94	73	56	15
57	51	12	57	36	93
13	18	52	76	83	67
36	31	81	31	16	54
3	22	28	6	42	59
66	80	40	53	55	44
36	78	24	10	24	24
30	70	30	34	30	83
57	30	35	53	98	63
23	98	27	39	68	63
42	42	25	45	42	20
83	38	38	38	71	49
98	36	20	36	75	36
66	5	37	72	66	82
9	53	41	52	87	33
25	26	57	84	40	15
1	1	31	1	68	53
76	32	36	21	78	84
59	92	51	10	60	81
64	33	48	9	94	26
21	91	39	92	72	92
66	89	100	90	41	25
60	42	66	96	92	52
74	23	56	20	49	79
31	77	99	31	31	34
29	37	23	46	46	79
67	27	28	68	79	98
36	36	11	76	36	89
17	11	80	74	23	68
32	52	82	33	1	29
9	70	97	53	29	82
92	87	69	5	58	82
56	43	64	57	98	50
18	63	15	81	58	36
76	45	91	26	2	98
31	22	76	100	43	96
40	4	29	99	67	61
18	27	75	20	86	76
29	84	62	52	74	63
38	75	19	47	49	6
83	40	95	76	33	43
52	5	24	2	33	16
89	72	4	4	4	90
98	25	57	51	41	65
34	52	61	19	74	89
37	89	28	25	91	77
30	57	4	9	29	6
3	3	3	19	68	58
13	81	92	86	13	13
20	20	85	54	98	20
19	36	82	28	65	31
98	4	17	41	1	42
38	40	90	38	38	70
12	5	40	99	87	61
18	18	44	18	58	14
35	80	35	81	35	38
82	5	63	71	39	69
75	100	55	65	4	63
83	16	19	99	55	33
77	60	40	40	51	40
12	77	91	61	28	26
70	55	22	62	43	92
93	13	57	55	84	85
45	10	6	81	21	79
41	74	62	16	16	16
26	26	58	75	74	26
72	89	80	9	1	57
80	7	34	14	82	98
100	78	3	49	80	75
85	58	83	99	94	50
36	36	82	64	14	72
21	69	97	15	94	5
23	11	47	48	88	45
18	12	68	27	26	61
11	74	11	10	11	22
32	88	85	32	32	75
77	96	86	48	43	96
24	100	39	26	24	24
99	2	16	17	55	15
31	55	22	31	35	31
16	4	78	34	79	1
37	72	98	47	89	49
74	99	35	96	4	47
43	40	69	61	2	48
6	46	6	6	24	79
64	52	33	78	52	59
5	30	11	80	30	30
97	39	51	31	37	66
5	86	19	47	50	15
52	63	95	29	49	80
69	95	83	99	72	39
46	48	11	48	48	52
43	8	8	42	8	94
50	45	18	24	11	83
79	94	80	19	95	5
52	34	11	43	100	13
37	40	73	43	59	86
57	32	73	43	36	16
58	67	53	6	36	63
75	37	26	18	7	76
40	44	85	58	40	40
37	82	83	85	18	8
48	99	33	2	100	14
58	20	10	67	10	12
52	47	15	14	88	93
92	15	17	52	17	42
20	35	27	19	27	27
21	5	21	41	21	1
92	53	8	37	5	16
79	70	47	57	12	60
37	31	42	60	37	37
30	3	43	92	30	30
98	74	63	82	70	71
35	6	20	65	14	62
99	21	52	96	67	97
2	40	2	2	75	17
76	62	9	35	49	72
50	50	21	50	36	28
85	83	9	10	40	10
45	48	92	78	80	34
45	45	45	1	55	43
45	45	6	33	45	1
75	71	33	66	15	90
40	25	84	16	94	56
66	24	12	72	98	72
28	36	28	28	20	73
91	9	77	21	46	10
3	35	37	68	45	43
47	43	47	81	50	47
96	41	75	41	65	41
91	8	49	49	41	49
59	4	4	90	4	99
73	59	16	100	12	25
12	5	89	7	98	7
37	50	65	50	50	31
5	85	4	67	64	2
50	18	20	89	18	18
88	39	27	13	27	27
40	35	53	84	68	31
58	72	12	93	47	100
25	84	47	7	12	72
11	52	2	4	64	20
26	10	85	51	41	77
25	25	35	45	25	31
80	61	83	25	50	63
79	5	77	95	35	67
12	84	13	16	75	1
77	19	62	19	8	36
99	39	33	13	11	97
79	28	28	28	90	37
38	75	37	38	86	72
50	88	65	41	19	56
5	6	77	28	6	6
3	81	5	15	12	72
19	2	33	40	89	91
57	25	35	35	35	26
76	40	66	98	32	32
59	1	7	89	7	60
82	66	4	9	59	52
45	1	66	99	40	36
50	76	50	80	50	42
30	22	22	22	59	96
28	37	28	46	28	40
12	86	64	36	28	99
91	46	8	46	28	46
13	49	13	13	16	35
74	18	9	93	73	31
12	86	7	12	52	12
43	63	7	63	34	89
43	47	84	17	46	90
21	67	18	17	96	91
70	38	99	100	8	43
76	64	90	68	80	34
1	90	48	97	82	65
64	31	34	31	11	58
99	1	28	39	18	14
64	45	89	45	17	45
3	29	88	16	11	82
16	94	16	56	4	16
93	23	94	36	11	50
87	18	68	93	29	41
10	16	8	97	58	90
12	45	12	54	12	82
24	31	74	27	12	72
36	99	10	36	51	36
38	38	98	38	87	26
6	12	40	2	8	46
10	15	83	10	35	10
40	55	21	21	21	41
23	69	23	65	23	97
34	59	92	29	34	34
25	82	23	23	4	23
84	38	60	54	4	66
87	94	19	3	12	56
44	18	17	46	48	53
57	67	30	78	14	40
64	50	81	79	81	4
76	78	29	34	42	14
79	48	38	38	38	8
13	3	67	23	90	81
100	78	65	33	70	31
46	45	91	52	95	35
26	55	26	21	26	36
75	72	50	87	50	35
2	75	2	65	4	2
82	36	36	36	79	100
81	1	60	33	12	46
16	60	66	94	93	93
76	54	38	6	57	78
1	1	1	46	81	73
44	23	94	90	30	53
95	14	47	59	20	58
87	40	35	35	98	35
18	76	28	93	79	22
54	97	83	58	31	90
33	43	71	95	33	18
35	35	50	36	35	38
24	79	59	10	1	43
77	8	8	8	29	14
14	14	54	14	38	1
33	41	10	34	78	21
44	38	10	18	38	74
24	46	2	98	24	24
72	28	89	73	32	15
47	82	19	95	21	24
56	5	3	3	24	46
27	9	55	23	9	9
87	21	31	47	24	76
32	79	90	27	90	71
100	40	25	27	10	41
47	52	47	29	47	34
52	47	2	12	31	54
83	83	73	100	39	43
49	71	28	79	37	32
80	29	97	18	9	4
53	67	47	64	67	85
33	81	33	33	82	75
39	23	18	96	66	98
46	58	78	71	63	60
16	48	58	20	22	37
40	11	27	40	40	68
61	27	70	11	89	16
50	21	50	50	96	68
74	33	82	33	33	80
40	40	47	29	98	40
21	25	50	59	4	50
73	84	21	4	26	45
67	7	29	15	7	7
46	89	75	6	96	41
58	61	46	77	91	64
25	25	25	35	74	32
73	2	23	16	66	52
32	6	25	46	61	82
52	76	23	73	97	75
20	64	7	85	5	28
28	28	28	61	87	91
66	25	81	46	62	14
4	50	47	67	54	72
5	37	19	37	37	96
24	32	63	14	32	32
64	40	61	41	79	66
43	6	20	1	8	15
30	4	30	54	21	30
91	83	94	61	33	36
83	29	55	44	10	31
11	22	35	39	22	22
41	22	55	78	62	35
98	45	1	45	45	48
79	6	6	23	6	32
16	12	84	43	12	12
38	59	39	91	48	92
93	26	2	93	29	22
79	30	21	37	15	43
42	94	62	54	32	13
9	24	24	24	28	93
70	9	13	2	2	2
61	33	54	14	32	89
74	89	3	75	76	42
23	48	91	14	26	36
47	43	21	20	44	92
13	13	13	47	54	60
5	31	68	76	5	5
80	31	76	31	31	45
11	20	67	27	27	27
80	97	3	35	12	82
28	28	28	39	95	22
49	28	31	95	58	91
18	27	20	81	75	17
93	69	86	44	95	27
16	11	55	78	69	90
40	45	33	45	45	59
79	6	26	73	44	73
68	87	29	31	53	16
15	88	25	25	25	11
46	11	36	12	46	46
43	43	46	65	92	43
49	52	49	18	49	99
32	1	43	61	76	90
31	31	59	56	31	35
34	28	34	49	72	34
30	20	33	8	81	87
94	68	44	31	99	95
4	79	4	4	20	98
97	47	87	51	29	8
88	84	44	42	26	53
86	23	90	15	23	23
100	49	78	10	30	86
41	33	83	5	84	62
17	1	6	1	79	55
57	43	36	21	61	73
13	14	14	53	8	14
19	77	45	58	77	52
86	18	39	23	25	10
32	39	75	62	95	35
10	62	31	51	67	76
58	8	53	68	41	79
22	10	40	35	75	87
88	25	25	29	84	25
71	25	44	92	41	78
58	90	1	2	93	38
6	82	57	16	1	54
96	76	68	11	81	57
35	34	65	34	34	1
99	92	93	68	64	19
82	83	50	82	58	82
64	37	16	8	45	32
55	19	30	19	35	19
50	50	92	50	23	24
89	91	66	64	33	92
51	39	18	69	24	45
60	17	77	36	85	72
39	39	72	91	39	94
17	83	35	2	38	26
81	96	52	21	60	33
72	48	65	4	72	42
41	99	58	47	41	41
50	77	18	57	81	80
13	50	47	87	99	73
56	68	8	21	34	97
87	4	99	54	33	81
48	65	90	63	3	16
64	85	96	88	87	61
91	80	72	89	23	33
18	2	38	2	2	34
20	87	30	71	11	85
45	65	2	2	2	40
1	57	65	99	89	2
95	25	11	48	92	15
13	46	49	6	75	63
44	34	24	34	34	48
82	41	22	32	23	51
29	27	38	82	22	69
96	1	99	12	58	40
70	16	16	87	16	56
35	10	71	29	66	78
16	89	51	67	28	83
18	93	18	63	65	18
46	86	79	78	48	52
89	24	72	60	85	54
76	15	31	31	5	31
19	46	9	26	57	37
74	94	32	93	9	68
7	94	7	35	69	7
59	37	23	65	41	7
59	13	56	21	11	95
5	36	48	48	48	53
59	95	54	68	96	3
32	9	17	45	48	40
27	78	100	99	31	84
44	16	40	51	90	64
33	69	68	24	91	20
55	72	53	29	29	29
29	58	91	38	76	39
96	30	32	32	32	20
44	66	44	72	8	44
15	4	80	60	12	61
49	24	5	49	49	1
93	25	65	94	7	69
65	6	61	9	92	72
83	1	34	83	99	26
50	14	49	86	20	21
93	74	72	85	68	96
12	59	12	12	52	13
20	62	67	74	32	32
72	52	23	77	17	34
33	85	73	3	51	29
15	7	7	64	60	7
27	27	27	18	7	2
33	39	39	75	39	55
1	55	11	66	16	27
42	34	22	33	31	62
25	32	38	45	33	93
3	3	6	3	71	32
58	28	31	91	64	37
34	32	25	11	33	27
6	3	14	31	78	6
1	58	27	95	8	13
37	94	37	37	12	96
69	54	75	96	9	78
85	45	65	94	45	45
73	42	11	43	31	35
6	7	13	51	62	31
13	13	44	9	4	13
80	75	59	3	16	55
73	42	3	25	26	22
42	89	37	26	42	42
46	8	40	55	78	12
41	45	82	83	71	72
24	24	24	46	50	40
58	23	90	28	75	37
93	19	31	57	65	33
62	23	69	87	51	56
3	18	3	59	3	50
69	29	98	65	30	7
18	82	99	94	35	69
5	52	48	61	96	3
85	33	99	50	48	18
47	89	3	1	35	94
2	2	2	20	95	65
17	87	38	63	92	60
29	65	79	50	23	4
23	29	11	1	23	23
76	20	46	77	28	70
67	68	46	87	96	49
69	51	14	39	70	1
43	77	59	41	76	24
7	91	30	80	47	72
14	45	33	67	7	80
33	86	76	2	41	100
28	9	64	69	37	24
9	38	38	51	23	55
9	51	56	43	88	7
23	100	50	67	25	3
83	6	6	76	61	6
44	83	86	62	23	8
41	14	66	63	14	14
29	39	12	29	23	29
40	35	73	95	7	52
61	16	95	57	19	50
15	34	34	88	70	34
86	95	85	44	92	18
91	8	24	15	55	17
85	14	24	34	96	93
80	94	11	57	72	2
59	87	57	62	63	6
29	69	29	12	28	29
27	44	27	26	27	69
97	44	77	5	55	52
31	53	7	17	87	32
28	2	59	71	19	42
11	63	67	48	18	9
52	13	100	61	95	80
18	80	86	66	12	88
88	53	47	65	86	30
65	99	6	96	4	42
66	51	90	76	57	22
82	16	44	65	57	93
58	47	66	75	87	59
42	73	62	96	17	93
38	61	38	53	38	28
50	83	60	27	93	64
66	76	84	95	5	36
20	36	77	60	27	66
53	60	21	26	26	26
21	73	40	78	25	6
59	82	57	58	50	47
39	83	39	39	67	79
64	7	17	66	69	62
90	34	14	66	33	11
27	36	50	50	50	72
56	60	20	64	100	46
24	44	95	86	1	50
52	60	98	98	62	24
26	95	67	98	8	26
22	91	91	47	84	22
75	70	12	14	19	42
17	48	48	79	8	48
72	91	22	60	12	92
5	35	22	40	9	72
99	34	58	88	34	34
25	79	37	35	8	57
1	25	80	43	20	92
50	50	50	61	67	62
31	34	1	21	9	10
25	12	12	70	12	92
64	6	83	7	73	98
97	91	14	68	2	56
28	65	89	78	89	47
41	41	99	71	38	41
16	61	16	16	86	14
56	86	23	86	83	38
84	44	44	9	42	44
34	85	15	20	63	84
70	22	92	30	75	54
48	31	31	31	42	37
98	47	81	64	68	82
11	23	58	25	80	72
27	4	38	34	44	5
35	2	2	2	64	41
31	77	69	90	82	86
3	72	67	14	3	3
7	95	8	58	5	4
43	3	82	67	3	3
44	55	35	26	20	43
3	20	88	3	73	3
46	94	51	34	13	42
33	43	7	38	78	85
5	88	45	35	62	83
12	14	14	45	1	14
22	1	96	1	71	1
88	48	39	48	30	48
89	51	90	74	85	58
42	8	56	91	12	58
69	34	8	52	81	38
39	11	19	85	92	96
24	11	96	28	55	65
94	43	41	41	90	41
39	67	68	65	2	6
15	15	23	15	1	39
91	30	16	13	91	42
73	9	55	89	38	84
19	3	82	28	82	87
10	31	67	88	66	96
55	42	70	42	57	42
47	73	33	7	37	52
52	42	81	5	80	3
33	48	62	6	15	80
47	90	72	47	47	56
17	82	40	57	17	22
43	38	2	43	43	68
44	60	99	77	74	27
48	48	14	48	49	45
35	13	25	3	54	57
85	26	84	34	32	20
26	81	6	65	10	14
15	5	12	65	16	46
73	38	52	5	40	77
13	97	70	60	70	71
100	1	83	64	61	70
82	8	40	80	53	65
27	82	27	10	27	63
27	1	91	96	54	50
70	90	37	6	99	16
15	49	78	39	88	80
60	65	4	86	59	41
63	99	77	84	13	73
26	49	24	54	14	25
67	94	69	56	28	52
84	6	19	6	6	36
11	9	40	88	96	15
27	16	91	62	27	27
71	32	76	40	96	17
54	94	16	76	36	96
10	48	78	23	73	89
49	43	78	81	20	67
55	73	30	17	52	86
20	46	96	60	94	30
73	2	25	71	2	2
96	67	43	71	64	92
43	77	35	91	91	44
62	86	37	21	11	3
88	20	86	96	90	66
67	40	91	78	90	41
15	20	100	27	81	27
100	34	99	82	27	71
38	13	54	32	20	93
24	61	52	95	52	54
100	36	36	26	36	27
24	24	78	24	15	76
13	48	7	42	87	85
83	1	65	1	88	1
43	71	29	28	56	47
62	33	79	38	13	40
67	98	44	16	60	14
45	86	12	39	39	39
58	50	10	29	92	72
83	15	5	98	57	36
12	67	85	19	27	14
50	85	74	15	13	99
43	45	3	45	14	45
49	40	57	48	46	4
86	75	88	35	60	64
59	88	65	46	95	3
45	3	36	82	3	3
46	46	56	63	46	9
14	48	78	61	80	54
84	57	94	46	28	34
37	36	23	28	57	41
48	48	85	67	47	41
29	34	6	6	9	6
9	28	58	6	23	10
10	90	60	70	44	29
56	27	63	70	30	7
36	51	43	78	34	80
5	36	7	3	62	16
43	28	87	78	12	32
23	18	10	18	18	39
48	66	34	12	10	32
49	94	8	38	62	69
1	69	81	75	74	48
11	96	64	12	11	11
64	48	86	56	87	91
88	78	53	27	26	96
15	71	22	49	48	95
95	100	12	76	12	12
86	30	1	80	54	8
67	87	27	38	18	59
20	98	27	20	20	11
25	28	78	77	5	68
99	7	84	38	37	69
68	36	15	4	38	49
30	42	45	21	57	37
36	24	97	89	90	71
7	75	83	10	18	34
4	3	100	35	87	55
47	30	81	30	75	30
49	63	74	23	24	48
28	95	12	37	44	76
73	86	18	49	43	75
7	35	7	7	5	67
91	58	32	65	19	41
14	13	76	83	46	4
60	15	15	58	15	45
10	31	59	5	6	29
85	34	91	47	4	82
69	75	99	6	7	85
60	87	16	72	96	64
50	9	77	98	61	58
50	60	2	24	28	16
82	95	61	39	49	71
99	31	6	30	82	74
82	62	11	94	33	51
54	34	77	93	45	3
40	13	15	67	88	7
84	69	32	36	50	69
32	61	85	88	17	35
64	84	26	15	99	84
9	86	74	17	39	15
12	33	32	72	56	25
52	4	51	33	7	32
74	46	84	83	35	53
28	41	48	72	36	25
69	46	75	1	50	67
50	73	88	33	84	90
18	97	48	21	59	42
30	59	85	95	57	74
55	33	33	90	52	33
85	17	74	56	25	65
30	76	86	93	6	67
49	50	54	72	25	43
14	88	16	30	100	35
23	100	46	26	86	100
30	19	13	54	31	70
32	99	22	29	38	64
28	24	49	37	47	73
26	35	35	93	35	34
79	49	49	94	49	14
44	44	75	70	44	77
57	8	48	33	38	82
39	53	52	73	54	44
51	26	21	11	11	11
71	13	22	71	51	65
19	65	17	15	17	17
29	14	52	33	98	82
82	48	83	30	18	32
34	17	39	54	75	47
2	22	8	52	76	34
1	22	95	34	95	6
7	18	1	92	30	5
79	65	94	34	41	59
63	89	91	31	78	50
17	31	45	62	91	48
6	6	95	92	6	34
48	27	70	5	51	13
6	71	43	66	76	29
53	53	52	42	94	91
49	13	95	16	49	49
100	66	91	47	37	43
30	95	41	38	10	46
28	17	12	86	25	29
62	43	68	86	8	64
52	95	77	37	97	84
27	29	29	64	83	29
65	59	96	26	49	80
33	33	79	22	33	24
63	7	54	63	74	48
96	38	91	53	23	92
52	71	57	36	57	100
13	13	13	17	51	33
81	28	12	28	28	52
68	84	36	54	76	53
12	95	83	27	76	54
11	93	85	37	42	52
50	19	92	1	10	6
81	13	61	94	13	13
73	72	34	68	1	6
71	34	34	34	42	3
6	17	89	17	67	17
90	73	38	91	23	1
30	48	93	41	72	45
3	1	51	70	97	53
83	100	64	45	49	89
90	6	91	47	88	47
14	88	57	77	75	12
27	23	27	3	17	55
84	54	84	90	15	67
43	37	80	19	42	91
42	76	82	17	71	96
28	37	24	37	86	37
37	90	14	8	24	35
29	2	27	17	20	65
50	6	10	46	73	91
41	43	20	82	16	91
28	98	28	19	81	28
56	10	79	81	71	83
87	81	46	79	71	16
41	25	41	26	28	41
19	38	39	73	29	41
16	22	93	7	14	75
70	8	57	66	36	59
74	80	72	51	75	33
25	25	79	30	69	39
57	24	24	59	24	3
3	75	25	57	73	14
62	77	46	32	91	7
42	80	30	66	7	84
41	42	71	94	19	79
52	3	50	31	3	3
29	12	18	40	56	89
35	35	35	11	4	24
26	76	83	63	89	82
5	13	67	94	14	18
31	61	31	29	31	82
49	53	74	86	40	35
85	99	1	16	94	54
93	3	85	42	78	57
73	87	75	5	31	16
34	93	27	21	86	43
6	6	59	50	58	6
45	34	83	100	79	68
9	81	31	1	64	23
22	13	22	22	24	26
60	73	26	74	57	2
27	98	27	69	11	27
37	90	67	37	37	68
50	65	13	100	67	41
29	16	69	16	2	16
58	98	54	46	63	40
62	92	56	72	69	86
34	82	56	57	100	97
82	74	54	92	18	1
35	36	92	37	24	54
63	19	80	48	28	52
43	34	43	1	43	6
55	33	91	40	94	46
14	63	14	14	90	54
6	82	63	44	4	70
11	11	46	47	4	11
8	61	29	8	16	8
46	1	1	98	1	52
89	36	36	36	59	31
44	76	36	30	49	85
14	88	53	55	57	15
8	52	38	8	8	40
21	57	69	21	38	21
83	8	61	8	8	62
41	48	41	6	41	23
51	75	92	46	39	35
35	15	62	16	40	42
1	31	55	85	79	31
59	94	75	35	98	77
75	48	54	38	88	18
53	26	38	26	26	19
71	19	64	75	20	73
5	94	70	53	26	38
65	87	41	19	15	90
50	50	36	80	50	10
8	44	8	91	88	8
96	93	45	21	7	66
37	12	39	88	35	62
64	79	71	64	46	99
40	83	48	29	91	77
25	23	25	38	36	25
37	57	25	58	18	12
66	91	40	65	28	92
49	58	49	89	49	100
33	33	10	33	70	97
28	86	57	50	64	23
10	33	42	10	51	10
28	41	19	81	27	56
45	37	45	3	45	8
55	33	87	28	57	76
75	4	20	28	6	8
4	86	4	91	4	55
15	9	89	60	22	61
95	91	96	52	50	27
58	1	80	85	1	1
80	51	37	81	41	75
73	73	20	1	23	52
48	53	66	1	41	27
4	19	51	4	4	15
99	53	19	13	66	58
29	93	78	77	94	99
1	1	67	58	80	1
8	21	5	52	85	33
32	32	44	32	6	72
63	17	90	33	61	100
94	55	52	96	3	91
58	43	92	48	9	69
14	78	36	39	64	15
1	96	74	43	43	43
39	11	75	55	87	78
29	57	83	31	13	51
9	97	35	55	88	100
34	30	43	72	34	73
51	14	36	14	55	14
32	2	32	32	57	59
65	13	15	14	42	68
73	13	8	69	48	86
10	80	95	58	88	7
34	36	70	75	34	34
47	54	47	52	47	12
77	84	64	33	90	52
6	21	21	59	21	18
98	75	14	96	24	99
27	10	63	42	44	1
79	5	70	78	9	94
90	47	77	56	8	21
51	33	97	92	65	1
29	33	54	97	61	19
12	10	12	22	30	12
2	2	39	85	86	2
20	8	20	99	25	20
5	27	5	24	61	5
56	26	12	12	12	80
77	29	76	44	76	68
8	25	12	8	8	5
49	33	91	91	50	64
74	97	50	72	34	11
70	30	46	30	42	30
13	41	5	76	13	13
56	15	50	30	6	38
37	37	96	57	29	54
49	75	88	98	54	85
23	71	73	34	82	58
75	17	35	32	46	22
67	10	36	30	44	20
52	78	92	28	59	26
95	28	35	28	28	38
99	89	21	99	48	6
18	13	14	16	10	45
64	9	43	82	9	13
19	23	82	62	34	10
56	75	64	73	79	10
84	10	72	84	7	85
37	14	21	7	65	4
76	57	57	13	73	62
58	86	73	17	5	80
29	97	89	46	74	47
62	43	29	41	11	99
34	94	23	34	86	34
80	44	33	12	22	16
23	24	15	12	90	69
31	42	10	27	76	19
63	33	65	60	61	38
44	44	44	6	31	86
16	35	88	68	58	31
94	48	52	31	78	85
10	86	7	45	29	63
89	81	51	62	94	9
87	30	25	21	21	21
37	2	69	2	2	47
23	68	24	26	76	43
71	14	53	94	94	13
24	35	24	69	73	24
63	8	24	22	96	14
94	24	38	96	33	79
48	6	74	21	21	21
43	85	60	43	65	43
29	29	29	9	32	10
27	34	34	12	79	34
10	98	65	54	11	27
27	68	27	1	27	17
4	64	6	42	82	36
62	35	5	5	91	5
1	1	90	1	59	38
80	23	41	73	64	83
29	24	83	21	91	74
63	49	49	56	49	53
40	75	79	49	75	70
17	88	17	13	100	85
38	20	47	99	24	71
75	65	87	53	39	96
24	33	12	26	75	41
50	17	50	50	19	83
42	77	78	19	85	58
5	76	95	12	4	49
52	33	29	89	88	3
71	4	39	33	95	22
26	55	26	26	6	67
13	41	86	90	71	92
65	98	93	65	100	96
98	63	70	21	27	17
63	68	45	44	45	45
20	20	34	40	71	20
86	41	52	69	84	15
26	51	68	61	40	74
92	39	71	90	39	39
92	77	5	54	39	57
37	90	88	84	72	15
78	29	50	50	62	50
32	45	35	93	8	59
26	65	4	61	37	84
42	89	3	84	71	3
1	95	1	29	86	1
18	46	10	14	53	17
96	14	75	82	5	42
39	27	56	54	96	92
45	45	45	88	59	33
8	99	9	57	27	80
21	21	21	98	38	17
20	8	30	62	45	33
40	33	11	24	38	48
11	42	52	16	11	11
91	14	58	14	80	14
46	12	13	67	88	87
59	11	24	25	2	100
84	63	21	21	21	46
100	91	62	92	2	10
48	60	54	66	71	99
39	41	18	14	29	60
89	19	69	79	19	19
99	10	88	44	45	35
73	28	36	46	41	37
14	87	86	41	22	65
21	21	15	50	77	76
79	19	38	35	88	52
51	31	31	2	63	31
6	56	21	23	66	83
41	74	58	47	69	98
78	93	31	87	91	82
99	31	64	94	34	71
17	50	81	86	5	42
14	32	35	14	14	56
29	55	5	4	37	16
92	12	81	60	84	8
29	24	96	16	4	89
51	21	53	55	62	47
96	44	49	49	47	25
23	76	39	90	19	51
40	31	16	69	71	13
59	30	65	34	27	89
71	17	17	88	64	97
58	25	80	73	47	70
64	43	43	43	29	15
97	3	54	67	85	69
62	80	79	85	84	94
1	66	98	1	59	45
95	61	82	33	16	10
89	29	30	53	52	28
23	18	85	100	33	7
24	31	50	19	88	100
99	13	75	45	14	1
6	41	79	86	28	92
24	48	11	31	11	78
67	54	86	45	70	29
90	49	38	29	38	38
6	83	51	88	63	6
62	55	85	63	30	30
25	100	68	17	6	87
89	17	41	71	38	72
38	38	38	56	63	13
46	28	28	70	28	7
84	91	97	56	80	45
90	56	100	79	45	57
71	51	41	60	68	92
13	75	44	22	86	28
18	74	33	19	19	19
27	72	11	75	13	11
37	99	7	37	34	37
27	77	19	25	14	32
94	34	34	34	29	66
13	40	32	13	13	93
5	44	63	81	57	7
55	31	72	88	10	56
10	42	12	47	34	76
69	92	42	60	13	10
53	23	86	38	85	24
56	36	36	78	36	47
40	86	40	85	61	87
50	72	49	96	67	76
93	16	92	57	68	56
63	21	74	51	92	12
40	65	27	82	62	46
16	36	32	25	95	49
76	73	13	91	47	29
36	57	94	21	24	16
36	81	33	67	6	8
95	25	95	28	35	1
68	30	7	84	97	57
13	5	24	13	13	52
42	68	42	42	92	98
6	6	68	75	6	73
96	81	24	71	34	16
31	38	63	32	59	97
97	14	100	32	17	47
52	8	71	3	9	69
66	56	59	6	48	51
47	14	92	100	9	39
39	98	11	87	7	21
37	44	93	38	76	63
94	15	49	22	81	100
67	37	10	91	17	9
15	82	15	28	62	15
19	36	91	54	69	65
43	2	32	71	46	25
80	24	1	47	65	96
12	17	92	34	21	3
50	50	87	4	50	61
8	61	58	3	3	3
82	89	48	66	58	6
87	26	18	71	22	11
3	10	72	32	30	17
37	9	22	10	64	27
28	66	61	9	5	18
96	42	44	14	30	99
11	43	60	52	20	16
65	40	10	8	51	54
44	74	96	64	90	52
94	38	45	45	12	45
87	67	67	20	15	75
2	89	51	73	79	44
45	26	98	11	59	39
99	21	86	64	63	60
76	63	41	61	54	2
16	16	16	95	26	21
100	61	29	29	29	32
7	19	72	33	19	19
49	91	72	49	83	49
44	19	19	19	50	33
46	97	7	7	30	7
5	72	36	78	36	36
56	7	27	93	79	11
22	78	24	87	47	98
73	39	81	85	27	99
6	68	89	29	27	38
61	51	96	35	8	5
56	42	58	78	15	36
90	24	84	24	24	94
32	13	12	70	6	31
32	86	32	59	32	53
58	25	62	20	85	12
17	74	15	3	62	66
26	62	81	25	99	27
81	79	63	92	25	17
12	70	12	18	97	54
74	86	92	71	85	52
4	47	65	76	47	47
11	12	36	36	36	86
99	90	8	35	75	69
22	40	91	21	68	7
1	58	95	39	3	84
6	9	63	86	44	62
63	90	96	60	76	95
5	96	14	92	91	55
66	68	22	47	10	87
24	91	41	74	27	11
12	2	76	20	20	52
20	54	4	54	36	88
3	1	3	3	86	32
56	66	62	89	11	23
87	44	44	44	98	26
92	68	67	23	64	35
34	100	74	75	58	55
38	33	46	94	33	33
59	12	62	2	15	53
88	1	27	22	37	41
57	79	68	87	44	82
27	41	21	78	70	76
8	4	33	44	44	44
72	60	98	39	71	25
62	6	65	67	73	97
39	97	2	44	28	26
32	36	62	54	42	88
28	5	49	18	62	27
73	89	41	64	72	35
29	77	32	21	69	62
38	64	81	95	26	77
74	80	23	22	51	53
79	58	3	75	18	35
36	52	43	56	12	9
43	58	10	51	58	49
12	1	12	84	14	12
73	28	28	62	19	28
68	50	71	48	38	65
55	9	52	29	75	91
92	30	45	11	43	55
95	49	28	66	86	7
63	37	67	38	18	92
14	88	28	31	31	83
85	60	21	46	21	21
6	76	27	27	100	27
100	15	4	31	17	79
67	4	57	33	6	28
74	99	38	75	35	23
62	92	27	28	72	41
11	10	63	86	11	11
21	81	23	21	78	21
94	12	1	77	23	99
50	54	23	57	23	23
71	43	15	60	100	14
71	93	85	18	35	69
46	78	12	59	10	95
15	12	89	90	3	22
31	43	85	12	72	11
40	97	98	14	81	94
94	38	73	77	50	93
16	100	26	33	28	55
58	36	59	36	82	36
80	99	4	51	82	100
52	55	60	92	2	58
20	57	2	20	20	61
7	6	88	53	46	69
4	51	63	8	28	77
46	46	46	29	8	64
96	68	44	2	48	77
20	27	27	1	27	92
96	54	33	15	8	81
58	25	66	25	28	25
37	14	83	42	46	75
56	32	72	10	11	34
100	64	2	36	89	64
36	35	54	51	44	11
65	41	90	24	79	74
83	54	18	66	12	56
71	1	85	39	71	28
5	44	11	47	44	44
99	84	69	58	80	31
24	74	68	99	82	62
81	75	68	6	17	96
90	87	9	46	8	17
42	60	96	88	36	28
34	34	94	26	34	22
6	2	14	6	50	6
6	6	6	75	83	76
54	82	32	86	10	88
43	20	18	69	33	48
31	89	65	25	25	25
93	93	48	45	23	42
75	28	67	75	50	37
44	34	31	57	85	96
98	16	1	10	51	22
21	4	8	85	21	21
95	64	17	65	80	99
30	46	79	54	64	31
2	2	2	88	92	25
92	45	45	45	62	72
38	21	47	75	9	21
18	50	50	15	20	50
20	99	58	71	79	38
60	31	69	91	59	99
81	60	32	32	12	32
77	11	3	11	11	4
61	34	48	35	37	60
51	16	40	65	98	76
98	5	22	9	93	4
74	6	52	13	88	85
31	31	25	77	99	31
60	13	92	13	76	84
81	41	94	32	8	12
16	21	4	16	23	16
22	36	36	32	36	93
100	73	4	2	92	82
47	47	86	96	47	59
54	66	36	36	40	36
14	2	43	32	97	22
84	68	32	68	15	53
88	63	50	41	15	38
78	26	77	5	13	65
27	76	41	52	56	30
15	21	42	21	21	95
47	68	47	47	46	74
9	9	9	95	64	88
39	1	14	75	40	54
26	42	42	60	42	41
3	4	48	11	75	98
68	43	50	4	50	50
13	48	53	51	15	77
10	71	95	10	10	3
82	10	29	67	42	8
81	46	64	8	14	74
92	100	87	49	20	69
76	35	30	72	25	47
88	11	44	89	2	25
87	2	10	75	84	39
92	27	94	87	82	47
34	4	51	61	61	99
59	6	19	6	44	6
37	5	2	21	26	86
24	24	31	11	24	41
53	100	80	44	88	31
2	2	37	2	72	71
29	29	68	49	37	29
59	45	66	6	75	96
39	39	98	99	91	41
56	12	44	12	84	51
39	39	50	9	39	48
1	86	79	74	82	70
87	12	40	87	34	6
58	29	82	45	6	65
92	99	37	94	98	5
94	2	97	85	99	23
39	48	42	89	42	58
75	39	5	3	86	89
84	33	11	33	33	82
91	79	52	54	3	68
9	15	55	9	17	9
17	63	15	26	20	65
9	40	36	97	40	40
77	18	55	22	18	29
42	80	65	5	7	97
55	71	15	61	78	93
52	73	90	12	33	65
23	42	84	33	75	36
82	22	72	75	86	89
70	2	85	4	34	96
36	52	37	79	57	87
20	49	33	20	99	20
57	37	21	12	78	9
65	77	28	55	7	43
66	100	77	23	52	20
48	48	10	22	38	48
31	84	41	41	30	41
20	53	84	29	96	36
56	77	74	19	3	4
17	41	88	42	75	92
21	6	18	85	27	92
38	28	38	38	70	92
1	50	76	97	55	9
44	71	37	11	52	59
50	55	9	34	80	65
56	47	91	1	58	83
36	36	39	36	11	26
100	59	62	86	71	71
54	6	69	63	40	94
13	14	83	66	63	97
4	59	11	98	48	65
15	22	32	10	83	43
45	67	98	90	45	45
89	40	67	61	75	50
72	54	34	24	17	87
23	36	46	23	4	23
11	40	31	58	31	15
74	11	37	53	24	22
25	12	58	14	78	35
57	24	15	61	66	50
2	22	73	95	47	71
66	75	100	25	69	93
65	3	59	73	85	95
38	8	88	8	8	75
42	73	88	60	66	7
24	50	4	54	26	97
89	36	36	11	100	36
85	51	100	58	89	40
16	16	59	16	29	41
59	100	8	68	32	30
64	53	6	9	34	94
4	40	48	21	21	21
21	49	75	21	97	21
73	21	19	21	79	21
17	41	66	48	93	95
98	100	6	6	6	25
50	28	93	13	67	78
52	83	53	59	9	91
78	47	73	32	47	47
29	66	89	97	28	85
99	62	4	82	55	18
33	28	5	28	28	48
99	92	86	72	49	25
93	59	6	62	63	14
23	36	33	23	74	23
5	54	5	7	7	1
46	94	63	96	40	49
79	87	6	64	6	6
22	57	100	100	43	88
66	51	43	53	28	19
83	37	43	25	47	56
42	70	12	30	5	1
44	7	84	64	43	82
38	22	72	53	41	8
88	15	15	27	14	15
53	15	60	13	56	67
19	30	35	8	99	99
71	36	98	2	82	8
26	26	61	26	96	38
37	55	31	64	55	38
86	45	74	44	71	72
11	17	21	21	21	19
21	21	78	17	21	41
8	44	22	8	79	8
84	28	13	83	85	22
32	17	45	97	63	93
23	3	19	61	3	3
55	8	8	75	25	8
84	62	1	8	81	77
67	33	77	57	89	52
25	1	25	92	14	66
47	30	34	44	97	68
100	48	18	20	13	52
22	15	66	92	97	55
91	89	74	17	25	18
94	41	97	100	47	49
15	57	35	33	21	37
25	25	40	69	25	70
44	54	75	44	29	18
78	26	74	26	54	48
32	83	37	94	79	4
12	90	12	47	12	46
4	43	43	3	43	91
5	85	23	65	50	41
73	2	61	10	69	16
38	94	23	35	73	91
44	37	64	44	44	14
96	8	11	46	54	17
28	63	47	91	85	45
71	17	49	78	53	89
79	51	50	16	74	82
1	26	41	1	1	84
95	70	41	41	18	31
1	9	54	1	1	25
25	4	20	42	47	99
60	4	81	52	4	4
94	77	28	60	80	48
62	50	50	63	79	50
81	30	82	5	83	31
76	60	59	77	76	66
1	51	32	77	24	86
29	41	29	70	29	28
39	47	67	64	35	8
45	100	100	71	78	66
2	12	59	67	39	84
44	53	14	34	5	77
20	16	97	57	94	17
86	44	50	59	44	44
99	71	57	100	52	64
1	1	1	24	99	87
4	4	81	1	99	4
31	31	59	96	79	31
63	92	6	22	58	33
56	58	60	11	98	53
62	75	77	23	23	23
41	41	76	8	98	41
79	16	97	83	31	65
5	20	67	60	50	60
30	46	49	7	97	91
10	52	59	80	60	56
23	39	75	39	39	72
56	98	78	58	26	65
63	46	3	14	95	76
19	84	36	82	8	97
90	72	80	2	25	71
18	63	18	69	18	50
38	11	80	68	85	59
43	59	36	61	70	75
46	81	39	8	46	46
63	50	63	40	24	53
42	42	88	87	68	4
29	97	81	98	49	25
6	30	19	64	27	91
27	14	3	39	77	58
63	12	12	70	12	92
92	57	93	13	85	76
62	2	6	45	63	97
72	31	60	47	3	74
81	36	72	44	12	89
26	89	1	48	73	44
2	53	8	77	79	67
20	20	48	33	20	68
73	70	55	97	54	17
22	75	22	22	10	25
97	22	49	86	63	57
45	37	62	70	5	98
47	44	58	84	22	80
31	25	25	13	25	8
50	73	35	82	80	24
29	58	31	9	81	34
3	8	3	45	3	72
44	76	47	38	55	96
62	36	9	16	60	38
38	3	80	55	13	98
63	1	26	93	49	31
38	38	80	37	49	38
9	69	15	98	76	88
37	70	20	74	55	91
49	49	49	70	97	91
98	1	83	38	30	79
47	26	22	2	23	40
68	99	61	33	75	90
51	86	52	40	45	68
42	27	93	83	74	46
55	70	21	29	11	93
79	33	84	41	89	51
17	5	5	10	5	19
76	96	88	33	1	60
23	33	68	88	55	93
14	23	3	31	83	84
52	77	92	74	6	78
99	35	28	28	81	28
11	20	38	54	1	42
4	94	18	40	77	77
20	60	86	76	55	93
28	9	61	3	22	2
71	53	76	47	24	96
55	81	66	88	99	55
68	19	19	10	57	72
69	10	95	21	51	55
81	83	90	90	58	37
3	96	99	3	3	18
74	42	56	29	29	30
73	82	91	57	53	89
44	11	68	10	1	95
100	82	48	65	3	18
87	48	29	48	13	48
29	8	32	79	80	36
81	84	97	35	70	38
9	58	89	99	13	10
76	24	25	31	84	67
35	31	41	37	51	10
30	70	13	8	5	53
96	71	5	49	53	91
93	96	2	40	58	82
86	89	91	73	86	21
68	26	92	79	71	44
14	77	57	49	74	100
25	25	14	25	91	75
56	76	82	28	28	28
59	83	30	23	96	23
79	96	37	100	87	79
96	25	65	69	75	91
10	99	44	32	78	53
84	31	89	89	11	48
64	87	55	95	76	38
56	37	86	52	83	36
22	58	99	80	91	31
63	11	71	16	61	48
38	99	9	83	47	56
50	17	10	17	40	17
94	33	36	23	61	46
45	34	58	52	3	29
1	60	14	39	56	41
80	51	20	37	11	80
10	17	85	10	67	95
27	48	83	26	59	30
57	6	84	60	81	85
30	5	81	56	30	30
39	33	18	68	91	46
98	18	3	32	88	64
27	64	14	56	30	99
60	13	70	38	36	88
17	14	76	47	47	47
89	57	58	77	39	68
100	34	2	58	2	2
98	27	27	27	50	43
59	59	27	34	75	88
71	41	41	70	41	94
18	22	22	84	5	22
46	4	89	82	82	8
72	34	65	29	57	27
95	30	74	77	50	24
45	24	7	98	5	92
77	56	80	21	84	98
1	54	18	55	15	21
34	87	48	9	82	2
46	52	39	86	11	94
95	87	7	100	59	73
82	60	24	90	19	92
37	78	53	72	86	15
41	60	81	12	18	32
39	23	24	47	58	65
12	9	44	44	27	52
25	25	52	63	65	25
35	27	56	61	61	78
17	41	25	87	41	46
29	12	11	51	100	27
79	26	74	16	92	70
27	18	79	19	79	99
76	70	23	23	23	84
25	91	82	44	43	84
59	39	43	72	22	36
37	98	56	1	26	31
52	67	91	75	88	80
86	82	15	16	30	95
19	19	68	19	60	10
40	18	83	18	18	71
79	37	65	93	34	74
52	31	6	13	31	17
1	91	19	68	24	97
54	90	7	22	6	74
82	17	62	80	61	18
57	85	63	81	71	44
77	4	36	53	41	18
9	67	60	27	20	46
87	28	57	94	90	13
57	18	11	48	18	18
91	82	92	22	4	1
46	46	90	90	27	4
46	92	46	46	53	63
22	25	99	69	81	20
96	29	82	90	69	67
42	37	37	37	66	9
32	92	32	49	32	47
14	14	42	14	70	44
89	91	89	74	68	75
13	43	90	100	91	86
77	88	9	28	77	8
22	22	62	77	53	22
82	31	87	62	41	22
25	6	15	73	50	65
21	33	45	89	90	9
79	38	50	22	88	27
98	94	39	57	84	7
75	60	70	37	3	90
39	30	46	44	30	30
92	100	85	46	95	81
75	62	96	46	8	35
37	66	91	56	20	43
23	23	41	23	54	94
44	67	44	44	9	94
4	1	96	36	17	97
10	10	38	18	33	10
24	85	32	8	76	78
10	91	50	10	60	10
70	77	58	55	64	8
78	54	64	49	21	38
19	97	37	36	3	13
81	87	34	87	39	4
74	65	46	79	44	74
17	13	22	22	69	83
100	10	12	84	33	87
96	8	83	28	95	95
91	28	7	79	26	44
12	83	30	81	69	57
26	95	6	69	69	72
89	37	64	30	33	69
16	59	57	3	92	1
67	57	35	63	83	77
50	67	28	59	46	1
86	65	44	84	11	17
46	46	96	86	46	5
14	50	55	92	74	8
59	30	87	41	63	15
5	62	98	1	98	70
53	71	80	33	100	57
42	9	73	45	9	9
19	19	19	15	8	40
6	31	31	44	31	69
42	12	57	12	53	35
19	17	49	3	1	12
100	25	51	42	25	25
2	2	2	9	100	6
8	16	59	43	40	49
39	45	42	45	45	3
51	57	21	21	21	36
40	7	51	100	40	40
61	32	95	99	14	3
17	81	59	83	17	17
37	44	56	44	90	44
25	25	85	21	43	56
2	63	89	89	17	49
2	94	87	2	2	68
90	69	45	38	38	38
17	52	52	2	70	58
73	93	86	31	59	47
22	22	79	85	91	22
95	54	98	67	33	69
91	50	48	71	74	92
79	96	21	21	2	33
82	79	26	26	19	26
22	58	42	11	30	66
16	48	9	9	7	9
1	50	50	35	50	74
63	48	21	70	100	33
12	39	4	87	73	97
30	88	11	30	62	30
92	23	78	66	54	10
35	35	92	49	35	71
9	79	2	75	9	9
97	80	36	36	7	36
46	100	26	46	99	46
58	100	32	87	3	12
21	14	56	11	21	21
46	15	17	15	6	35
18	1	44	7	19	31
9	74	94	28	72	79
77	67	86	71	55	20
41	4	56	15	41	55
95	94	4	21	8	6
41	7	81	41	41	54
80	82	11	52	38	16
57	19	35	9	5	2
11	53	3	11	11	25
96	3	3	92	46	79
9	8	8	66	57	8
71	96	64	21	18	11
35	21	39	69	56	56
78	52	58	76	36	73
60	17	18	3	12	63
24	17	32	46	10	82
85	13	67	83	88	47
98	13	75	2	37	73
44	23	22	72	69	11
65	88	52	27	54	25
12	66	23	29	32	46
12	4	19	92	81	9
69	24	95	10	90	52
68	99	39	7	31	88
1	19	1	15	1	55
41	5	5	99	48	5
60	72	13	50	93	15
52	37	16	87	64	40
19	74	40	19	19	88
43	6	73	76	82	19
95	3	43	83	71	30
37	87	57	85	96	82
28	60	89	45	7	47
15	3	25	15	15	86
31	31	95	77	71	31
80	11	30	13	9	91
76	1	79	69	22	76
2	73	91	2	63	2
27	63	27	94	27	67
11	14	59	75	30	94
92	93	8	70	26	66
5	38	57	11	19	65
6	43	84	6	61	6
75	50	31	50	57	50
19	91	60	19	62	65
96	5	85	37	89	66
15	34	46	15	15	68
15	37	84	97	85	100
73	79	29	29	29	37
98	19	69	31	44	8
93	33	32	8	21	7
74	86	9	26	11	5
8	8	31	56	85	8
45	5	7	65	7	80
75	76	12	12	61	12
20	82	10	40	24	53
41	92	93	8	22	18
84	83	99	64	55	21
75	94	18	4	2	31
71	47	93	91	100	13
79	32	32	99	32	42
24	58	56	74	70	25
83	73	80	35	86	83
36	30	80	100	26	100
41	39	72	73	82	89
81	71	26	65	57	66
3	3	12	53	3	86
6	7	95	7	7	76
4	92	20	65	55	67
96	7	42	33	69	88
27	48	89	27	27	32
70	88	73	50	50	50
58	30	30	30	62	79
48	17	30	50	40	38
24	6	34	49	82	5
35	8	81	60	42	4
38	5	61	88	96	76
92	63	99	72	81	52
46	46	46	41	12	77
6	88	99	59	79	56
2	13	28	75	97	50
21	2	58	32	85	85
83	19	17	17	17	4
32	26	31	2	74	1
5	7	5	63	5	54
22	84	95	19	7	46
45	85	16	73	63	1
12	27	39	97	40	54
30	30	54	51	30	57
68	25	80	6	6	51
32	39	95	48	33	25
68	7	34	84	68	18
85	50	57	64	84	60
96	22	1	34	3	51
23	69	86	13	72	38
23	64	12	26	18	61
3	42	88	41	75	45
12	95	86	50	35	72
46	44	84	100	25	18
69	31	85	4	74	41
30	72	57	30	30	56
55	84	67	7	79	73
37	81	82	92	37	37
46	32	10	36	34	7
5	63	4	16	91	1
27	2	53	15	23	28
28	93	60	91	66	52
26	38	15	46	48	35
47	5	4	51	84	48
48	82	36	80	37	19
32	84	1	2	33	82
96	46	9	23	9	9
92	30	96	77	65	66
8	7	41	57	94	2
78	41	80	89	1	57
44	44	55	33	44	38
61	68	77	15	80	79
11	71	14	16	74	19
9	81	64	98	32	2
72	75	19	91	37	98
24	60	74	24	13	24
11	36	20	44	40	50
100	23	2	90	4	48
4	29	74	76	21	31
93	69	73	85	31	22
21	46	21	67	21	52
89	99	28	59	36	67
77	15	81	84	30	26
63	69	62	24	46	27
31	37	45	12	20	77
81	79	60	43	65	96
57	56	69	41	38	11
60	13	84	13	13	95
46	29	62	50	67	79
5	16	29	5	5	73
65	87	91	6	81	23
14	20	20	25	20	66
61	5	99	97	84	54
69	65	27	92	91	89
51	95	32	91	66	36
3	91	72	96	25	71
9	9	55	52	100	9
76	4	76	30	91	61
85	45	45	45	13	95
80	30	63	25	39	31
14	84	66	43	14	51
97	66	6	45	74	60
5	11	99	21	43	1
39	8	23	7	39	39
94	58	51	36	42	10
47	34	99	29	34	34
45	45	25	13	45	37
21	10	10	10	57	42
28	24	1	29	47	31
36	36	54	90	92	36
42	51	17	39	4	32
15	38	88	56	45	38
24	22	96	60	13	36
47	40	39	40	40	89
66	61	66	98	82	21
23	84	23	55	23	7
33	16	67	37	81	17
16	47	37	95	14	75
37	37	90	70	91	37
83	5	37	51	40	96
88	77	59	51	14	7
8	71	8	12	47	8
30	30	34	71	68	30
50	84	8	83	28	13
13	13	34	95	93	13
97	2	2	23	2	43
14	7	45	47	15	54
61	49	6	84	31	14
41	16	7	33	20	51
75	61	21	98	48	24
28	29	28	41	65	28
39	25	25	62	25	23
23	43	43	31	52	43
74	31	9	13	65	41
30	76	30	30	27	66
55	6	36	93	95	89
49	5	16	11	83	73
18	91	23	8	92	71
88	88	71	25	98	58
15	82	4	9	4	81
14	9	71	33	48	10
34	29	2	44	44	49
52	94	71	56	36	59
64	16	16	16	57	70
40	49	49	49	80	61
77	53	64	86	58	59
76	98	43	26	42	15
50	33	9	90	28	98
18	44	60	32	46	38
12	93	42	75	30	96
38	80	57	58	60	67
27	65	96	100	95	11
60	34	90	46	87	53
73	96	44	85	20	2
39	66	7	9	73	57
98	48	32	42	71	98
46	22	91	59	77	1
9	9	5	22	9	75
3	7	9	11	9	9
45	93	30	45	45	31
79	62	22	62	55	39
30	6	64	35	63	3
68	29	7	29	52	29
28	89	15	67	61	84
86	57	62	39	29	24
78	64	79	37	68	73
16	15	15	15	40	85
76	80	2	88	88	2
18	18	18	49	68	47
37	66	67	63	73	86
71	47	50	59	25	23
74	47	39	78	13	21
49	15	61	55	26	12
85	46	34	40	11	52
38	15	47	65	16	29
31	7	13	14	6	71
37	9	9	79	51	9
65	66	76	28	60	66
37	79	91	42	77	7
16	36	41	63	78	54
82	27	62	95	96	5
92	83	46	44	62	25
3	37	3	94	3	75
97	22	19	96	69	91
53	93	75	82	22	77
4	99	2	74	52	41
33	18	8	8	98	8
25	62	93	6	56	46
14	81	21	69	6	96
28	76	28	52	28	67
12	68	95	54	90	73
33	71	45	45	69	94
69	70	63	18	28	10
44	39	95	75	85	17
36	9	64	9	29	9
49	81	24	74	68	46
53	25	24	67	46	87
57	42	42	89	42	6
18	86	65	95	33	95
71	24	24	24	66	53
9	23	7	100	7	7
30	22	29	53	98	60
74	3	3	60	50	3
72	94	51	44	23	3
34	57	40	85	34	34
5	97	19	87	47	56
47	62	43	23	24	81
3	91	26	83	75	50
23	72	86	83	97	39
10	11	11	11	82	4
1	84	7	98	78	69
62	11	55	61	42	65
1	63	44	47	97	27
21	41	21	57	21	74
58	61	18	33	31	76
68	30	4	23	16	28
23	2	10	28	38	12
21	21	30	21	52	9
8	8	13	8	55	12
77	16	48	80	14	25
39	33	33	33	83	46
51	10	43	21	92	100
95	36	94	24	27	70
11	91	1	79	1	1
48	21	80	70	19	63
65	22	22	80	22	17
13	17	93	38	82	34
49	49	38	23	33	49
66	61	10	50	95	52
33	21	22	68	77	81
46	44	8	20	80	26
47	47	47	74	62	20
12	96	59	8	4	41
60	37	5	70	5	5
73	50	80	40	40	56
41	2	52	2	18	2
42	64	35	49	8	71
98	60	63	47	36	57
74	68	41	9	83	51
96	15	61	55	88	59
21	2	23	23	23	12
67	27	41	27	27	20
51	47	38	10	16	91
97	16	2	9	97	56
46	80	1	97	51	41
61	68	48	5	58	30
79	68	91	100	52	67
88	94	40	6	1	53
30	11	21	99	12	48
14	20	98	23	28	52
25	24	84	43	25	33
56	63	96	29	21	17
33	41	60	21	24	43
42	35	8	89	54	87
46	94	15	79	99	40
69	73	18	85	1	55
41	92	39	36	57	79
37	92	2	95	85	56
26	30	20	45	96	75
40	26	42	11	68	29
10	57	12	60	74	66
2	81	48	2	84	2
80	2	24	5	90	8
100	56	73	12	18	88
31	66	12	22	54	16
46	84	31	6	34	33
6	19	23	80	23	23
21	94	40	8	69	17
19	17	100	85	35	93
68	20	20	7	20	79
17	18	17	17	27	86
48	61	82	6	55	33
3	50	26	45	35	84
22	90	17	58	96	70
35	40	45	98	42	26
38	31	29	46	24	83
92	21	25	25	25	57
96	84	72	64	62	16
75	9	53	19	80	71
59	54	20	96	47	76
87	93	38	26	62	78
92	69	24	61	86	16
67	60	1	48	14	36
78	33	16	4	60	100
20	96	20	22	20	53
23	69	45	64	96	25
69	10	95	67	75	96
27	11	66	89	12	1
58	20	21	20	20	72
86	40	40	40	48	33
51	24	42	94	42	42
72	94	2	87	82	88
73	86	21	35	93	46
8	66	40	81	40	40
25	50	13	38	9	62
1	1	80	1	26	32
25	14	88	25	33	25
11	11	11	15	8	50
76	92	71	90	22	41
25	73	25	25	12	63
1	28	5	71	51	23
39	99	70	75	100	98
29	69	64	99	28	20
57	23	23	23	30	70
16	29	97	28	91	84
16	13	6	6	69	6
14	14	22	67	14	6
22	73	83	89	63	26
48	19	100	76	72	98
45	20	37	4	58	56
72	3	43	43	9	52
28	10	13	22	33	21
79	14	48	18	18	18
87	93	36	36	36	30
49	7	14	60	88	27
16	5	33	93	5	5
62	15	78	36	90	7
58	25	77	6	90	72
81	50	8	38	61	70
10	76	71	4	3	72
12	41	12	12	97	47
21	36	36	5	36	58
30	77	97	33	95	51
71	20	4	20	20	53
31	7	27	67	30	78
34	34	96	34	68	51
21	27	84	45	91	95
85	14	14	26	14	76
11	1	58	11	90	11
97	9	1	82	19	15
18	16	81	18	20	56
41	34	7	71	46	41
65	6	22	80	71	12
48	76	48	48	22	54
20	68	98	25	25	25
21	2	43	2	61	2
51	41	85	41	18	53
33	33	31	75	33	39
50	5	9	42	93	7
74	94	9	72	8	95
42	96	99	69	58	70
15	15	7	15	57	19
14	81	35	44	14	14
4	48	73	91	30	40
81	32	84	57	32	51
42	79	72	11	11	73
48	49	35	17	29	38
32	40	55	89	50	76
87	53	36	13	58	37
73	91	3	24	10	96
19	14	14	77	68	14
83	35	35	35	85	70
43	60	4	4	8	4
19	8	33	36	49	60
50	36	35	32	15	83
65	41	1	3	32	15
20	84	10	47	70	13
59	16	82	28	18	82
76	70	27	29	7	63
73	92	43	69	31	47
2	2	2	71	28	53
77	70	51	22	22	11
90	33	99	29	31	32
48	74	80	41	65	30
25	44	25	85	25	79
67	75	68	45	60	64
90	67	61	46	95	60
35	100	85	43	79	24
80	22	8	22	59	22
84	44	34	34	63	34
99	3	53	23	47	30
68	22	24	8	72	56
3	13	8	56	9	81
85	93	31	40	52	86
25	80	93	90	59	38
89	64	86	68	76	97
40	10	66	57	65	97
83	43	19	51	29	56
31	30	31	75	20	31
24	28	8	24	95	24
56	21	31	75	69	99
78	10	100	93	33	29
53	3	71	69	9	68
47	80	47	95	47	41
60	2	84	22	94	68
15	14	82	100	16	34
68	55	2	43	55	35
17	59	17	33	75	17
87	77	82	73	88	75
43	63	43	11	56	43
16	2	1	3	3	3
98	53	39	1	1	89
58	18	57	40	44	99
41	41	92	47	41	85
56	93	39	63	44	28
90	5	79	96	61	71
7	53	61	41	10	25
87	44	30	77	31	14
14	89	9	96	38	72
62	93	6	31	5	64
38	35	66	30	77	68
67	74	43	33	15	85
87	82	5	5	5	41
64	73	2	51	84	92
85	67	65	39	26	86
7	7	74	7	27	48
59	96	82	3	9	33
99	57	72	34	14	1
27	43	66	99	20	86
63	16	16	16	33	27
10	41	33	33	33	54
38	33	97	57	14	99
39	38	54	96	47	39
62	26	96	22	21	46
31	31	1	83	31	15
74	42	3	4	25	25
36	78	79	9	34	29
12	90	24	39	43	88
10	20	11	78	11	11
43	25	25	22	75	25
26	35	49	21	20	87
44	45	71	44	5	44
36	3	35	68	6	16
19	97	84	23	40	95
7	47	68	97	95	66
89	6	44	41	45	17
64	60	91	29	30	51
36	4	92	2	89	92
61	56	89	99	98	53
32	57	24	21	91	24
63	68	95	44	64	73
96	79	27	45	4	18
51	37	89	62	75	33
13	39	39	9	39	22
96	8	33	41	8	8
23	28	23	44	78	23
95	48	74	66	98	33
9	66	9	36	9	93
90	11	8	1	29	38
67	31	75	15	18	22
3	22	35	35	71	35
18	74	36	52	36	36
23	9	61	86	25	2
91	89	58	54	93	40
81	13	56	88	40	38
83	74	52	2	20	80
16	39	94	14	23	96
69	100	43	82	3	54
94	97	48	48	48	71
24	70	40	40	40	8
73	42	41	41	33	41
25	52	95	21	7	42
47	23	77	44	18	59
58	2	43	82	90	29
48	56	94	73	54	2
46	10	69	89	39	59
74	26	31	78	50	77
47	63	5	18	18	18
31	41	79	45	69	20
4	41	4	97	88	91
64	30	39	12	79	46
5	57	22	13	5	5
14	69	57	3	49	43
74	12	80	47	25	59
49	44	84	44	44	46
25	5	1	2	65	45
35	80	65	31	98	94
88	48	5	5	66	8
2	5	50	49	32	86
83	78	98	58	79	37
13	20	20	12	20	1
39	36	86	38	51	47
73	92	100	12	61	42
48	26	24	48	48	47
91	36	36	31	26	36
28	5	77	54	70	69
64	96	2	79	20	93
17	2	95	2	24	2
1	50	82	48	63	47
80	3	99	4	43	26
16	33	71	99	17	4
53	72	97	10	37	80
100	1	4	88	79	21
72	42	42	74	47	42
21	69	77	11	34	40
1	55	12	1	1	81
25	95	6	48	12	79
5	13	3	11	49	79
76	90	90	86	98	55
54	75	87	41	24	74
78	73	69	82	51	75
28	79	97	9	3	65
90	71	55	35	98	75
57	56	23	23	23	66
63	100	93	68	16	78
8	77	28	75	78	81
6	78	11	11	90	11
6	46	75	55	100	51
15	92	28	3	51	75
27	9	96	23	64	82
39	98	74	13	34	43
80	25	29	74	8	53
51	85	16	8	30	3
23	36	98	75	14	14
33	61	50	47	1	36
33	33	29	33	28	62
24	53	24	52	24	97
61	40	40	17	40	91
34	65	11	47	86	38
97	75	15	22	22	22
14	66	11	84	95	14
28	34	65	92	44	58
49	35	38	38	23	25
82	14	29	29	18	29
4	74	4	15	62	4
48	33	48	1	48	40
57	51	57	42	60	37
15	75	54	78	85	33
95	42	58	74	74	84
50	36	79	5	14	36
40	32	20	91	89	43
48	21	43	39	12	34
35	69	44	26	25	45
46	48	80	28	4	85
28	54	60	82	7	43
14	75	14	14	17	87
22	21	21	52	30	21
58	21	82	17	17	17
55	83	85	81	13	83
81	9	13	45	35	77
50	51	64	68	46	52
62	38	60	1	77	66
16	80	16	33	16	14
33	39	69	27	18	94
22	53	22	67	22	43
15	79	33	33	14	33
60	52	18	31	68	67
96	32	64	2	55	13
8	35	5	14	47	95
68	29	17	9	64	18
11	92	11	11	76	12
57	84	28	57	13	28
82	66	94	33	90	86
75	33	33	51	33	86
77	19	20	23	86	9
38	94	81	72	14	14
83	6	1	76	6	90
52	93	100	34	99	2
52	85	60	16	100	89
28	28	15	28	19	83
15	15	63	84	15	36
14	99	35	35	78	35
18	38	44	99	29	64
16	68	16	69	16	86
7	80	8	92	97	68
20	37	62	37	19	35
69	98	93	83	83	96
50	6	22	25	38	92
1	43	25	97	6	12
69	85	9	94	90	36
41	85	62	95	41	41
24	91	73	85	59	13
59	44	74	62	90	48
96	42	42	63	42	9
70	63	92	82	100	80
52	4	3	24	9	14
96	68	42	17	34	74
62	42	9	69	1	82
53	7	48	13	48	48
99	95	79	42	62	99
5	84	25	88	5	5
71	9	54	16	73	15
85	33	45	96	76	91
38	38	65	57	38	3
67	19	13	82	8	7
14	93	75	53	14	14
13	13	57	51	57	68
40	46	72	84	61	53
36	68	71	57	47	100
24	63	32	15	17	47
25	31	71	47	41	62
73	14	72	90	11	51
39	58	84	26	82	19
3	2	25	62	99	52
95	80	41	71	26	6
48	31	56	98	31	31
61	34	94	59	27	36
31	21	88	92	21	21
13	5	92	32	57	90
2	38	76	13	38	38
80	12	45	47	49	83
48	58	48	83	7	48
69	1	50	12	52	32
37	37	73	25	83	37
91	52	19	91	68	32
68	78	20	90	96	14
17	83	17	11	87	57
87	19	49	74	60	62
90	45	62	15	15	12
66	91	6	76	40	72
87	98	64	77	6	58
84	64	89	46	76	87
78	99	91	10	89	55
18	71	46	73	89	72
38	9	49	46	81	100
28	65	61	28	1	28
51	39	61	16	98	99
93	50	68	15	55	78
48	96	97	4	43	27
95	1	84	84	24	96
84	90	87	67	48	27
87	38	27	67	38	38
13	55	13	28	13	70
43	35	51	35	34	28
99	50	48	22	23	53
98	61	13	98	78	74
50	93	7	27	66	57
50	100	83	47	5	91
12	47	47	29	65	47
44	73	70	48	4	70
8	44	20	52	93	20
9	87	73	31	70	46
54	76	32	89	13	15
53	55	31	2	76	15
88	47	47	4	98	47
40	3	22	49	94	24
25	73	56	30	49	6
48	15	48	74	30	48
82	57	43	70	21	60
49	7	2	20	20	37
32	57	25	77	60	34
34	60	78	56	90	98
79	34	8	82	77	66
28	28	9	28	8	2
19	59	4	8	90	53
9	52	71	95	25	17
61	34	84	48	34	34
95	43	19	92	67	5
55	88	35	41	26	62
35	52	59	80	30	64
25	35	1	41	34	6
92	28	28	52	28	27
52	35	10	40	4	2
37	37	52	37	100	50
1	28	1	88	1	96
1	13	13	5	13	93
75	63	59	26	58	53
86	73	27	87	36	58
22	75	7	7	7	55
50	4	42	50	50	73
20	20	73	96	20	74
69	34	63	45	34	34
41	26	95	73	3	29
75	71	29	20	6	21
22	22	14	15	22	73
14	36	36	57	30	36
26	57	36	37	89	54
40	34	62	71	32	100
1	21	21	21	33	54
3	29	60	5	67	11
85	60	75	82	53	12
90	37	43	12	50	53
93	17	27	19	90	77
26	95	58	20	55	40
12	72	12	44	73	12
13	5	41	5	16	5
13	40	44	77	80	96
73	15	18	67	43	85
86	33	7	75	81	26
19	26	23	2	26	26
16	51	16	73	16	85
9	23	3	54	8	33
44	88	35	9	64	36
54	21	38	13	19	98
84	21	51	15	32	8
71	24	41	26	96	64
84	10	56	18	11	65
87	54	45	79	55	56
8	77	10	28	5	64
30	18	18	79	74	18
64	22	43	82	60	85
29	6	37	55	65	93
4	23	23	23	42	24
49	64	97	89	97	85
20	50	9	80	50	50
42	24	22	22	22	81
71	4	4	4	40	100
47	45	91	47	11	47
77	80	90	96	52	36
87	45	100	84	100	17
24	5	53	49	42	34
20	24	24	75	23	24
53	72	26	27	36	47
43	43	43	88	11	16
13	15	51	95	76	59
13	37	55	16	5	62
91	5	9	5	44	5
89	70	36	36	36	29
24	69	24	64	24	78
28	87	63	28	5	28
82	49	72	39	73	93
74	64	9	44	45	61
4	32	17	32	38	32
93	10	10	64	10	12
42	2	42	66	69	1
16	44	5	22	24	33
100	78	57	47	11	94
54	71	68	9	26	15
19	81	77	48	31	29
29	78	72	59	22	67
55	26	9	36	92	85
10	34	49	34	34	56
72	41	1	100	32	36
64	7	62	23	53	44
83	88	36	19	30	75
94	43	98	19	47	52
17	7	48	5	49	70
49	23	90	29	79	34
25	3	51	19	50	6
82	56	68	24	60	60
29	63	29	94	1	29
97	28	46	19	19	19
6	86	9	6	6	83
64	96	69	54	80	52
33	18	35	82	20	50
87	82	2	27	38	81
17	35	9	36	99	10
12	98	37	88	35	75
94	42	87	32	50	70
13	60	70	65	94	52
58	78	53	8	95	62
67	19	56	19	49	19
27	62	27	27	98	70
22	17	77	83	21	98
55	67	44	7	46	63
20	76	97	6	94	59
21	59	99	89	68	3
30	11	64	30	30	54
31	71	31	37	31	67
94	83	64	4	4	4
37	37	37	82	42	33
61	62	78	47	79	42
52	97	60	61	87	6
58	2	74	25	65	58
9	96	34	64	13	42
22	38	65	48	92	50
1	59	58	65	3	66
59	71	90	68	24	72
21	63	33	21	21	12
21	14	14	41	85	41
83	96	13	27	42	69
70	97	48	64	53	42
25	61	59	27	65	79
79	74	49	18	92	61
57	73	63	26	43	12
27	7	56	16	78	9
25	52	22	57	25	25
35	40	40	32	47	40
47	44	94	70	8	80
50	48	8	72	22	74
7	85	39	47	45	83
30	100	31	42	30	30
81	3	72	16	55	61
54	18	74	20	39	47
99	16	67	25	13	91
12	28	65	68	1	99
13	39	99	13	32	13
43	100	73	49	24	71
91	81	18	93	98	52
48	33	55	85	66	64
58	5	94	26	2	71
53	67	50	100	58	32
23	1	18	54	18	18
39	10	11	42	5	2
40	38	73	87	38	38
47	78	98	78	33	50
71	100	81	28	37	34
46	18	46	48	46	78
14	13	91	13	98	13
70	72	96	4	13	65
2	19	2	34	2	89
88	5	5	73	5	83
56	99	33	33	85	33
28	53	59	28	6	41
43	54	20	99	72	45
27	49	49	57	49	100
26	1	37	1	89	1
66	68	41	15	60	97
19	37	14	31	14	50
40	5	72	13	61	88
1	92	73	11	75	1
81	32	32	53	9	32
28	36	45	45	97	45
95	93	13	93	17	89
22	22	22	87	25	26
6	62	14	23	40	47
70	1	10	37	10	10
36	17	31	31	10	64
70	28	19	28	28	100
60	51	28	3	92	15
73	35	35	54	98	35
19	19	19	10	94	84
89	99	58	69	95	53
69	46	3	67	33	5
92	62	25	76	95	49
2	51	98	51	43	75
56	9	27	86	17	54
28	44	40	40	75	40
73	20	36	62	65	58
39	68	25	73	25	25
90	77	12	96	24	7
97	99	90	15	36	7
77	34	35	45	70	85
60	57	57	48	36	55
19	98	72	89	22	10
61	64	7	100	72	36
76	65	28	45	28	28
67	3	54	58	99	60
5	34	5	5	6	88
55	14	27	31	83	49
19	64	19	55	50	19
7	18	12	31	94	88
42	85	32	45	71	41
34	29	61	57	98	14
9	66	90	57	9	9
93	50	87	39	72	88
56	59	52	30	83	95
83	68	1	46	17	5
21	57	29	30	41	69
68	23	94	33	8	11
83	91	55	64	84	92
46	42	73	41	35	44
76	26	56	15	25	10
92	4	1	19	58	11
81	55	59	91	70	64
9	99	58	53	68	3
14	14	74	99	8	14
58	97	73	48	53	32
65	5	60	24	3	15
32	73	7	27	82	72
41	71	65	35	72	86
21	64	6	100	21	21
92	87	35	35	82	35
96	6	66	26	44	69
76	35	44	63	40	93
97	51	100	70	85	75
100	26	2	60	61	86
86	44	76	4	100	87
78	16	30	62	95	47
47	55	88	100	39	82
24	64	37	37	37	49
56	80	85	68	19	84
90	41	44	14	32	10
67	64	96	59	90	37
6	72	9	88	9	9
17	71	28	87	63	24
73	32	16	34	53	99
91	22	9	9	62	9
75	89	34	19	73	19
45	17	45	59	88	45
30	1	37	37	87	64
11	36	15	85	36	36
22	78	56	41	29	38
72	58	37	82	26	44
79	28	28	28	42	5
60	67	76	63	31	46
7	7	19	41	61	7
30	22	51	75	13	50
95	79	18	30	58	30
83	40	37	37	77	79
68	32	12	17	60	31
62	96	22	43	23	59
29	52	53	98	29	29
10	43	47	59	6	38
6	77	38	6	53	6
89	18	78	75	49	70
38	39	13	81	15	67
97	75	5	12	13	84
57	29	57	46	76	52
9	14	23	25	10	74
41	5	88	94	47	66
6	2	20	49	96	38
2	2	40	62	2	31
29	5	5	25	86	5
75	37	37	93	15	32
25	25	25	61	63	67
79	41	92	48	14	86
14	51	37	44	82	72
83	54	42	5	4	99
22	38	84	22	22	71
66	5	100	19	19	19
37	15	54	59	27	98
75	25	94	25	22	5
31	12	37	74	31	83
65	50	17	40	81	49
67	17	86	23	71	36
77	30	76	10	98	80
31	18	15	15	68	15
26	60	37	11	11	11
55	19	98	24	11	28
74	42	64	50	53	74
98	12	98	40	18	26
15	19	19	49	41	19
47	85	55	78	7	67
64	29	44	12	45	53
79	26	26	26	49	81
36	36	36	33	54	21
96	38	2	6	71	87
26	73	99	33	34	18
93	19	1	75	31	36
65	3	65	25	95	81
40	28	85	28	96	28
57	7	44	27	44	44
35	81	79	48	64	13
44	52	62	34	37	13
81	26	23	91	30	82
22	5	10	5	77	97
65	11	86	62	55	50
51	60	14	100	57	56
91	4	58	81	29	100
99	57	10	39	29	91
65	56	71	88	45	70
12	25	36	36	36	50
67	36	85	86	64	96
5	5	93	68	42	5
96	39	39	80	40	39
20	59	66	20	15	20
18	1	1	12	1	46
65	5	13	74	87	67
85	20	2	31	7	83
41	41	17	36	41	2
28	80	30	92	37	27
21	90	74	99	63	4
27	35	63	50	27	27
67	86	20	47	11	31
34	34	62	34	96	43
66	52	82	37	30	77
28	5	61	77	71	24
30	21	98	17	56	67
96	30	61	11	16	65
90	34	78	88	3	58
99	42	27	57	20	89
46	56	38	64	84	74
13	13	30	13	86	50
2	19	12	83	46	3
54	19	88	35	91	69
45	14	65	43	28	41
52	20	20	20	86	58
33	74	8	61	69	4
91	75	23	94	34	45
65	67	25	59	99	67
38	67	30	8	3	29
54	65	54	27	15	86
16	25	13	99	37	91
57	46	65	1	29	55
31	70	31	49	29	97
27	52	27	27	82	84
62	19	43	50	38	37
67	18	52	93	12	23
67	13	61	67	97	18
31	34	34	34	48	52
26	17	25	5	63	95
98	24	19	70	97	11
69	90	10	85	2	42
16	15	2	10	2	39
51	5	34	86	7	19
47	5	5	60	5	53
74	66	97	50	2	78
6	54	6	52	6	68
22	63	21	76	32	45
60	80	39	7	40	79
37	38	37	37	20	3
93	35	3	72	41	32
30	65	30	26	49	72
35	73	40	100	61	34
63	37	81	1	37	37
51	2	2	56	2	57
29	29	41	13	29	66
41	41	43	56	41	46
61	97	82	56	55	16
79	66	92	83	53	98
24	14	77	24	15	24
18	36	52	67	13	5
82	74	29	26	65	69
47	71	53	28	87	27
27	29	21	56	84	49
48	97	5	80	37	6
34	52	46	46	30	46
34	88	35	27	36	93
96	69	83	77	23	46
28	23	11	70	25	35
16	78	32	28	82	27
49	61	49	49	42	83
100	96	75	15	34	62
83	91	90	83	15	72
2	15	96	87	68	27
47	16	13	2	38	87
96	88	52	81	20	32
65	40	55	90	25	39
11	67	70	14	27	76
3	87	89	45	48	60
22	93	14	2	80	6
95	76	87	9	5	83
28	88	13	57	6	16
37	68	4	4	72	4
7	18	68	29	37	14
94	94	99	29	1	77
4	2	80	35	2	2
13	80	8	59	86	76
68	27	32	17	3	20
62	81	80	4	13	26
2	38	74	93	14	19
78	45	63	32	86	65
49	4	40	94	34	83
20	65	6	4	95	54
16	63	62	42	17	15
1	79	80	98	31	72
12	69	38	38	4	38
38	50	70	62	47	82
27	20	72	30	73	57
57	10	93	17	75	35
69	43	74	67	53	92
63	49	12	72	60	80
16	12	83	30	30	30
89	20	63	18	54	43
97	100	2	19	56	86
61	40	5	19	28	4
23	17	1	1	67	35
79	40	92	66	70	47
68	35	73	57	29	44
29	78	62	12	69	74
64	25	100	59	46	39
30	66	5	79	36	22
32	14	14	4	14	56
71	98	55	5	72	56
73	25	48	25	25	30
20	74	8	60	81	21
99	90	100	54	33	80
10	89	36	10	10	35
51	69	85	3	4	58
23	42	53	70	13	100
28	22	100	22	67	22
42	62	20	32	77	80
29	29	49	10	29	79
42	57	91	61	58	55
55	64	23	47	25	97
84	55	15	12	42	42
91	60	30	87	75	37
51	85	9	77	93	34
32	6	70	70	35	98
15	77	42	42	46	42
45	56	17	64	71	20
45	4	95	4	73	56
6	82	12	27	46	93
56	30	87	12	11	30
76	82	25	18	39	47
74	31	11	12	34	12
59	26	23	50	92	12
97	89	68	35	65	50
9	90	7	35	40	68
79	96	17	83	38	60
11	96	23	4	39	13
18	61	33	9	72	90
4	7	24	4	4	61
20	47	20	36	62	20
28	46	25	9	9	9
98	26	89	62	53	77
37	2	9	37	76	85
63	83	58	75	36	33
3	56	58	73	96	62
38	11	81	25	76	26
42	42	22	42	47	10
55	95	59	40	9	98
17	16	88	17	17	58
12	58	12	10	56	12
50	24	50	48	9	50
31	81	55	22	71	58
2	91	37	82	62	54
68	66	18	18	18	14
77	92	56	6	32	50
89	58	19	72	62	3
28	73	96	4	67	59
71	85	25	69	24	4
9	64	85	85	43	34
63	33	24	82	48	18
43	43	88	43	73	86
79	75	31	15	63	76
41	32	12	88	5	99
36	24	34	93	54	60
49	6	53	84	55	11
20	66	3	1	53	35
68	76	82	70	52	22
96	38	77	62	31	41
22	22	64	22	8	4
55	29	95	8	17	66
79	1	38	80	43	43
37	87	11	20	27	18
53	66	68	24	77	39
19	28	32	60	4	95
82	82	67	74	65	90
85	65	68	39	19	98
90	48	26	48	68	48
57	74	7	29	19	47
68	67	50	28	75	63
78	34	75	88	33	62
25	27	79	8	65	25
85	1	44	52	79	58
28	82	12	6	89	6
4	46	52	33	44	26
47	14	22	22	79	22
41	73	85	47	94	37
76	18	68	60	92	20
34	7	7	53	67	7
70	73	59	24	35	44
24	24	24	11	43	31
16	10	2	77	8	55
63	39	85	39	32	39
57	42	66	46	42	74
54	50	69	65	28	43
78	32	75	81	51	46
4	98	61	11	1	41
6	69	58	97	16	76
47	97	17	98	60	100
27	2	60	23	23	23
14	39	1	1	79	1
34	68	34	10	34	59
42	27	98	11	22	31
6	53	78	97	88	35
46	87	50	65	2	18
74	16	82	42	69	86
86	90	39	30	60	19
49	97	97	59	39	87
59	58	28	27	32	10
96	73	7	67	18	48
21	31	98	31	54	31
27	21	46	21	49	85
61	35	80	83	95	62
81	80	91	76	54	99
2	32	32	87	32	33
71	30	72	55	97	42
12	3	96	12	17	58
71	84	33	89	33	42
33	33	67	21	16	33
81	74	84	12	16	48
68	94	89	99	73	28
82	6	77	49	60	68
61	41	27	33	77	41
66	8	9	8	49	8
23	1	83	46	40	40
88	17	97	34	44	47
65	32	81	7	54	3
51	34	12	12	12	86
100	2	2	2	32	56
32	76	28	65	88	66
98	28	16	34	28	29
92	100	25	71	56	70
76	61	57	11	24	8
9	9	9	38	46	2
16	30	35	10	97	21
52	56	52	13	7	70
90	31	48	63	98	73
86	33	92	57	95	70
96	72	84	77	50	40
75	24	24	99	27	24
65	33	91	29	37	3
14	49	14	66	86	14
98	75	43	42	96	25
30	5	25	100	6	6
27	59	54	33	88	89
49	75	5	82	20	75
20	3	64	52	75	71
98	13	38	50	38	38
12	12	30	52	82	35
49	25	14	14	22	14
35	66	32	84	36	33
12	12	12	3	72	25
49	41	13	35	99	38
75	15	15	4	87	15
9	51	61	5	68	9
25	15	58	33	95	2
93	22	4	21	12	18
74	85	87	66	49	20
48	17	6	41	93	17
85	77	10	47	55	62
52	27	34	13	91	37
41	13	47	48	52	20
48	83	86	35	51	75
2	75	2	63	68	2
65	65	71	28	81	55
43	24	44	51	1	100
62	36	73	97	72	48
73	61	12	62	8	2
2	30	61	42	30	30
78	44	17	82	77	62
26	9	68	63	63	81
68	65	18	55	36	43
78	55	90	10	30	80
68	54	39	39	19	44
38	4	38	29	38	28
92	10	10	76	10	77
42	25	84	92	25	25
79	56	44	27	27	27
90	91	22	49	49	49
71	87	95	87	87	67
44	2	44	51	44	79
82	95	13	18	65	6
48	88	17	58	43	76
18	99	91	88	61	98
72	4	26	26	43	26
25	63	32	2	33	60
81	50	64	81	28	3
98	26	25	66	29	63
25	41	67	30	10	9
83	76	8	73	5	29
72	2	77	2	11	2
25	71	5	41	57	94
83	87	29	22	56	75
91	48	95	61	86	10
32	37	32	32	86	48
32	12	43	21	57	63
62	28	47	55	51	5
87	13	95	7	33	12
97	28	61	69	32	62
48	34	18	75	72	21
22	42	22	37	22	7
66	60	25	47	98	40
57	67	2	72	86	52
82	34	10	13	59	20
87	11	89	35	31	35
90	48	23	55	23	23
30	1	29	94	29	29
46	35	46	46	14	41
30	19	69	50	6	94
26	100	26	63	16	58
41	41	10	72	41	67
34	2	34	34	47	49
1	23	23	23	9	28
61	88	49	65	11	59
81	83	17	40	39	86
75	56	42	42	86	42
10	65	63	48	39	59
37	37	53	96	68	79
66	72	32	1	32	32
30	99	28	71	98	77
23	34	56	90	40	67
42	12	47	27	49	9
75	67	69	7	10	16
41	96	58	71	76	46
66	19	16	14	21	26
93	17	6	9	24	32
14	14	24	36	14	51
16	92	44	33	78	97
66	17	5	44	85	61
95	1	71	43	92	17
89	80	95	74	2	89
97	94	30	30	24	30
81	56	66	79	4	68
18	56	32	97	89	66
40	26	62	6	91	90
17	8	1	73	67	43
49	80	2	47	81	63
15	25	74	49	47	10
61	5	59	30	16	50
57	70	42	97	91	44
52	1	47	31	90	56
20	64	19	74	59	19
48	51	95	33	85	17
30	30	27	30	72	51
27	5	74	98	14	18
60	20	52	66	20	20
72	3	91	76	60	33
28	12	62	28	28	92
11	91	71	60	64	56
35	93	52	40	24	84
57	23	57	86	43	35
6	29	6	11	6	3
40	14	7	78	14	14
39	61	33	33	1	33
22	95	38	93	41	29
20	88	57	84	20	20
97	3	23	98	13	94
98	33	19	9	95	28
25	23	48	35	36	45
91	30	63	88	24	63
99	85	1	60	69	20
5	12	15	5	58	5
47	13	34	3	96	76
10	75	63	6	62	27
93	79	49	69	81	45
20	46	97	71	77	83
31	22	96	64	10	42
62	32	84	80	57	27
72	28	62	66	78	63
25	6	6	6	33	46
57	4	50	76	68	30
47	47	47	43	100	35
95	1	64	44	11	91
18	1	1	2	78	59
17	100	65	61	33	48
74	37	18	37	63	37
45	13	97	45	45	24
55	50	50	80	50	21
93	88	7	38	71	55
28	100	34	46	57	81
34	55	86	24	26	45
73	36	36	46	44	5
23	12	79	12	12	81
55	82	84	11	85	2
71	32	12	40	5	90
13	46	46	77	46	20
41	30	57	20	78	12
3	99	54	26	36	61
8	18	97	37	62	54
50	49	12	3	50	50
9	67	67	49	87	32
29	57	78	16	79	99
49	2	97	95	56	85
21	5	32	32	32	79
38	66	1	1	9	1
92	80	56	88	31	44
98	46	90	32	35	60
73	94	82	88	51	34
73	89	83	17	32	94
24	90	83	24	23	24
68	50	22	50	50	45
98	99	39	47	40	84
96	55	86	72	29	18
61	10	10	47	29	10
80	92	34	82	7	45
11	31	18	46	67	67
97	24	52	20	38	45
46	77	34	34	34	81
58	43	67	80	37	40
57	38	38	31	76	38
66	30	22	11	22	22
65	13	66	13	13	33
100	33	62	42	27	3
54	32	83	34	90	20
89	90	25	7	11	65
93	76	37	48	48	48
83	90	24	10	96	46
58	71	69	6	97	75
40	51	38	20	49	33
63	13	59	34	13	13
2	47	3	38	71	59
22	67	5	64	76	19
26	60	15	5	92	11
18	92	60	31	18	18
61	72	33	51	24	69
25	91	68	28	100	92
56	61	79	76	13	34
35	82	56	30	41	37
7	57	93	46	84	92
22	81	67	22	37	22
71	42	52	67	60	87
25	75	20	45	38	12
57	34	15	34	74	34
17	14	47	14	14	98
49	31	23	13	52	21
27	97	56	72	95	13
7	93	25	7	89	7
39	39	45	39	74	50
87	3	66	80	43	45
56	11	31	35	15	73
5	90	15	59	16	12
25	28	9	9	54	4
74	40	22	25	40	40
40	40	40	92	28	91
34	13	8	66	3	20
28	87	82	93	42	48
79	20	90	74	12	32
63	32	3	8	41	44
52	81	49	89	42	61
66	56	21	21	60	21
88	13	13	13	53	68
15	45	38	81	72	84
45	99	31	88	17	56
46	58	34	46	46	44
28	54	48	48	48	70
91	45	98	41	69	16
45	29	8	7	63	34
17	84	46	89	87	23
55	98	95	64	29	88
60	5	64	59	98	25
26	36	52	26	26	55
66	47	29	61	69	65
95	17	17	17	83	41
82	50	29	56	9	81
40	42	96	34	61	96
2	10	10	69	10	63
34	20	26	85	26	26
18	29	50	23	26	39
94	42	81	83	30	72
83	16	16	16	20	90
26	11	13	50	94	3
46	74	52	51	31	22
95	9	73	41	72	74
30	24	9	67	30	30
43	94	9	96	97	64
39	22	98	22	22	46
14	5	63	1	33	96
39	20	27	83	76	8
17	48	56	58	93	81
66	13	25	34	28	65
9	36	47	36	4	36
23	38	90	70	19	48
63	25	95	25	18	25
59	39	44	27	20	99
33	86	11	11	54	81
73	2	61	2	2	1
27	41	72	95	37	2
68	46	55	80	46	46
95	81	22	74	22	22
25	36	35	36	7	36
96	68	90	42	52	79
75	99	44	6	96	11
32	1	35	8	3	95
27	67	39	14	37	43
52	47	28	68	28	28
41	63	81	100	67	68
92	37	37	27	47	37
86	37	47	74	31	20
50	74	75	49	23	46
22	57	52	90	22	16
49	49	58	2	49	74
91	37	43	37	74	37
29	90	39	30	19	37
63	19	33	30	60	4
64	13	58	37	13	13
83	65	40	92	49	12
6	12	6	6	8	75
85	30	92	95	90	93
37	59	71	68	15	63
17	4	17	17	28	6
96	64	56	16	16	16
67	97	58	45	13	29
73	92	19	56	98	87
77	48	44	48	44	79
50	28	33	85	13	4
16	5	98	16	9	16
92	3	22	75	52	12
1	27	3	1	1	52
48	90	14	33	83	83
68	15	84	51	69	41
14	83	96	92	45	16
84	13	13	13	24	46
57	74	45	62	53	90
12	12	12	38	97	95
53	10	74	79	87	91
68	65	33	41	11	61
65	52	41	1	44	6
20	42	59	3	70	88
86	93	12	64	7	95
97	28	28	20	28	91
14	16	81	94	32	20
6	9	6	10	38	6
79	86	79	35	88	93
75	57	54	13	44	83
81	92	18	43	22	83
51	94	100	92	17	7
1	72	58	58	65	82
76	73	43	97	56	13
9	34	50	9	9	97
38	52	38	38	40	83
13	95	86	51	58	20
50	52	68	37	18	15
70	71	93	88	91	14
20	54	14	27	26	36
25	66	37	78	50	26
9	58	33	74	91	16
63	100	30	44	29	86
28	82	23	78	19	82
31	10	10	10	29	62
40	78	10	84	16	49
35	68	7	58	7	7
56	41	91	72	41	41
13	40	41	72	22	76
14	23	68	20	50	19
28	81	100	47	74	98
46	3	96	58	67	34
34	100	48	40	43	32
98	75	20	61	86	70
65	7	59	17	70	18
43	12	28	15	70	46
34	2	28	34	46	34
36	67	36	41	8	36
43	6	35	3	26	33
24	29	34	70	85	87
25	84	55	76	10	26
82	10	79	28	24	56
82	36	83	18	14	23
18	13	13	13	34	83
18	41	75	69	14	57
34	8	46	46	81	55
38	50	61	14	53	90
44	35	56	23	43	8
5	50	26	15	67	41
38	43	43	62	43	37
62	69	26	5	15	81
28	68	26	25	97	45
49	25	83	73	43	14
35	4	42	31	39	89
16	47	45	49	49	90
44	27	58	28	30	37
60	86	66	49	64	63
82	3	23	12	10	14
61	45	45	78	67	45
29	63	62	14	53	5
3	31	29	57	29	29
97	94	28	10	53	14
1	71	38	41	77	15
50	90	88	90	88	96
100	19	29	95	22	74
4	19	74	29	20	46
54	67	49	65	70	25
59	51	43	85	87	35
35	16	34	34	67	34
55	30	95	72	69	71
10	80	43	68	56	21
82	35	67	14	60	6
85	44	53	91	3	97
12	98	62	3	52	91
11	10	29	97	60	68
93	6	6	6	1	33
43	51	45	8	97	22
60	71	55	59	88	31
2	15	26	75	49	56
41	63	41	87	41	68
3	98	69	97	40	27
87	13	84	40	74	96
72	83	91	24	24	24
69	23	31	81	94	24
39	11	4	41	58	63
84	63	24	74	9	21
27	92	46	6	45	38
39	93	100	30	86	1
96	72	85	68	72	24
44	81	28	34	79	61
1	12	74	46	12	12
4	43	27	32	82	72
93	2	59	2	80	2
18	13	58	87	71	60
4	60	10	1	14	61
45	66	38	91	6	37
26	26	78	36	39	97
49	53	31	73	99	33
82	31	31	49	31	92
15	93	16	91	54	70
95	70	93	14	24	73
43	43	66	43	78	93
20	55	38	33	69	71
30	25	35	6	37	41
97	98	24	77	69	25
23	97	31	65	67	97
12	84	61	12	12	48
28	70	32	51	38	59
11	10	53	98	2	93
57	93	25	100	74	44
72	14	14	12	14	5
99	37	13	42	94	27
78	22	22	22	68	4
11	50	11	57	11	6
4	85	98	79	91	71
24	46	66	98	74	13
12	60	93	37	56	10
60	14	84	33	80	71
34	86	96	96	67	48
22	56	31	32	76	51
47	72	58	47	47	13
50	33	51	76	31	12
100	86	94	24	37	64
68	23	30	92	80	14
3	99	98	97	70	91
73	57	77	32	6	70
19	40	86	6	80	77
56	36	45	17	45	45
84	31	85	88	8	90
34	63	16	64	37	80
28	23	63	30	32	80
20	7	48	7	93	7
19	37	91	50	68	75
31	13	13	29	66	13
17	18	37	17	35	17
11	42	10	20	23	69
52	32	75	62	3	49
37	14	71	23	37	37
40	8	83	27	34	19
92	25	51	93	25	25
30	22	35	56	35	35
28	54	44	74	67	96
44	57	44	44	69	38
100	75	23	80	96	4
99	64	23	23	83	23
52	79	75	8	28	74
94	21	36	42	6	89
11	34	38	34	34	7
4	43	97	41	30	72
98	34	34	27	68	34
12	12	71	12	57	83
77	85	80	3	3	3
31	70	45	47	61	35
4	100	73	94	100	76
39	23	97	85	11	65
29	65	58	34	29	29
17	47	61	100	89	89
69	79	99	47	94	96
58	31	34	34	12	34
82	3	3	7	3	86
68	10	91	1	92	46
15	86	75	33	28	28
96	8	39	47	55	91
28	31	19	42	9	36
70	42	78	50	82	2
84	31	27	74	27	27
21	46	45	68	68	21
85	19	14	49	32	6
35	98	11	69	8	38
33	32	90	8	1	9
40	91	81	28	7	10
74	2	50	2	18	2
15	100	86	70	88	5
13	75	13	8	13	56
51	44	55	46	9	25
5	80	5	97	5	6
23	95	34	34	34	99
50	9	41	9	31	9
83	7	43	50	22	11
93	15	70	77	19	75
62	7	15	16	16	16
47	12	41	21	14	17
23	13	23	12	6	23
8	8	8	83	64	98
82	2	60	17	81	76
81	100	66	46	74	22
31	59	96	44	54	43
56	29	6	68	32	87
28	28	28	95	63	74
77	20	30	22	20	20
97	42	93	87	65	40
95	92	26	3	81	99
31	58	17	19	62	86
46	34	11	63	61	76
70	52	20	42	37	73
1	75	39	82	50	28
86	67	38	81	71	44
19	2	41	33	34	31
19	36	70	14	49	95
20	6	57	41	70	68
86	37	94	37	37	26
78	32	13	59	48	44
65	17	67	17	17	79
18	18	67	18	29	52
54	13	9	13	13	80
56	11	17	76	9	86
90	61	79	66	11	44
17	61	81	35	6	63
3	2	91	78	97	13
5	43	63	95	57	29
20	9	80	37	79	61
45	45	45	71	12	47
16	58	21	97	42	34
84	59	72	19	19	19
28	1	40	27	27	27
49	20	61	72	16	9
92	6	6	6	24	30
29	22	14	64	71	4
100	27	2	92	43	100
76	3	52	53	44	98
42	91	18	94	47	41
100	58	37	41	26	46
57	64	24	24	53	24
27	34	11	27	27	23
91	62	3	59	75	87
14	43	14	93	33	75
79	29	25	66	92	24
28	28	28	64	90	44
43	11	17	14	94	41
43	20	53	85	16	36
82	8	67	21	79	28
12	92	88	30	59	96
94	2	2	2	3	74
90	71	58	63	35	98
11	59	19	19	19	33
56	66	21	40	46	56
33	82	41	62	33	33
2	86	58	36	95	63
34	34	34	89	23	79
26	26	14	73	5	26
19	16	16	52	16	43
26	86	65	95	56	3
35	4	68	95	75	11
42	65	18	98	57	87
23	29	23	54	86	23
22	18	40	81	35	22
36	44	75	87	74	74
96	1	4	46	80	5
56	68	11	36	81	18
58	21	8	3	29	28
76	95	63	43	16	44
58	54	5	5	5	6
36	26	96	26	26	9
41	42	1	26	91	23
63	80	86	2	68	64
48	86	16	60	7	53
15	55	30	61	84	56
53	64	25	54	73	94
19	62	80	82	39	94
71	1	24	1	1	52
84	40	78	69	97	31
38	30	26	90	26	26
37	2	7	76	37	37
25	24	25	25	53	78
80	94	23	23	7	23
80	31	31	98	35	31
65	37	75	97	60	50
99	51	15	22	30	53
71	30	63	71	31	18
62	66	16	51	83	54
42	24	3	55	24	49
35	89	40	88	82	13
22	77	14	14	14	20
25	3	3	99	85	51
74	84	57	84	49	68
26	70	80	63	5	7
25	18	68	87	90	63
48	100	49	88	8	50
30	71	72	41	73	25
7	76	30	7	7	85
81	45	63	13	69	12
53	9	54	50	76	87
94	46	56	46	46	95
15	71	15	28	64	15
10	21	71	12	21	21
43	93	42	75	72	89
3	53	21	53	45	80
56	8	90	36	79	8
85	50	11	94	27	19
93	72	21	17	100	80
81	55	84	2	71	41
52	11	42	42	42	66
60	57	42	42	42	24
40	79	99	9	91	36
13	4	86	25	26	53
15	43	99	69	43	43
36	26	36	52	30	36
13	60	96	93	49	83
19	52	19	79	19	14
43	95	91	33	29	42
24	17	10	51	24	24
53	22	30	6	30	30
43	8	86	24	8	8
46	46	7	23	46	18
26	61	26	26	62	47
31	16	16	66	20	16
36	77	25	43	8	74
63	35	35	70	35	8
56	93	93	1	9	6
44	44	16	36	44	48
3	17	40	24	34	54
36	92	5	71	4	55
17	38	81	81	82	91
72	1	48	94	42	55
31	37	75	85	15	91
91	2	50	6	90	88
89	9	51	83	12	51
8	18	13	39	36	46
23	23	66	21	17	23
75	52	18	8	13	88
62	58	49	77	38	27
22	35	32	48	17	50
75	47	58	47	47	94
32	32	76	32	91	4
27	78	18	52	85	37
47	61	73	19	28	39
71	89	11	15	16	25
7	53	40	41	60	69
26	78	46	86	79	89
17	93	47	32	75	30
33	87	3	80	33	33
40	69	40	40	33	18
3	48	25	87	23	86
45	5	5	18	5	36
90	95	3	90	83	76
14	12	86	43	96	66
62	69	22	22	22	64
42	56	67	37	42	42
41	16	11	88	30	95
100	38	39	62	85	14
9	9	9	8	95	94
10	46	100	30	15	8
3	20	73	20	92	20
20	77	16	62	73	29
7	41	41	41	66	82
3	96	76	40	22	47
38	38	59	11	12	38
100	7	26	7	7	78
13	46	74	25	4	94
39	87	32	16	100	76
23	60	27	86	55	59
57	95	75	53	72	49
37	17	37	10	68	37
59	8	76	99	8	8
100	1	13	70	43	81
58	68	50	18	68	93
33	15	65	90	57	90
28	19	6	89	19	19
60	62	4	64	36	13
1	81	1	84	1	15
79	33	33	58	33	56
61	23	55	11	23	23
89	35	21	58	38	70
66	70	65	51	60	52
36	73	8	39	80	51
31	18	44	56	44	74
86	48	11	48	37	48
49	23	89	98	85	82
67	59	25	96	47	67
3	63	81	3	74	3
49	6	97	14	61	66
88	29	80	29	72	29
16	96	16	93	69	16
26	18	26	26	16	63
33	38	7	90	48	45
86	15	77	94	84	17
76	89	3	76	93	56
55	20	23	20	70	20
22	58	96	68	48	52
66	91	7	48	66	56
26	86	12	36	33	45
29	77	49	29	59	29
11	11	26	11	83	22
7	43	48	45	26	15
16	41	16	1	97	16
18	77	40	41	42	11
1	8	51	1	27	49
37	28	55	90	81	4
28	40	90	25	6	69
88	85	74	35	6	58
15	71	95	73	72	37
100	8	52	74	46	12
67	41	33	21	4	31
57	33	53	42	12	42
34	85	56	13	80	74
51	24	78	34	15	85
72	45	88	45	45	99
15	66	12	67	32	20
52	79	63	47	5	76
10	20	26	95	55	92
67	78	23	64	57	39
41	55	58	47	45	9
46	25	63	11	30	15
97	77	60	63	54	40
27	74	85	91	43	98
85	95	32	18	72	10
13	72	38	4	17	8
45	47	66	30	46	28
15	100	93	61	32	84
63	61	58	72	32	83
4	6	17	6	68	15
6	81	70	4	48	14
80	27	13	29	77	45
17	78	71	36	72	32
38	38	84	30	38	36
42	23	22	78	67	3
78	47	1	1	95	46
54	56	95	64	13	55
2	94	52	81	34	7
19	72	1	48	69	48
43	29	43	55	43	83
1	51	94	83	86	24
3	67	3	6	3	37
67	60	29	42	32	11
4	19	4	10	4	61
16	36	81	67	20	79
23	23	75	14	23	60
36	46	22	32	97	7
91	57	59	30	66	4
35	74	46	62	80	38
23	88	68	8	80	58
99	74	51	4	59	46
28	17	17	9	17	44
1	87	73	95	68	29
93	14	84	29	16	55
78	28	84	28	28	49
45	90	53	55	77	43
56	12	70	83	36	34
83	22	94	9	54	81
42	52	78	58	8	91
15	98	15	31	15	76
80	10	6	77	62	81
7	10	22	63	33	85
97	25	42	77	52	19
93	72	37	84	9	34
94	90	71	18	43	75
25	25	52	23	86	94
32	94	34	10	34	23
16	87	63	72	16	16
70	29	24	43	74	62
96	28	95	28	73	33
17	17	17	59	51	8
33	23	15	87	99	93
83	74	15	62	73	33
94	28	43	96	89	50
48	81	37	92	3	95
64	58	85	3	12	44
94	17	14	37	62	22
28	99	39	46	75	10
75	42	60	20	20	20
43	15	2	17	17	17
23	28	3	49	49	20
61	63	65	13	55	1
9	34	4	89	96	77
8	2	12	8	8	74
67	55	84	38	30	14
47	11	70	65	47	47
89	74	45	51	45	45
98	43	34	79	25	75
47	74	46	47	47	41
10	77	60	75	70	24
35	86	93	35	45	85
4	68	65	38	74	43
31	41	33	56	85	83
7	7	30	61	7	64
40	85	79	40	4	40
26	6	18	22	98	14
90	79	42	80	65	3
40	2	17	62	87	62
42	4	4	71	28	4
49	71	66	49	49	1
45	95	23	100	22	38
48	17	83	22	97	99
40	69	41	40	40	21
43	43	37	75	43	18
79	95	71	15	70	84
41	66	24	84	82	40
18	49	49	13	49	94
5	68	47	12	5	5
29	56	66	29	26	29
92	94	86	63	16	34
97	14	20	10	97	79
58	64	42	31	34	4
4	65	91	4	45	4
71	60	67	97	2	24
88	33	13	90	47	94
4	63	57	69	7	83
61	52	98	65	54	20
100	61	23	74	29	43
37	59	95	51	33	29
72	11	70	96	40	81
3	7	7	43	30	7
8	39	74	26	79	76
12	1	14	50	12	12
70	83	57	48	86	70
34	41	64	56	46	47
14	79	69	24	24	24
45	5	32	5	2	5
47	47	47	56	57	53
23	76	44	26	58	51
10	3	10	33	10	22
71	26	26	26	14	57
67	31	98	68	79	29
9	25	51	39	83	28
76	31	83	91	77	48
5	10	9	53	58	76
68	45	49	53	45	40
80	11	32	10	33	98
18	18	18	6	31	66
45	62	26	26	32	31
24	81	26	99	95	100
12	79	12	61	12	43
55	22	88	75	47	36
24	92	100	85	17	95
46	15	99	22	84	3
15	51	43	32	99	7
91	30	35	28	52	39
6	58	25	3	85	48
49	49	4	69	61	49
61	89	2	96	26	78
20	85	33	20	20	82
88	29	29	98	29	87
78	21	34	38	29	4
56	2	92	2	69	2
58	99	66	39	5	74
45	26	51	53	80	60
29	61	37	49	37	37
83	29	17	24	11	33
38	71	51	68	72	68
49	74	31	10	30	53
30	30	59	33	30	81
37	20	68	82	37	37
75	35	64	71	4	59
36	43	66	56	43	43
59	95	20	28	60	22
9	91	21	2	27	76
45	30	68	46	63	83
29	28	57	80	74	18
18	85	96	4	88	19
42	18	3	32	44	25
32	8	57	75	67	61
91	66	5	93	61	58
11	67	73	11	11	92
17	14	36	78	57	90
25	8	8	8	47	17
84	42	54	42	62	88
50	2	12	89	56	56
27	94	52	86	47	94
52	69	48	3	3	3
99	92	92	100	21	50
52	63	91	33	66	13
36	10	53	53	11	11
49	39	53	2	35	90
100	44	43	27	48	94
17	51	33	40	27	57
96	70	23	66	88	89
71	46	50	64	100	77
44	88	67	47	35	12
49	48	91	40	40	40
66	45	18	18	6	18
8	86	100	68	47	72
40	79	39	33	80	39
99	56	72	59	66	25
86	76	22	48	82	18
16	68	23	73	68	36
26	82	59	87	100	34
86	86	8	3	8	60
90	97	34	3	41	45
24	9	37	85	72	30
55	53	50	36	29	67
68	35	34	67	12	90
79	2	7	90	2	2
22	44	36	86	22	22
17	5	18	22	46	16
4	5	22	33	32	55
2	44	99	9	78	32
13	13	13	84	29	1
63	59	57	66	60	76
38	38	38	71	15	3
71	83	92	27	82	74
12	93	56	7	89	52
14	62	36	10	89	20
19	19	80	84	70	72
52	81	2	6	33	34
95	89	78	93	78	93
15	49	21	49	82	49
65	85	61	68	58	7
99	65	23	46	38	66
93	33	69	100	30	91
25	8	85	8	8	54
25	15	1	1	27	1
55	17	70	76	23	15
77	60	12	62	54	11
32	67	95	6	85	17
33	33	45	82	33	17
77	42	11	57	88	61
72	40	97	20	12	59
19	14	73	68	62	38
45	48	68	2	93	53
49	29	95	85	12	84
46	9	32	30	32	32
61	26	3	26	26	100
59	91	15	28	66	61
72	93	92	35	53	34
48	37	7	36	96	77
12	36	91	82	63	46
22	93	79	55	58	93
38	54	84	4	32	45
7	68	99	67	77	57
91	58	98	79	54	88
24	9	76	4	34	31
54	78	57	37	6	19
28	9	9	39	9	44
98	13	88	48	24	88
22	15	22	8	64	22
46	53	56	38	92	56
75	37	10	92	52	41
64	30	61	4	58	64
57	43	1	45	86	99
38	30	4	98	74	12
3	66	6	69	84	75
2	2	59	26	14	2
34	26	32	85	69	5
22	57	99	36	11	66
57	41	18	79	65	83
47	26	1	47	36	47
98	92	47	33	97	86
32	51	14	12	19	33
51	64	76	29	54	54
88	49	47	33	81	37
36	57	77	41	23	12
66	87	18	81	11	3
96	65	70	96	31	69
34	46	86	17	83	48
61	94	94	5	20	99
11	53	91	11	11	43
76	18	18	4	18	8
79	87	65	98	45	3
99	83	92	60	9	19
3	3	97	56	23	3
84	88	97	67	43	85
40	2	41	28	10	17
59	97	95	33	41	70
14	35	1	55	47	40
56	38	10	88	51	38
41	41	42	83	2	41
95	2	3	75	19	99
5	81	5	100	5	2
15	21	31	50	22	51
60	37	34	37	24	37
29	11	88	29	14	29
31	96	44	49	32	98
57	66	12	75	69	71
92	66	3	73	78	17
13	13	41	91	18	13
47	47	37	89	73	47
15	15	87	15	43	44
4	48	92	4	30	4
56	32	53	53	42	51
18	100	81	75	63	67
49	2	80	34	13	17
48	4	56	74	67	39
20	83	57	78	86	64
46	57	43	73	14	51
22	56	94	36	67	50
20	8	72	97	33	6
40	82	87	99	40	40
96	2	67	30	1	72
28	4	51	14	45	76
36	36	93	81	3	60
39	69	29	57	2	37
47	6	4	4	4	61
74	68	23	16	47	76
2	55	45	25	30	90
5	67	27	25	48	22
38	14	95	39	91	26
96	90	85	3	62	78
32	47	77	50	32	32
4	11	67	73	55	80
20	44	3	20	44	65
36	72	17	81	33	55
70	54	80	82	60	58
99	92	44	44	44	66
23	19	9	19	50	19
19	98	42	92	14	41
7	87	30	28	79	36
36	97	36	75	67	36
80	77	2	87	12	3
30	30	30	82	20	94
35	59	34	54	46	34
47	47	15	63	47	48
49	32	83	1	100	77
68	84	18	90	37	73
41	33	35	64	86	7
62	34	46	24	28	37
35	52	11	26	77	88
90	77	53	6	91	55
22	8	93	56	3	69
95	88	8	4	4	4
31	98	33	3	16	24
70	65	1	93	91	50
43	41	1	81	5	29
57	48	49	39	2	29
48	51	15	53	69	71
50	41	56	13	80	33
94	24	71	22	24	24
10	37	24	76	42	86
22	58	26	28	54	54
43	49	6	34	22	18
27	60	25	25	5	25
16	35	41	87	78	83
2	10	95	73	67	13
38	59	65	63	61	65
82	35	48	48	48	43
14	87	14	65	86	14
65	47	20	20	78	23
13	13	50	42	61	13
99	17	62	45	17	17
75	12	21	43	52	97
40	73	44	93	61	89
51	55	14	14	14	87
63	58	72	74	93	73
31	20	53	44	20	20
22	26	54	75	90	62
100	61	26	70	40	48
42	23	66	28	42	42
1	11	74	39	4	87
53	86	79	72	33	100
55	66	8	94	70	78
80	53	56	19	85	5
5	42	58	73	30	42
2	2	47	44	5	2
30	39	39	99	39	37
63	56	58	8	78	85
10	6	63	72	21	71
9	90	99	6	82	28
67	44	58	44	90	44
88	35	49	35	35	72
33	69	33	19	33	70
15	70	42	8	66	63
6	31	58	6	6	37
43	38	95	30	85	99
79	32	10	67	81	79
90	57	5	51	40	71
5	3	75	54	30	56
48	64	60	13	83	32
66	89	17	38	95	58
48	4	48	21	48	44
6	36	84	97	35	95
19	22	43	19	51	19
88	4	2	90	72	10
46	78	5	91	94	98
53	52	92	79	55	72
57	77	22	90	54	61
99	93	22	6	47	9
64	50	73	80	24	25
65	74	43	2	75	9
30	30	15	89	37	30
46	46	32	46	31	66
78	54	40	51	70	16
88	96	100	57	22	57
25	20	52	24	38	49
36	65	93	38	38	38
88	45	14	49	35	23
89	38	21	16	39	61
68	31	25	91	54	69
14	14	42	23	54	30
59	89	22	20	69	54
9	42	82	95	96	15
6	85	55	6	99	6
37	2	2	2	93	19
28	49	99	16	90	99
15	15	15	67	23	51
18	14	74	5	45	58
5	24	77	80	57	55
18	4	4	25	4	72
98	74	4	45	45	45
11	16	88	43	64	8
75	43	84	71	15	44
100	96	14	14	71	14
46	95	30	16	15	63
14	39	91	12	30	92
50	79	28	4	68	45
85	80	48	29	87	76
54	12	45	98	14	48
84	68	41	87	63	93
22	31	73	56	20	32
47	75	61	35	37	84
43	56	9	90	27	20
28	28	22	28	23	21
76	8	40	40	40	13
46	34	89	36	55	97
30	16	21	16	61	16
9	40	9	41	45	9
49	43	55	97	68	36
31	63	19	69	31	31
13	27	62	45	76	49
58	61	5	7	100	96
20	52	20	31	20	12
59	1	68	47	5	91
68	63	51	68	6	41
78	29	22	26	18	86
32	7	44	51	9	37
49	87	38	98	79	31
60	38	85	12	19	100
46	62	20	22	46	46
80	14	11	11	11	65
45	72	24	82	8	21
6	23	49	14	86	12
31	66	100	67	88	77
25	26	93	100	47	99
9	78	1	36	93	1
87	91	11	71	92	21
78	95	31	1	34	46
84	58	40	72	56	52
26	43	32	15	98	15
47	56	12	4	4	89
70	14	14	14	85	36
35	18	85	91	85	15
31	50	44	26	4	23
16	46	4	5	78	44
41	72	58	6	6	6
52	9	5	66	67	32
34	34	6	100	34	65
50	53	19	50	25	50
89	81	18	30	94	41
60	14	14	14	4	31
31	4	23	31	66	31
9	1	22	22	74	22
56	98	43	6	27	100
54	3	46	84	27	95
48	48	74	48	49	52
26	29	92	64	28	6
24	21	24	24	31	22
95	73	22	57	49	59
93	24	30	45	43	25
8	8	75	72	30	19
46	46	90	46	99	29
19	19	19	55	27	44
100	14	52	59	43	23
48	46	80	52	42	24
88	27	48	18	27	27
46	80	45	95	80	63
65	82	49	51	49	49
75	7	46	88	93	46
77	54	69	66	12	10
36	70	71	32	36	36
56	67	89	18	82	73
33	93	72	40	51	1
57	6	5	5	23	86
6	12	30	5	47	68
28	28	16	9	28	96
72	29	15	56	58	90
3	15	19	14	26	35
40	19	56	30	29	8
77	87	49	97	39	90
30	30	30	37	36	6
75	37	51	82	11	38
49	10	80	49	49	9
62	17	79	8	70	29
32	45	75	96	85	69
35	25	46	86	48	39
84	36	24	27	17	64
47	47	3	47	70	34
66	76	39	4	69	77
35	34	4	4	88	4
26	1	28	15	74	86
93	46	18	72	95	87
36	2	16	2	2	15
92	28	17	19	9	10
51	61	50	60	11	5
19	31	11	16	54	38
69	21	77	21	76	21
39	41	51	69	80	89
33	57	83	2	36	93
40	87	8	55	40	40
53	87	18	13	58	96
80	46	88	86	66	6
36	86	7	43	86	66
29	72	63	61	33	2
56	33	3	53	14	54
66	77	2	6	77	9
82	70	86	84	41	3
36	36	69	36	51	4
35	30	24	77	81	25
73	86	83	9	14	53
68	53	2	60	19	83
62	24	100	76	26	70
30	30	62	30	53	73
98	39	92	39	75	39
22	47	22	36	22	32
2	47	46	78	40	44
59	59	70	2	16	32
41	98	56	6	77	22
39	75	93	65	56	42
33	33	33	100	11	96
55	18	89	31	85	77
93	50	75	60	72	89
91	100	100	81	9	61
9	39	43	9	45	96
3	92	11	8	22	3
26	32	37	37	37	38
64	90	66	72	80	77
35	65	15	97	64	46
75	74	15	25	52	47
37	1	41	66	37	37
54	41	53	41	41	81
5	5	71	5	43	56
66	2	100	39	55	23
30	21	35	73	72	13
67	2	2	2	62	98
29	29	64	29	33	7
66	18	94	34	98	65
49	43	32	64	76	41
68	94	36	61	25	4
27	23	96	83	36	62
62	31	77	69	73	24
21	21	55	51	82	21
55	71	89	39	7	43
57	66	8	2	62	51
8	35	27	16	97	53
34	1	59	27	78	29
8	8	19	8	50	92
71	92	40	93	63	44
21	3	8	3	54	3
33	8	8	8	82	81
57	18	78	86	7	78
77	13	21	24	29	66
22	23	11	60	55	65
60	96	96	61	39	26
87	17	88	92	34	67
72	21	18	21	84	21
92	24	13	73	36	5
2	2	77	95	2	56
69	61	96	87	79	40
74	60	92	34	52	46
6	41	65	60	81	23
16	43	11	67	6	59
42	28	65	42	7	42
2	1	53	9	76	7
11	11	40	11	47	73
38	26	48	48	33	48
81	30	52	95	26	20
65	99	46	83	26	91
40	1	24	1	58	1
52	4	59	85	20	51
32	39	32	79	32	11
52	14	48	20	20	20
98	73	42	4	20	66
1	34	73	7	1	1
99	16	23	79	35	22
81	80	70	97	32	93
79	48	94	48	48	52
95	12	4	4	71	4
37	37	23	32	84	37
17	84	13	49	49	49
64	24	58	63	47	81
39	91	50	65	56	81
66	2	76	36	36	36
34	42	55	22	62	2
7	63	23	62	7	7
63	30	84	27	34	2
1	5	88	74	5	5
48	30	30	30	87	100
29	11	87	44	17	39
2	21	21	21	24	67
41	41	50	41	66	27
34	11	5	67	54	71
19	57	19	37	89	19
83	4	45	59	89	97
16	16	76	16	66	54
43	21	3	3	20	36
74	47	78	27	99	3
80	94	75	33	47	83
90	80	44	38	79	9
22	35	5	42	96	8
7	19	9	21	84	27
12	39	29	29	46	29
30	30	38	30	46	12
38	34	34	4	34	15
14	14	40	92	14	22
5	1	5	78	5	74
21	21	71	33	94	21
52	5	97	38	43	34
96	61	45	25	29	51
17	82	1	8	67	26
49	48	80	49	31	49
61	29	31	47	90	25
54	39	60	47	39	39
96	18	40	44	48	90
37	30	70	85	64	93
30	17	30	30	2	34
87	8	55	46	46	46
54	16	62	1	39	31
94	97	30	51	53	55
78	74	86	7	10	39
80	19	48	29	56	3
70	100	39	39	39	30
72	59	63	98	42	94
1	29	28	45	77	68
42	12	66	52	45	44
45	68	94	56	8	94
31	29	90	43	97	40
48	46	6	62	28	82
7	7	7	86	38	63
21	21	97	21	14	9
39	37	24	58	74	12
43	43	84	77	43	5
12	12	55	17	12	41
75	87	10	91	50	14
51	97	34	16	34	41
40	93	46	12	46	46
19	77	36	44	77	5
79	46	3	86	59	95
15	87	80	16	99	95
74	68	16	39	52	19
89	61	1	38	38	38
9	12	32	9	9	73
91	49	92	44	95	76
83	66	32	70	38	10
14	64	91	61	17	25
7	84	3	7	38	34
41	18	69	29	96	92
67	29	35	55	2	61
37	26	67	17	7	72
27	67	27	89	27	55
56	48	47	12	47	47
19	73	21	4	86	100
37	79	85	4	36	84
53	30	87	61	100	73
75	32	32	4	48	32
52	99	71	10	15	35
45	45	76	45	52	15
13	62	17	88	83	81
78	22	28	90	70	92
20	19	20	86	55	20
97	22	35	22	7	22
49	56	40	59	84	20
13	25	78	83	92	35
44	37	85	35	66	70
67	34	38	14	7	8
32	29	73	48	52	86
88	24	20	24	85	24
30	38	12	6	6	6
86	31	44	25	9	52
15	46	67	14	94	80
42	43	42	42	29	67
69	94	6	91	81	61
61	69	50	17	86	43
71	36	51	26	23	38
5	17	17	17	60	33
8	75	28	38	56	43
23	61	35	98	15	5
49	26	60	53	49	49
7	74	14	68	15	1
94	64	70	16	30	15
54	34	69	86	59	61
1	13	14	63	82	20
77	12	75	81	67	28
78	84	18	60	89	37
55	60	40	69	68	61
46	74	76	47	62	44
77	69	48	25	31	26
5	33	23	36	23	23
58	31	32	95	51	92
54	30	55	30	30	47
8	85	8	8	57	78
15	15	52	15	21	48
81	65	84	87	28	53
17	20	40	78	66	63
96	2	84	69	12	36
20	20	78	20	30	95
63	10	14	87	10	100
62	36	36	34	59	69
54	13	23	74	91	48
54	34	54	23	74	30
55	49	4	73	81	36
54	78	80	89	10	70
38	90	55	9	14	34
96	87	67	89	69	83
4	4	17	4	72	88
24	76	31	13	81	89
10	61	68	11	72	19
1	77	1	1	69	48
71	61	32	62	2	62
35	35	90	97	16	35
22	35	59	96	68	76
59	91	30	8	47	82
21	21	21	88	37	78
34	34	34	17	47	77
9	71	48	10	10	10
28	16	16	65	16	12
84	94	93	99	36	32
50	22	22	43	75	72
11	88	52	89	71	21
57	56	5	95	99	90
74	73	40	17	76	4
31	95	98	86	8	60
13	6	15	6	6	23
28	28	20	45	1	28
51	13	26	27	92	60
49	84	57	24	72	55
36	59	100	49	62	7
32	33	9	87	60	19
27	81	30	81	82	56
66	21	54	24	86	37
75	23	14	7	14	14
76	68	94	50	33	52
10	55	98	46	89	15
80	41	14	75	41	41
85	22	58	9	23	96
38	77	38	38	16	13
28	26	88	20	79	82
90	82	23	85	56	19
1	66	69	10	10	36
33	63	47	56	64	89
20	86	21	94	63	93
16	37	12	77	24	24
89	93	85	29	30	2
57	45	75	52	45	45
74	98	79	89	39	95
40	4	72	42	89	83
43	17	17	45	17	100
66	59	74	35	45	94
29	89	17	11	67	92
61	68	100	16	19	56
20	28	8	17	68	19
52	10	17	4	39	44
22	58	65	96	88	6
70	3	85	3	84	3
63	15	13	21	93	83
93	57	55	44	73	21
7	96	96	58	19	84
12	77	89	49	88	99
71	23	23	73	23	8
25	26	35	18	62	11
95	31	31	31	78	85
35	30	8	34	58	30
35	99	48	9	18	37
1	89	3	22	32	66
94	88	57	31	24	50
48	3	35	21	30	66
2	72	47	18	29	47
45	5	2	5	5	42
76	33	54	89	76	19
10	10	3	10	36	7
2	16	49	49	49	8
36	36	67	63	36	74
5	31	47	92	18	71
18	18	9	18	36	61
65	22	25	76	46	26
49	22	43	57	97	45
67	29	71	48	83	38
91	39	42	39	50	29
78	38	83	5	6	92
75	35	35	72	2	42
71	5	96	87	70	86
13	98	20	66	98	76
8	3	8	8	36	65
56	87	98	45	19	28
14	40	48	87	40	40
46	89	24	76	84	68
88	71	35	43	95	3
74	14	97	78	55	30
62	83	36	96	1	94
62	71	89	70	44	80
12	11	8	93	75	76
92	19	42	40	35	89
35	60	51	18	18	18
35	98	6	3	20	80
57	42	53	72	85	72
84	22	15	33	28	63
95	99	81	72	31	17
88	22	49	27	27	74
16	34	83	75	34	34
72	84	60	20	35	15
15	39	58	81	81	3
73	70	92	59	43	99
43	61	29	41	92	29
24	24	54	24	40	73
10	69	11	79	96	42
23	34	56	21	20	47
2	6	33	78	98	27
23	41	14	41	41	73
26	97	3	38	1	24
77	19	15	40	52	26
20	19	25	40	44	9
10	71	54	84	7	52
8	38	20	91	9	41
54	17	48	47	25	97
93	85	86	22	89	65
22	9	23	97	31	44
3	11	61	81	15	28
52	84	45	9	40	25
53	74	40	1	21	93
57	7	40	23	50	69
42	46	7	17	62	19
81	79	40	46	22	79
39	39	39	58	7	97
73	27	38	3	38	38
29	32	35	19	5	23
91	67	26	87	18	65
88	78	9	6	19	35
18	54	6	74	6	6
20	88	26	26	26	74
36	32	40	10	10	10
52	25	9	33	4	73
22	44	21	48	48	48
42	3	77	42	42	2
63	48	74	80	11	61
91	31	72	58	62	95
2	64	48	80	9	47
85	60	53	91	34	31
3	32	3	3	16	57
69	96	49	49	50	49
44	80	26	72	11	16
18	35	16	32	79	22
94	55	32	85	29	9
24	52	90	47	69	25
56	18	86	22	85	44
74	74	4	37	35	47
96	12	80	85	76	58
13	66	12	95	47	51
5	9	90	29	94	3
28	41	41	56	41	76
1	70	94	72	83	21
4	77	77	25	37	46
4	18	25	45	72	65
9	29	70	11	82	86
51	69	25	61	84	99
11	48	5	13	57	82
63	37	34	41	82	44
49	49	33	35	49	19
43	41	48	22	74	44
75	37	66	42	60	35
29	93	68	29	29	98
58	40	25	21	72	81
29	73	29	32	29	57
63	43	21	61	21	21
28	45	73	20	20	20
81	70	84	36	63	82
46	28	50	90	50	50
93	100	89	52	5	51
28	77	47	28	89	28
48	98	38	67	70	68
65	10	73	45	5	17
33	83	3	24	57	77
37	95	77	56	97	66
79	40	40	83	40	82
10	65	78	85	97	79
56	63	19	19	50	19
41	70	96	66	64	88
12	92	60	23	49	67
37	32	98	29	47	44
11	11	11	24	78	9
17	17	47	17	39	70
33	9	60	47	11	21
12	12	31	10	84	12
54	15	59	69	94	27
23	29	29	49	29	6
25	4	16	45	45	45
37	47	32	39	7	87
9	49	32	49	19	95
64	59	74	65	20	38
44	72	75	44	14	44
68	64	40	2	5	20
79	62	53	41	33	92
3	21	33	64	99	67
97	92	91	16	70	4
38	43	25	68	53	66
59	2	24	56	61	86
81	17	65	56	85	66
16	66	70	92	60	66
50	42	14	56	94	49
25	25	92	25	12	31
93	50	20	2	56	80
36	24	36	30	36	88
27	52	17	85	91	79
13	46	53	5	46	46
39	39	39	13	85	36
82	48	1	48	62	48
98	22	74	16	39	36
25	97	86	60	96	55
2	89	12	2	67	2
86	55	25	8	15	64
86	74	55	7	11	30
54	9	59	87	72	22
37	19	69	89	90	55
42	60	95	59	51	84
48	28	60	28	54	28
94	65	97	66	13	50
6	21	83	78	64	83
20	40	33	10	28	42
21	39	38	8	4	25
42	47	47	31	47	80
82	18	26	48	67	61
73	44	44	2	3	44
23	80	90	41	77	82
6	10	25	11	81	24
22	5	22	50	68	77
38	44	44	44	46	25
45	45	49	97	45	26
66	86	21	81	62	85
14	20	22	92	52	56
86	48	2	94	10	20
39	1	95	1	53	1
3	97	26	31	86	11
40	18	37	19	96	48
1	99	32	86	98	69
32	1	12	32	75	32
27	10	34	17	76	95
33	21	80	97	19	2
44	65	59	14	8	41
20	51	44	44	56	44
16	26	27	25	4	21
3	22	9	96	49	5
33	49	63	49	49	39
87	85	31	31	31	89
6	16	74	90	79	55
16	95	95	7	19	92
22	11	28	4	61	56
36	24	36	36	68	53
6	6	6	13	88	42
3	89	6	3	3	70
32	23	83	32	5	32
77	61	30	97	30	30
56	16	100	26	28	5
95	38	12	23	19	14
32	14	74	8	1	5
6	12	71	12	12	53
89	58	84	20	20	20
2	72	81	87	2	2
12	17	95	86	91	63
3	25	25	67	25	61
36	39	29	1	68	43
86	41	41	95	78	41
4	21	60	88	4	4
62	14	15	23	99	56
36	4	40	36	36	5
41	88	95	37	2	51
60	17	88	94	80	7
59	67	27	63	7	30
74	50	7	88	47	34
67	35	99	14	62	63
24	80	47	58	34	11
37	89	77	89	83	99
38	48	89	84	84	33
63	12	12	88	42	12
4	59	66	94	55	56
37	49	29	58	62	71
22	22	70	42	44	22
97	8	34	64	64	55
75	24	41	36	41	41
80	30	97	41	63	40
49	49	49	37	78	97
23	91	23	49	23	39
72	1	58	18	56	6
8	57	23	87	12	49
23	32	23	25	5	80
31	31	74	12	31	56
36	37	76	92	51	16
24	24	24	50	10	72
10	67	70	28	27	18
73	75	15	59	11	91
25	25	28	57	35	25
22	22	2	22	57	81
35	63	35	26	9	35
33	66	26	8	8	8
60	21	48	52	11	52
45	33	41	32	66	79
82	73	27	24	36	58
87	30	30	22	30	56
57	73	5	67	86	9
72	11	3	16	45	29
40	40	99	40	3	1
100	66	7	25	72	24
8	57	24	24	95	24
68	91	7	7	7	5
11	7	77	18	23	49
85	56	37	23	68	67
67	98	28	75	66	66
97	50	25	4	25	25
99	93	70	60	15	94
39	45	30	96	47	35
72	64	5	97	21	40
19	14	90	70	77	14
15	57	93	70	71	68
58	5	14	81	2	48
60	45	39	90	39	37
41	41	32	64	41	52
13	74	62	98	79	15
25	79	62	75	47	99
21	66	69	98	49	72
49	8	28	55	90	69
98	95	100	49	66	83
98	12	62	4	47	83
4	89	62	71	95	18
2	24	51	42	32	19
4	4	5	4	11	15
98	95	66	60	62	82
42	87	44	66	33	80
84	38	87	49	15	85
9	21	39	1	95	88
39	89	45	43	76	8
43	14	92	22	30	28
39	71	58	50	2	36
85	85	83	21	29	3
55	48	1	33	70	17
28	28	89	28	63	31
43	26	31	10	68	30
99	26	4	99	54	75
71	42	58	49	26	40
16	16	31	86	11	16
67	67	54	31	59	27
5	33	50	50	12	50
54	20	37	65	14	74
18	92	18	11	38	18
25	32	46	48	43	48
26	19	37	90	27	17
92	10	75	55	54	63
14	72	14	35	14	92
74	9	64	1	53	89
70	25	50	76	33	98
5	57	5	8	98	5
27	68	71	27	27	28
64	46	48	25	46	46
85	7	32	13	17	91
90	49	22	42	42	42
39	50	31	5	53	21
35	56	87	32	96	99
7	30	93	33	64	93
18	24	41	92	64	32
5	16	43	65	89	18
75	72	99	100	11	38
50	78	50	84	50	10
18	18	16	68	18	49
70	27	21	80	52	5
72	83	97	21	72	90
40	54	25	44	91	31
66	19	59	33	51	60
63	81	21	40	79	55
10	99	10	40	5	66
24	6	52	48	98	44
59	74	38	79	47	8
60	48	25	39	88	7
27	1	9	31	13	31
32	90	1	85	25	71
56	61	15	65	6	36
61	94	12	1	80	54
43	51	38	1	37	37
75	43	39	72	21	11
33	35	61	39	26	82
97	25	24	15	96	56
15	45	7	28	5	35
87	12	50	21	49	11
18	18	46	79	12	18
62	1	62	87	36	78
29	44	29	66	29	73
29	4	46	24	1	100
69	36	36	36	47	27
69	32	29	69	92	73
78	64	6	99	46	32
98	13	7	95	98	10
32	9	12	21	2	74
17	17	36	17	73	82
15	81	55	22	84	50
14	9	14	14	26	27
28	49	68	38	84	35
95	55	93	68	93	74
39	71	100	9	49	58
10	10	10	70	37	85
91	16	6	62	50	71
97	62	3	14	64	90
38	44	17	46	100	73
62	80	8	8	8	42
92	10	97	93	99	54
42	59	89	37	19	88
20	20	27	28	45	20
25	59	42	1	30	87
52	30	32	69	15	12
32	51	93	48	57	19
50	93	50	26	50	71
35	15	77	96	6	59
73	22	37	97	10	80
20	49	81	23	81	7
26	74	94	71	48	15
87	46	22	15	81	7
13	67	9	51	48	87
19	68	33	20	90	26
37	7	97	80	85	96
61	30	55	94	8	9
33	95	14	99	8	52
76	16	89	16	84	16
37	43	89	37	37	97
37	73	31	16	71	77
73	69	91	2	27	10
43	69	71	78	9	65
70	19	19	19	77	12
67	45	89	87	58	56
68	51	7	31	7	7
83	88	11	5	15	40
67	63	2	68	44	31
67	65	30	29	11	91
82	38	96	55	45	77
40	89	54	77	94	42
1	22	14	83	55	34
62	77	38	38	25	38
31	8	49	31	3	31
76	19	22	88	75	81
51	90	86	45	20	29
99	92	76	10	6	21
28	58	50	72	54	91
94	85	90	50	98	8
14	17	65	20	52	8
57	41	41	49	41	50
65	7	80	44	88	39
13	24	24	37	24	19
29	79	55	90	80	9
24	42	52	11	42	42
50	97	73	38	87	48
97	94	48	40	6	53
3	73	47	50	80	89
43	13	43	43	84	57
77	97	3	20	20	20
2	99	26	26	26	3
59	86	35	35	36	35
19	33	73	97	60	2
97	68	4	34	34	30
70	35	25	36	51	74
24	12	68	42	97	86
54	4	62	50	83	25
95	72	46	19	65	56
20	23	22	17	6	10
20	85	86	93	85	6
66	74	8	34	84	6
40	88	27	3	58	67
93	62	99	13	57	22
93	67	80	95	21	49
3	98	49	18	26	76
7	92	89	72	4	79
89	78	66	25	96	14
24	24	24	94	73	23
14	46	49	23	23	23
33	21	26	65	38	86
13	75	97	19	64	87
52	73	55	89	24	34
8	37	44	88	91	87
72	1	59	75	42	33
73	49	4	80	63	24
15	31	83	84	36	90
29	53	5	38	5	5
79	32	31	67	54	57
59	65	17	92	77	89
47	72	17	95	71	46
43	27	27	17	27	11
82	23	56	21	17	88
32	13	60	55	59	37
63	19	19	19	61	26
16	23	21	21	21	5
20	60	18	58	74	59
10	15	74	47	47	47
53	55	10	95	98	44
34	18	23	18	85	18
90	36	58	29	70	20
19	19	6	29	19	46
84	4	39	34	43	18
43	34	34	38	55	34
65	52	13	46	43	90
67	12	8	7	11	58
52	47	54	9	81	66
12	7	5	45	5	5
55	8	12	57	83	39
34	30	23	47	73	78
63	42	59	57	8	90
77	18	27	27	27	26
27	27	1	53	76	27
90	56	45	80	7	23
39	52	58	78	86	78
43	52	22	32	14	80
82	67	22	68	100	47
43	15	12	35	51	84
49	17	49	49	1	39
49	13	14	87	74	86
81	75	7	60	38	64
61	75	39	25	37	58
63	27	40	27	27	54
22	12	82	39	14	46
14	43	43	61	51	43
93	33	63	13	51	31
80	85	22	75	64	22
38	38	22	38	14	77
83	50	34	84	44	82
19	38	38	33	38	76
49	67	62	35	35	35
37	45	45	45	84	28
5	8	5	83	5	75
12	59	79	63	12	12
71	80	29	97	92	3
32	27	74	88	29	35
60	12	99	12	12	91
45	36	45	69	9	45
48	28	90	68	18	3
34	34	4	33	34	46
4	93	31	32	74	55
15	5	42	15	15	89
28	10	9	26	43	1
42	9	39	37	37	37
44	27	55	87	16	85
5	41	30	88	82	52
7	48	7	10	94	23
41	75	38	50	46	53
79	74	23	69	70	89
82	12	12	12	15	37
49	34	24	65	51	69
45	69	73	47	68	89
45	23	62	99	66	5
62	24	95	45	57	77
72	3	3	9	25	3
19	62	99	19	19	78
32	37	69	37	82	46
29	49	12	9	60	94
69	24	25	87	61	67
98	43	44	47	8	100
22	31	44	99	50	74
90	4	50	63	53	59
35	35	61	11	35	6
93	47	45	91	64	2
26	58	39	39	39	57
21	34	90	58	8	31
74	78	58	75	56	89
85	11	11	11	39	19
4	4	77	36	42	4
50	50	54	96	33	50
10	97	24	99	11	34
56	56	66	94	2	79
40	20	22	8	81	5
41	8	58	78	83	22
42	40	94	42	39	42
65	91	54	76	89	29
59	43	29	65	45	23
17	44	88	84	60	35
66	55	15	19	68	65
90	28	38	15	70	35
24	94	3	88	24	60
64	73	22	31	3	11
43	24	12	12	33	12
8	19	45	98	65	94
9	35	72	57	41	66
89	25	7	5	41	98
37	1	47	42	99	26
1	73	93	1	1	31
85	82	47	27	61	29
33	31	78	31	61	31
47	13	24	11	91	92
46	33	62	79	24	7
84	37	37	37	11	33
92	74	41	99	28	19
40	40	50	17	40	99
85	3	46	39	2	37
65	58	83	60	60	97
18	51	61	25	99	32
21	56	21	21	65	32
22	48	48	86	48	46
20	94	1	100	79	51
31	31	3	43	31	17
32	18	61	2	54	4
80	50	44	68	86	34
19	19	65	38	19	77
21	98	69	54	24	63
31	97	67	53	70	91
5	46	53	29	38	83
29	9	67	15	83	89
65	91	43	55	12	85
70	30	3	4	100	21
10	31	68	7	58	33
4	47	87	9	25	37
90	16	15	5	43	86
51	29	40	40	54	7
75	100	31	31	31	62
20	41	28	54	68	29
17	100	17	57	35	17
59	83	10	29	94	63
15	83	11	18	7	26
87	23	59	56	20	66
24	29	24	77	2	24
89	75	81	13	72	61
78	80	82	95	90	25
41	25	30	9	53	15
73	22	20	22	22	25
25	100	18	32	20	76
11	87	3	14	3	72
86	72	15	22	65	24
4	14	5	4	4	36
10	8	10	98	10	50
66	56	75	96	24	89
30	41	36	41	41	54
16	98	69	16	16	31
94	36	71	45	34	44
42	29	42	16	42	73
1	1	9	52	1	41
63	72	45	23	98	14
34	58	1	27	12	1
20	29	29	16	31	29
70	53	13	62	13	13
4	43	26	18	27	28
93	43	3	13	29	88
81	27	38	14	70	49
12	27	19	90	3	48
6	7	54	10	7	7
82	64	62	68	56	2
81	64	65	60	78	21
95	68	75	87	56	37
71	28	52	87	44	74
8	86	44	8	91	76
62	38	7	7	7	78
29	10	96	29	36	29
35	84	75	94	93	4
55	42	63	45	77	70
76	54	31	87	91	45
29	69	89	12	78	41
19	19	19	44	23	30
31	17	20	2	40	56
18	98	86	95	72	20
1	24	24	78	41	24
18	97	67	56	35	48
44	79	44	44	55	69
47	72	95	67	36	64
58	34	43	82	28	11
80	17	33	51	33	33
3	3	91	86	3	77
80	26	34	87	3	51
84	7	76	35	53	30
12	14	80	58	65	53
5	88	21	63	72	35
89	89	7	49	48	98
70	43	5	43	41	43
67	97	84	42	12	72
51	44	86	80	84	39
80	98	44	54	78	19
15	95	15	83	15	64
76	90	21	21	27	21
88	4	67	58	42	18
52	79	87	20	40	47
96	7	8	86	17	25
16	18	80	52	15	14
64	36	86	32	12	97
8	8	10	29	8	74
24	95	27	52	13	53
8	13	13	57	3	13
39	46	6	2	51	10
10	10	51	89	10	40
26	74	67	32	66	59
54	1	87	14	79	27
97	98	42	90	48	34
73	67	72	93	65	39
48	4	14	48	98	58
49	87	2	37	49	49
39	3	54	44	75	21
19	70	60	65	87	76
91	88	1	51	80	7
21	26	96	49	2	14
64	9	52	79	67	67
87	31	66	23	11	15
24	68	8	8	35	8
39	94	19	24	39	39
9	67	73	7	34	28
18	18	49	95	33	89
62	52	52	8	72	45
42	42	7	98	100	42
29	20	86	42	40	11
54	83	48	58	53	82
10	93	69	99	71	45
13	84	63	39	2	25
77	85	96	44	5	55
90	28	69	83	18	26
3	13	38	72	6	37
26	17	6	22	12	44
39	7	59	39	39	20
58	12	24	95	5	30
19	17	19	74	19	62
9	84	88	24	62	93
49	96	85	3	63	98
99	36	36	10	36	82
84	40	63	14	64	38
90	58	13	31	48	81
68	47	63	3	6	46
18	90	22	38	44	99
71	74	75	7	19	77
87	85	84	12	28	98
8	31	15	69	60	65
12	81	64	65	81	66
82	57	87	21	94	86
59	12	54	73	8	34
85	27	59	46	97	73
31	51	54	18	25	20
14	49	6	25	54	26
3	54	17	39	56	54
17	89	69	17	17	61
13	13	87	65	13	72
3	26	89	95	57	77
7	10	16	49	68	8
64	7	57	32	80	81
5	60	6	38	95	37
44	44	54	77	10	44
15	72	95	21	4	86
15	71	15	83	75	15
74	60	8	69	62	65
45	89	12	41	12	12
71	8	46	3	8	8
50	99	7	35	80	5
99	30	66	86	22	88
100	34	34	62	34	30
35	46	35	35	12	98
63	68	58	40	58	9
99	58	81	70	56	29
74	50	78	86	15	13
94	12	12	12	99	79
23	37	70	75	66	10
76	24	33	37	43	41
44	50	35	13	86	6
48	3	84	93	31	58
25	25	25	70	46	88
33	45	40	28	79	3
43	4	43	37	47	43
49	67	21	46	21	21
7	84	82	36	21	31
83	73	97	40	64	4
3	82	50	21	70	40
56	12	12	44	12	25
43	93	98	69	90	95
32	97	45	44	61	94
8	22	8	6	8	54
39	31	54	39	39	51
46	86	60	94	12	19
21	42	15	81	91	4
66	47	32	64	84	85
82	21	87	58	38	11
7	37	42	67	10	15
42	42	42	15	89	38
100	46	67	16	94	92
48	48	65	39	48	87
39	53	65	10	70	68
50	30	100	87	13	71
83	93	35	4	38	85
24	24	52	22	56	24
42	77	86	81	79	4
70	16	21	63	93	57
25	47	47	64	47	100
52	64	38	100	40	70
2	18	2	2	45	93
72	17	37	16	50	72
45	84	32	50	68	68
39	18	97	19	83	44
13	78	28	78	80	93
64	42	20	42	42	40
78	32	45	32	32	89
69	14	30	20	51	43
27	18	59	30	69	5
87	4	20	72	52	74
10	1	63	2	81	66
58	40	17	20	52	34
56	48	18	39	48	48
38	38	37	43	38	16
63	16	97	18	12	37
32	74	65	70	73	2
33	33	65	33	57	58
7	2	5	77	65	88
48	43	80	23	27	57
59	42	100	42	49	42
72	18	96	49	30	9
7	80	91	6	91	44
59	28	35	31	57	34
23	26	31	26	83	26
6	56	13	44	92	24
39	85	47	75	11	93
54	51	1	30	1	1
68	33	17	97	16	29
81	59	6	46	60	60
8	8	74	74	20	73
50	73	91	1	67	39
35	36	76	90	35	35
20	23	62	100	73	30
91	27	27	92	48	27
50	89	40	74	66	64
89	5	2	55	60	18
62	98	37	30	32	73
25	30	55	52	37	34
76	18	87	48	71	17
38	53	83	75	95	75
25	10	40	82	24	100
90	27	27	27	73	40
26	75	38	24	31	78
81	96	2	35	86	59
84	16	16	39	4	16
28	39	30	17	16	13
23	78	23	23	92	58
78	37	37	37	91	30
91	7	79	11	96	36
4	73	51	59	4	4
2	90	4	29	71	28
23	46	100	20	23	42
100	62	38	67	39	10
15	15	89	62	15	24
69	25	4	88	91	23
55	55	99	76	99	27
36	40	58	21	40	40
3	3	8	3	85	62
1	45	97	45	45	70
42	89	70	61	89	43
53	21	54	21	21	96
21	47	21	59	21	33
12	19	39	5	19	19
64	31	23	37	15	2
10	52	60	16	27	41
38	38	34	38	68	55
72	60	83	20	4	93
45	57	27	56	29	6
8	41	53	47	86	86
80	14	14	44	67	14
74	12	14	89	1	60
26	94	44	1	30	20
4	87	51	44	21	61
24	4	24	24	83	52
18	1	100	18	18	38
58	4	89	46	31	96
92	69	51	34	92	65
44	60	68	63	54	36
82	49	59	53	62	10
43	29	60	29	96	29
41	99	29	10	19	36
18	78	54	90	21	14
29	9	100	67	31	27
78	80	41	62	48	64
71	70	84	5	3	13
78	78	33	24	11	86
58	9	61	15	39	75
26	21	21	21	33	28
58	45	58	91	7	4
66	69	87	35	82	96
41	8	8	8	23	25
6	18	48	90	18	18
61	70	22	63	83	65
61	79	97	19	57	63
42	65	16	2	42	42
13	13	17	13	84	42
50	21	100	14	30	80
31	93	17	40	42	44
83	73	70	12	68	28
50	51	42	59	76	36
92	59	10	64	10	63
50	77	37	55	75	55
61	59	44	36	67	64
75	85	23	24	41	59
88	10	66	33	2	15
69	51	84	88	64	89
30	30	6	38	30	51
43	89	8	16	54	87
17	6	26	6	6	5
87	1	46	16	21	77
54	11	55	3	63	26
46	38	38	5	8	38
41	37	31	54	77	1
15	4	68	75	49	33
79	99	3	95	98	99
6	37	55	34	3	7
2	2	55	62	2	65
36	36	68	36	4	56
61	1	90	57	48	60
53	38	7	95	28	47
41	87	41	50	34	41
2	69	95	47	21	11
61	40	17	84	63	13
40	10	45	45	45	88
84	79	72	77	92	74
39	84	8	92	43	11
55	84	42	36	50	4
52	37	16	37	37	79
78	84	45	16	45	67
84	62	14	32	92	73
87	23	79	46	95	97
68	23	86	23	23	63
8	56	17	10	40	19
44	44	84	40	43	44
62	35	30	54	99	95
69	11	10	11	59	11
66	34	34	97	16	34
46	47	18	33	16	72
29	82	29	23	29	78
66	47	44	37	37	37
36	49	19	43	19	19
79	85	63	54	64	14
2	18	56	18	18	100
59	97	89	76	73	20
19	69	90	91	61	22
35	70	96	50	50	50
66	42	17	40	65	80
37	19	37	37	97	71
37	69	17	82	56	49
35	18	76	6	25	48
86	71	91	18	94	74
47	3	6	47	12	47
45	50	12	4	77	97
17	17	52	17	47	6
37	2	63	2	32	2
24	30	49	30	30	52
22	10	36	17	3	67
49	13	47	91	48	69
62	57	21	6	60	45
71	31	46	6	48	60
83	65	73	40	40	40
3	34	3	79	3	31
48	37	48	81	48	15
35	62	99	39	82	48
54	70	76	47	84	55
64	24	63	59	24	24
36	48	91	58	65	13
3	96	47	57	73	5
14	6	40	82	84	81
3	6	40	32	6	68
55	32	50	69	32	32
59	31	94	49	5	56
70	25	1	79	15	54
56	37	87	60	50	45
68	80	8	40	24	28
35	87	15	83	95	78
63	67	64	98	68	50
5	49	22	5	5	3
50	50	50	59	16	10
90	97	37	57	7	65
23	78	85	30	66	30
35	75	77	76	11	34
25	58	6	39	95	99
16	38	70	38	38	78
15	24	44	65	26	4
26	68	32	5	64	80
78	16	37	86	95	97
79	60	61	35	23	33
53	3	55	28	83	10
15	27	50	15	15	75
82	55	60	21	54	17
77	51	4	5	85	79
47	18	21	48	52	79
74	29	5	11	29	29
98	84	37	44	58	18
28	74	53	98	13	52
90	85	16	82	26	45
95	99	63	86	18	37
43	9	29	35	5	5
56	83	39	100	52	42
22	49	13	13	13	39
50	93	17	23	23	91
96	58	91	88	99	22
54	77	94	69	11	78
42	89	26	15	26	26
2	33	88	48	8	17
71	94	4	92	63	45
57	62	87	90	14	48
70	29	78	55	16	69
40	13	51	66	45	43
64	42	20	20	20	67
14	43	14	64	14	34
52	43	91	78	2	20
99	34	21	67	9	57
58	56	15	15	75	15
17	60	39	8	80	17
37	50	34	80	73	87
76	62	14	8	94	97
66	7	79	22	26	31
50	16	43	16	56	16
40	58	63	11	84	63
98	48	3	34	3	85
3	86	27	8	43	57
81	78	7	2	4	45
22	22	22	39	88	47
16	71	2	65	51	19
22	52	36	36	20	36
19	33	19	19	13	81
24	37	10	62	2	72
28	100	89	3	3	3
32	23	96	64	25	80
44	83	46	99	52	51
100	59	80	1	16	43
30	42	71	83	13	60
65	2	67	78	39	57
62	72	40	74	36	13
8	16	82	7	25	54
92	89	90	20	84	91
100	39	66	88	45	12
97	96	5	60	88	37
34	6	75	83	61	73
34	48	78	94	79	98
77	3	47	25	65	8
93	100	35	78	59	50
29	26	94	39	65	40
32	16	67	94	74	60
43	96	78	51	17	16
42	89	58	4	63	47
42	61	61	47	29	90
90	31	62	9	26	10
31	25	25	2	25	82
44	59	10	44	83	44
70	53	14	14	77	14
62	29	84	5	29	29
9	9	52	15	9	6
48	43	81	25	43	43
30	30	36	30	4	5
82	20	54	20	98	20
86	63	63	52	22	39
12	71	51	53	81	16
82	29	94	77	14	57
81	36	10	23	26	47
1	8	60	92	70	50
40	21	82	62	30	83
23	94	43	83	67	28
70	91	39	26	6	59
47	34	92	88	85	60
14	96	34	29	84	47
9	99	61	57	18	45
32	10	40	56	74	92
11	58	11	11	79	40
73	32	62	45	77	67
92	59	81	5	61	59
26	4	96	81	18	85
47	76	56	3	84	5
72	4	61	7	94	58
77	55	80	23	86	21
95	66	50	50	63	50
34	45	34	7	34	59
55	77	75	4	59	50
14	18	56	2	65	99
1	16	54	53	52	37
93	17	64	72	62	87
68	39	39	93	7	39
19	19	68	4	58	19
17	76	17	17	81	47
35	55	36	35	68	96
75	35	76	47	33	75
19	54	85	6	96	36
68	14	74	65	57	98
45	42	47	19	12	73
1	67	45	16	44	23
22	18	18	18	91	79
88	65	37	35	15	73
1	97	1	46	1	21
67	98	47	83	47	47
81	14	14	31	70	14
75	65	85	69	13	69
29	27	12	29	29	17
87	46	25	97	94	50
4	58	20	84	99	8
75	16	16	41	46	16
13	13	13	67	10	8
79	96	21	21	21	24
5	75	84	84	68	92
80	70	57	90	77	17
89	87	84	85	25	80
10	34	45	32	100	2
16	46	16	72	51	16
9	23	74	63	60	73
4	87	4	51	73	4
66	58	92	96	55	14
39	84	64	22	39	39
75	12	39	27	84	80
94	37	18	77	95	48
63	68	52	47	79	37
17	51	12	17	42	17
64	45	28	31	6	11
87	97	54	21	80	95
8	81	95	54	94	10
3	52	29	9	60	57
83	35	52	58	88	54
52	3	53	49	28	37
21	47	47	47	8	95
4	63	17	4	92	4
92	91	20	58	14	22
72	79	5	54	23	37
69	25	35	9	7	78
100	12	43	76	38	54
98	11	41	31	64	37
17	52	6	61	62	45
41	61	35	63	60	65
32	70	61	36	67	84
84	66	16	38	44	78
39	49	86	86	55	77
98	95	44	79	44	44
61	88	28	33	33	33
87	21	32	44	20	87
22	55	37	27	31	43
41	41	16	3	41	63
39	78	5	80	9	27
67	22	61	62	94	24
56	70	89	71	28	39
25	25	59	25	60	61
70	13	29	13	67	13
39	63	51	30	77	100
17	17	73	17	28	82
98	43	37	81	62	46
87	42	5	93	78	81
30	99	32	52	33	8
11	86	6	84	2	64
68	51	26	52	19	32
100	64	90	32	43	61
70	39	92	75	82	96
55	66	14	39	95	49
66	72	17	88	70	10
55	40	18	12	12	12
75	83	92	92	52	60
6	64	28	71	52	29
56	45	22	22	18	22
38	18	55	30	80	52
73	92	47	96	14	40
68	13	16	16	96	16
72	25	78	56	34	9
67	71	57	68	22	27
63	23	16	16	16	77
8	90	90	53	39	76
16	85	90	85	85	27
49	16	69	48	32	21
47	14	80	4	64	54
42	9	78	66	83	89
50	32	43	43	43	24
4	4	51	44	22	75
6	14	42	14	9	14
46	1	91	19	56	100
96	92	58	3	7	67
32	21	87	34	29	21
36	18	56	46	38	69
35	76	14	70	76	70
48	69	4	7	87	50
8	11	90	85	11	11
43	51	52	94	4	51
21	60	27	84	33	37
26	99	26	26	57	50
92	18	62	6	57	92
87	9	9	77	9	3
67	53	56	47	11	11
99	97	56	57	60	99
11	20	48	52	77	92
95	35	35	86	35	90
9	36	15	9	87	9
81	6	37	6	6	58
9	81	67	50	34	95
17	88	52	21	23	92
19	89	71	27	12	28
91	76	56	17	17	17
79	83	12	31	62	69
47	34	75	2	39	85
59	49	66	49	49	20
25	74	19	60	19	64
11	74	76	79	7	69
38	66	13	86	23	24
79	31	82	76	5	81
71	23	66	23	23	81
2	7	2	77	2	10
51	29	5	69	60	33
84	78	16	99	22	37
30	30	30	19	63	86
43	43	92	48	65	43
35	15	26	23	90	74
3	40	94	66	74	52
12	12	64	57	78	56
79	63	27	37	37	37
27	73	23	67	2	54
37	86	97	77	96	70
67	12	98	1	13	69
78	71	14	11	87	48
25	19	29	22	33	57
85	51	62	5	70	58
7	67	16	22	78	22
43	86	13	20	89	7
21	89	40	46	40	56
44	55	54	88	94	69
19	45	1	1	1	78
77	46	41	41	41	53
15	69	78	44	62	40
7	40	27	40	37	40
19	49	72	49	49	1
5	88	86	60	21	31
6	18	41	56	24	70
22	59	97	88	67	39
6	14	22	21	48	7
39	94	58	76	88	10
42	50	42	42	30	88
26	60	26	26	6	100
20	90	6	57	20	20
13	11	81	13	13	10
41	71	21	89	47	87
30	51	57	45	37	29
52	54	94	94	96	43
10	43	62	43	72	43
41	95	7	19	7	80
30	62	62	13	28	67
26	73	63	4	26	15
56	23	51	15	91	82
35	37	35	89	65	35
87	90	9	12	72	13
15	15	4	98	96	15
38	81	45	66	42	52
20	4	27	27	82	27
49	56	33	87	49	76
47	98	47	39	25	47
39	32	98	97	2	65
25	96	75	9	78	24
86	80	16	86	35	91
56	37	14	31	42	54
93	51	97	7	78	26
19	66	30	43	97	57
95	38	81	43	18	20
2	34	22	57	59	36
71	6	81	62	11	46
67	75	12	41	41	41
24	67	50	24	84	24
96	85	86	9	44	19
38	67	8	5	61	14
6	45	23	20	74	83
82	12	55	20	20	20
5	56	21	82	42	7
35	3	84	66	93	57
18	63	90	46	17	21
60	53	26	65	100	93
55	93	29	29	49	29
66	29	29	29	37	3
41	15	15	15	20	97
14	75	45	84	45	45
6	30	30	90	67	30
9	93	28	28	28	80
69	45	44	50	50	50
83	71	53	31	75	58
6	83	1	29	29	29
94	62	83	92	56	44
13	58	22	8	98	2
30	42	98	82	95	34
52	68	78	30	18	81
98	39	32	62	49	54
10	86	69	10	85	10
98	63	27	66	71	8
74	80	98	26	95	78
40	54	40	50	40	57
21	57	28	83	58	90
1	68	23	38	38	12
88	20	6	99	62	59
28	12	81	18	59	81
82	28	74	30	16	22
63	42	75	6	68	41
95	24	51	62	70	34
81	16	35	24	72	57
17	75	74	94	93	44
2	2	46	2	64	11
43	46	97	77	24	78
96	100	80	37	60	31
45	22	80	45	45	70
84	44	73	61	9	29
58	38	10	9	98	39
27	78	87	47	50	52
25	95	5	72	60	34
35	31	75	77	2	92
5	51	90	59	46	84
59	11	81	70	10	46
22	22	66	22	53	26
87	26	60	84	43	15
48	85	43	43	63	43
3	86	99	41	80	2
95	100	28	40	57	2
89	75	84	35	100	88
33	89	59	58	35	22
28	17	43	10	57	86
47	17	78	9	21	2
39	44	55	91	12	85
83	43	92	43	43	82
58	21	81	88	2	63
37	40	97	63	43	65
70	37	82	86	29	83
29	34	25	27	14	40
4	18	18	45	31	71
95	82	56	60	76	21
52	42	1	7	95	73
41	84	12	84	10	61
52	29	73	1	39	57
6	27	39	24	71	52
16	39	16	2	16	38
15	12	12	12	27	68
98	58	65	30	56	23
30	30	12	98	30	26
92	80	28	28	6	38
66	5	86	54	31	85
34	49	34	34	40	72
96	66	62	53	55	46
65	1	54	12	18	64
60	96	72	41	35	38
1	90	94	23	44	51
10	94	50	27	54	31
28	3	27	4	97	46
68	37	92	37	37	35
47	89	84	1	62	82
9	9	3	54	9	97
42	70	34	100	30	7
52	37	9	68	75	13
49	68	100	21	6	59
19	30	37	37	85	37
26	76	58	75	39	19
27	95	56	34	16	29
92	20	91	43	58	64
71	11	43	29	51	11
14	94	29	97	62	70
39	17	27	28	84	14
36	12	91	36	42	36
89	24	40	72	72	62
24	24	68	24	77	90
19	46	57	60	19	17
14	2	92	29	44	87
82	91	94	18	69	49
21	74	11	69	38	65
39	5	57	29	40	38
25	29	41	20	15	44
16	7	62	39	25	40
40	24	40	25	83	40
65	5	29	53	66	31
51	7	98	35	36	42
20	38	20	20	43	89
77	100	95	45	44	93
29	88	68	47	29	29
83	78	75	20	70	100
82	11	83	52	11	11
66	10	32	33	53	1
88	93	26	39	81	3
56	96	76	52	36	86
85	73	56	18	31	19
5	36	64	68	31	53
49	49	53	69	78	49
33	7	36	16	92	13
100	55	39	5	65	99
10	75	8	90	32	52
52	58	5	7	80	69
48	86	43	5	21	58
76	51	68	22	82	77
77	53	55	55	16	17
36	55	31	99	98	98
80	82	92	65	64	6
32	79	95	61	74	61
11	46	74	49	64	67
71	44	97	46	50	22
54	90	34	59	90	18
12	24	12	81	21	12
4	17	88	8	93	36
100	47	61	99	46	92
57	11	11	13	11	85
92	14	96	49	62	71
37	37	11	98	37	81
59	85	39	25	13	14
81	87	43	83	43	43
65	71	56	91	99	44
48	34	2	28	22	78
84	18	18	86	18	42
9	54	89	45	40	37
98	50	40	50	89	50
81	100	25	45	49	50
78	21	85	83	21	21
8	71	27	1	56	82
7	30	33	21	30	30
12	43	12	22	12	10
1	90	85	11	38	50
26	86	26	49	72	26
91	46	34	77	73	82
58	50	26	48	25	20
33	55	47	9	1	1
5	64	42	53	43	26
2	38	39	39	76	39
77	63	26	44	83	53
3	78	34	97	91	75
51	47	47	97	67	47
45	10	37	88	43	69
36	7	66	25	44	13
70	57	7	5	28	82
61	37	35	12	37	37
87	7	83	93	21	60
88	90	52	89	51	23
39	95	64	92	47	4
39	71	30	37	7	57
45	57	15	45	45	20
71	30	1	79	61	20
18	19	39	11	39	39
12	66	18	15	65	91
87	42	41	41	90	41
85	13	10	48	79	91
72	75	37	78	95	23
12	47	47	42	47	4
5	71	5	65	5	69
85	28	28	28	9	41
91	17	82	20	13	28
44	74	6	6	6	65
81	69	50	96	89	24
35	21	88	93	41	49
2	89	55	2	34	81
38	8	7	8	11	8
53	77	17	5	43	32
20	55	20	53	57	20
71	15	59	15	21	15
47	48	32	98	77	40
47	47	51	81	88	47
37	16	37	86	74	54
84	8	84	32	73	46
13	48	4	69	4	4
97	2	72	62	55	19
38	74	96	71	85	81
29	36	47	36	69	36
60	9	45	46	9	9
42	90	89	17	75	80
70	20	77	20	11	20
42	99	78	32	29	78
56	6	51	62	37	22
11	11	33	72	11	70
21	61	44	94	94	16
40	64	5	1	93	62
21	21	1	72	71	61
89	1	97	16	27	22
7	37	30	5	64	60
1	22	1	1	85	75
63	30	37	69	30	30
11	47	35	4	11	11
31	11	38	9	38	38
31	48	48	87	69	48
15	35	52	97	37	87
25	13	75	72	35	57
97	15	19	67	43	5
66	30	68	77	7	57
26	98	96	35	31	33
65	20	59	54	43	22
8	60	85	27	32	67
20	25	2	20	20	43
17	22	22	62	83	22
44	58	92	99	48	99
27	85	27	32	18	27
30	34	44	30	30	8
48	48	83	48	14	19
12	69	51	22	25	17
21	53	71	55	54	7
5	44	44	65	88	44
57	32	22	96	84	13
47	46	21	85	15	23
75	15	96	15	15	8
37	53	85	63	37	37
31	92	83	47	88	59
3	98	58	49	94	47
54	93	6	13	13	13
32	63	27	32	9	32
91	24	59	86	97	66
59	44	1	12	67	85
58	73	56	49	21	24
16	7	38	28	72	44
2	58	24	99	89	77
19	19	19	97	73	8
55	13	31	43	31	31
20	54	39	39	39	1
63	87	21	80	11	69
1	27	3	72	1	1
31	24	23	67	48	52
37	52	37	37	97	5
53	84	11	55	71	19
3	88	28	32	39	58
65	6	97	44	56	37
4	28	94	17	2	90
42	4	4	4	92	21
24	72	11	7	36	39
15	2	81	86	64	52
85	89	85	2	78	29
36	30	82	87	39	49
49	1	61	47	58	39
10	89	85	74	27	85
26	10	22	53	25	82
52	30	46	55	48	7
75	35	18	43	70	43
95	39	19	47	93	73
57	29	97	23	33	59
39	70	97	49	63	53
43	75	50	88	26	70
24	36	22	23	87	21
52	51	71	36	38	34
71	100	94	5	38	42
70	6	22	13	6	6
89	67	10	86	7	14
23	55	30	23	23	10
48	52	30	72	48	48
30	11	92	92	51	29
3	13	55	23	33	94
12	74	59	10	78	25
21	17	96	40	80	22
33	4	33	33	72	76
33	23	47	41	49	53
54	51	52	93	95	88
66	49	11	25	6	48
44	75	88	59	15	53
62	73	86	70	99	38
66	94	79	86	9	12
78	90	72	62	30	48
60	42	73	33	86	84
64	82	50	87	94	70
37	44	53	21	25	36
61	66	18	89	22	83
34	10	37	56	22	18
57	62	67	60	66	23
54	43	42	59	75	91
77	52	36	53	91	20
55	72	53	20	80	52
21	37	30	67	93	21
98	91	73	64	52	51
37	45	50	37	37	9
37	57	17	75	98	20
17	11	31	11	3	11
23	12	87	19	71	23
26	33	86	77	33	90
43	27	24	27	27	63
91	50	10	43	92	15
70	13	93	34	13	2
36	21	8	58	23	19
73	25	81	84	66	60
19	3	26	33	78	30
85	17	63	30	83	5
33	26	54	83	25	75
36	31	10	31	31	63
38	38	95	81	90	38
70	2	73	44	2	2
100	78	16	85	10	20
60	81	22	47	25	21
69	91	53	100	57	38
44	38	14	14	14	13
1	95	49	58	11	6
50	93	89	4	41	60
47	75	2	50	95	38
30	30	15	46	64	30
94	50	48	60	22	42
4	49	71	13	82	9
62	78	19	64	92	54
80	6	74	17	17	17
68	61	29	72	40	85
67	66	29	100	100	11
55	56	20	36	31	53
9	21	6	71	21	21
35	99	34	27	83	1
25	51	29	2	22	100
34	30	48	48	32	48
45	68	45	31	45	51
98	71	69	9	87	11
85	61	26	16	53	35
42	74	90	81	43	72
91	35	82	40	40	40
1	1	1	18	66	42
79	66	36	10	79	19
40	64	6	94	12	42
20	16	92	49	42	23
60	63	38	5	93	5
16	82	83	47	36	11
9	14	56	69	14	14
48	12	93	85	50	73
24	34	66	4	10	78
46	27	46	60	47	46
8	59	18	14	18	18
64	56	48	5	68	18
47	50	50	78	50	98
90	81	47	10	47	47
91	80	11	11	11	63
94	32	82	83	68	82
25	44	72	90	28	40
62	61	34	51	46	95
99	78	60	49	49	49
74	64	22	65	42	55
19	85	15	72	16	78
13	13	90	13	57	98
34	88	38	38	38	75
47	72	21	8	8	8
59	23	19	1	19	19
38	69	63	39	91	81
97	26	3	51	26	26
44	87	91	44	36	44
7	82	77	7	7	36
38	12	12	15	12	72
32	56	78	19	57	11
44	25	92	1	94	56
65	26	56	26	26	75
71	50	18	79	64	13
29	29	70	61	29	27
45	51	64	77	87	6
27	27	27	53	69	13
76	52	52	71	14	51
51	60	81	37	49	8
10	34	34	34	96	85
81	12	22	25	22	17
58	46	17	38	97	90
38	91	38	71	60	38
45	67	45	90	45	77
89	29	95	33	21	55
52	39	54	65	69	42
68	43	4	58	3	84
72	89	11	90	95	38
87	24	44	70	21	89
30	25	4	4	6	4
47	43	47	47	17	2
54	91	40	35	49	24
12	20	67	17	49	40
45	49	44	92	15	98
19	47	58	40	76	32
91	43	60	27	47	57
37	41	42	93	100	33
35	48	42	51	48	48
14	89	70	100	69	84
69	7	52	78	85	29
11	51	11	60	11	68
78	74	53	20	52	59
27	51	23	82	27	27
29	57	36	66	29	29
60	97	30	26	34	46
1	60	45	1	1	94
54	76	48	18	50	57
65	57	21	32	32	32
3	3	3	62	34	97
64	19	19	39	19	89
48	66	41	12	12	12
92	51	24	3	60	11
45	1	60	75	72	12
19	22	71	84	98	43
75	5	32	16	28	39
4	21	24	5	69	76
70	87	100	48	41	10
98	72	40	92	89	27
97	35	72	53	33	61
12	12	82	12	56	86
54	39	58	81	25	77
1	26	1	82	1	62
18	18	39	18	44	28
35	35	67	35	29	92
73	14	53	79	99	5
55	55	34	68	8	78
32	34	82	5	97	66
62	16	23	77	5	9
32	32	18	32	8	67
26	91	89	79	29	74
2	2	45	15	88	2
35	4	28	31	72	82
38	40	60	82	87	63
40	52	2	8	85	85
94	9	21	21	21	65
47	98	73	24	5	44
71	59	51	69	28	9
31	3	44	100	78	1
2	19	73	13	88	13
52	85	56	41	14	82
55	14	82	54	2	84
4	51	88	70	62	47
44	77	44	44	84	3
24	88	4	89	81	45
31	24	39	40	44	49
60	10	22	71	22	22
28	28	98	45	28	96
29	36	31	67	19	12
59	35	54	75	95	82
78	36	22	25	100	85
26	42	94	73	42	42
5	72	67	23	41	26
19	46	30	43	2	98
59	25	12	36	12	12
87	32	64	44	32	32
84	49	92	17	75	42
8	38	80	8	75	49
63	37	5	22	37	37
32	72	32	32	39	7
3	83	25	85	16	47
89	57	78	3	94	77
56	45	57	23	67	56
66	12	62	70	20	49
26	67	26	26	58	65
28	9	78	74	6	87
48	48	75	28	48	66
59	7	33	41	28	21
86	11	84	8	96	88
35	60	32	64	19	97
7	8	72	8	70	8
23	58	22	23	28	94
30	81	3	7	7	7
39	39	97	22	95	39
75	10	44	12	3	24
99	22	33	13	59	92
34	24	67	65	25	7
83	72	23	52	9	42
16	74	27	42	5	99
5	19	35	35	35	95
55	40	94	19	80	68
98	17	44	25	11	43
61	1	19	56	8	72
77	18	5	84	57	57
70	19	92	96	19	19
81	46	46	11	21	46
6	25	29	55	19	66
74	86	89	67	84	85
82	27	27	35	59	27
89	15	45	81	41	42
26	60	31	5	58	66
84	99	63	38	36	100
23	32	50	53	79	69
90	40	78	56	56	53
53	36	79	29	66	39
84	12	19	5	69	32
70	71	36	4	60	9
10	28	28	44	89	28
29	76	67	73	39	90
18	15	20	77	92	51
31	47	69	85	73	17
65	39	53	39	67	39
59	71	52	74	59	20
1	46	41	41	73	41
27	86	27	27	42	91
24	15	24	97	24	72
50	27	35	57	16	93
55	24	58	39	39	39
93	53	23	53	95	50
67	34	83	53	62	80
26	19	3	3	80	3
40	20	81	40	96	12
11	43	54	20	11	11
82	60	35	57	59	98
49	20	20	20	51	98
52	48	49	38	43	19
52	64	48	89	12	69
63	74	30	55	68	13
12	48	47	71	42	35
78	57	41	45	74	79
97	21	14	34	15	47
36	2	46	60	37	90
34	82	72	88	33	5
45	49	73	45	45	12
3	81	30	41	53	28
12	34	12	65	30	12
2	89	74	32	24	98
60	14	52	35	82	83
23	99	31	29	69	46
16	76	68	19	69	69
47	40	85	44	40	40
49	49	49	89	38	100
15	28	41	81	24	52
13	28	74	28	82	28
90	14	35	12	64	8
72	75	55	40	47	91
95	22	19	44	54	51
47	99	50	68	100	43
22	66	85	64	90	45
11	45	92	57	87	37
14	83	40	15	88	79
82	95	54	79	49	66
67	67	16	33	82	50
13	11	30	82	56	3
7	27	24	91	19	77
65	50	100	65	37	97
98	50	69	91	84	28
45	68	12	30	32	33
77	47	31	35	32	74
12	99	59	12	95	12
99	92	87	67	89	88
42	26	17	70	34	45
69	32	29	29	92	29
80	98	38	14	38	38
37	93	70	74	74	2
12	10	77	51	6	59
82	5	43	17	93	74
11	44	73	20	77	21
95	26	34	34	42	34
53	5	5	5	82	52
51	84	62	40	87	45
81	66	65	65	87	47
45	53	80	10	43	10
63	51	50	10	50	50
23	75	26	37	40	20
14	9	41	80	60	39
61	64	54	73	21	69
10	50	33	36	10	10
18	90	45	23	83	83
34	21	75	100	56	64
31	32	67	74	37	13
21	2	68	45	59	60
55	76	30	81	75	28
46	12	11	78	83	99
47	60	78	80	14	62
9	92	70	52	65	49
41	41	55	64	65	41
10	3	50	99	67	55
55	67	99	32	42	26
90	35	86	35	74	35
9	6	27	16	52	2
53	22	19	14	71	6
65	35	49	65	14	72
97	37	8	23	23	23
6	36	99	87	44	73
27	6	61	72	66	8
4	42	26	38	61	29
11	14	81	4	90	36
53	22	20	62	20	20
50	44	32	48	50	50
4	8	32	67	26	96
2	6	12	21	55	63
90	25	14	98	95	59
8	8	71	20	47	8
6	18	76	75	67	17
43	50	39	23	78	1
11	9	57	26	43	98
26	35	74	72	63	14
58	41	41	91	41	20
61	92	38	38	42	38
27	40	31	45	27	61
22	18	48	39	97	27
30	19	83	11	92	82
2	88	4	68	23	33
57	32	70	64	42	13
65	77	33	43	85	87
51	14	86	38	30	53
15	1	1	34	1	67
97	73	81	90	10	94
19	9	32	50	65	50
55	55	99	89	58	1
29	45	53	22	34	90
40	62	5	76	94	61
5	5	5	10	43	45
48	12	23	43	4	97
20	16	37	23	48	67
14	34	14	14	67	28
95	3	20	3	91	3
26	37	49	75	78	62
13	36	26	13	13	27
90	82	9	80	19	62
67	76	51	43	33	50
96	66	2	15	31	46
53	26	64	27	33	35
41	3	58	74	6	43
43	28	28	28	91	4
14	90	32	82	67	18
48	85	24	30	45	26
54	76	83	18	76	54
93	56	37	37	37	67
83	35	82	35	27	35
28	67	16	5	8	79
24	47	71	47	99	47
47	2	70	13	51	77
61	47	42	49	26	67
85	47	38	66	1	10
90	55	11	11	30	11
85	40	36	81	19	28
8	30	63	51	58	42
53	93	81	88	70	23
70	9	61	88	9	52
67	47	97	18	65	57
100	22	65	17	41	4
97	88	15	35	52	51
21	90	35	76	89	61
95	46	47	63	8	92
5	39	39	39	7	42
33	21	21	43	21	34
16	80	38	54	8	69
2	76	94	99	73	46
80	12	77	30	72	66
81	40	5	40	40	70
1	83	9	1	1	18
21	2	21	15	21	57
93	39	71	15	41	4
39	84	50	54	93	45
66	51	62	6	71	91
72	46	10	82	45	39
14	67	97	64	86	9
11	48	47	28	47	47
94	45	46	3	71	75
69	87	32	45	47	12
44	81	31	41	35	32
33	88	62	98	34	94
82	35	98	11	4	45
66	79	1	88	49	30
42	6	76	6	6	24
17	65	99	35	72	26
34	75	34	86	19	34
35	79	17	21	92	100
18	18	18	97	65	21
55	85	26	23	26	26
58	44	23	89	54	51
23	35	42	26	27	46
86	58	74	75	55	14
84	81	11	84	22	32
32	32	21	39	32	27
80	8	80	70	85	92
74	93	76	65	4	22
39	96	51	43	43	43
50	99	97	27	70	91
76	89	48	12	65	52
73	90	94	31	39	28
61	74	29	65	58	17
8	92	21	97	83	60
24	25	41	88	100	23
46	96	62	29	16	31
73	98	30	1	38	53
88	25	57	82	3	48
46	90	6	39	60	57
69	17	38	51	55	87
79	85	6	24	78	12
56	95	65	100	18	91
64	95	16	83	93	57
44	62	8	55	23	100
5	15	24	31	24	24
58	69	56	12	60	2
94	71	44	39	37	16
61	83	39	13	88	32
91	31	31	31	54	43
62	65	76	24	49	76
94	58	88	73	80	41
100	22	32	32	34	32
83	1	72	66	38	61
98	58	48	97	26	1
78	4	87	24	74	39
50	75	50	32	50	37
41	48	41	67	70	41
32	32	32	42	7	79
1	43	38	7	9	20
46	6	69	46	51	11
29	93	29	8	29	82
84	4	4	7	27	4
100	24	49	24	24	47
42	24	28	74	42	42
12	32	55	90	10	1
9	4	38	38	24	38
68	30	96	1	27	98
17	69	17	17	21	73
44	40	44	44	87	16
64	65	1	1	1	47
98	48	32	32	10	32
14	14	44	87	46	14
58	17	2	29	73	94
15	13	61	28	21	93
44	43	57	63	11	7
92	14	38	38	50	38
2	68	10	53	86	76
67	37	19	37	15	37
76	82	72	41	96	27
46	4	97	45	9	4
21	37	43	26	78	40
79	58	48	99	80	1
58	14	14	28	33	14
96	34	45	34	34	94
59	33	64	9	71	76
97	31	35	31	8	31
67	96	17	1	62	37
81	65	22	48	41	64
98	70	44	57	60	14
45	45	55	45	42	44
26	34	33	16	57	21
96	49	50	67	49	39
90	93	75	92	91	74
85	36	4	36	55	36
27	3	72	33	14	78
88	3	56	14	3	3
40	28	30	18	30	30
12	18	64	11	82	87
86	11	11	11	46	47
36	36	34	36	65	12
74	10	39	48	57	86
66	29	48	30	68	14
57	43	14	79	33	56
42	7	47	75	86	44
40	49	89	17	20	86
23	44	44	67	44	28
60	8	17	8	8	18
13	5	87	16	13	13
67	71	5	29	5	5
45	5	31	73	28	27
41	15	56	15	58	15
86	5	25	34	31	59
99	94	83	9	4	8
17	84	79	17	35	17
1	48	57	48	79	48
81	10	12	37	40	78
18	62	63	90	21	21
82	70	50	94	59	61
41	29	63	29	82	29
21	45	98	99	23	67
68	85	51	22	25	84
98	49	75	71	29	83
81	6	6	51	6	48
4	24	86	4	4	87
5	86	5	47	36	5
27	12	12	34	46	12
95	87	73	11	73	10
75	83	70	28	53	83
77	41	23	81	41	41
1	90	25	25	58	25
71	58	16	8	35	32
5	7	44	93	7	7
49	56	49	49	23	44
79	84	45	95	61	92
82	22	75	6	94	25
7	22	7	7	97	36
45	80	3	45	45	84
74	17	17	72	17	95
88	21	90	8	38	1
98	82	63	53	80	36
23	83	93	75	57	72
94	70	84	11	43	41
87	44	44	21	44	20
9	9	9	71	23	31
85	97	19	9	93	55
25	71	3	56	3	3
70	49	70	20	92	3
2	19	80	74	99	3
6	12	34	74	28	32
88	82	85	18	21	75
66	90	36	52	6	44
60	8	61	33	47	74
99	83	92	34	14	12
61	76	64	60	50	6
68	43	55	68	50	96
51	9	34	35	62	71
23	58	30	38	99	57
44	90	68	37	33	55
24	69	97	78	53	57
32	91	72	65	96	77
98	69	60	35	53	74
97	32	86	32	83	32
14	27	26	90	26	45
51	79	35	15	71	70
22	55	22	22	61	10
81	21	28	63	87	32
32	27	2	47	75	94
97	73	30	76	22	66
23	87	20	13	1	45
42	64	75	58	37	21
15	99	15	2	11	15
100	42	42	42	36	60
27	43	44	20	63	25
77	54	75	28	91	38
27	53	83	97	23	52
50	94	21	50	60	50
92	32	84	96	32	32
16	43	75	63	73	72
57	50	19	50	50	42
71	5	81	15	85	91
5	18	100	98	66	33
56	2	74	18	87	7
18	81	76	28	95	7
4	92	27	40	4	39
59	99	78	72	31	26
28	62	14	77	51	83
2	74	89	25	96	56
45	33	65	74	92	4
85	48	10	50	74	90
27	27	27	18	46	13
97	13	59	38	47	6
55	93	58	14	87	65
45	40	12	59	12	12
33	40	40	40	86	25
65	27	57	50	41	12
81	49	9	60	96	27
12	55	43	53	19	81
78	45	31	22	75	48
35	45	88	35	35	80
54	63	76	32	61	78
52	83	76	39	41	22
91	59	98	42	20	90
26	87	45	37	42	93
49	19	100	13	31	3
99	27	96	63	3	5
29	83	24	12	63	70
13	66	94	31	54	81
8	64	47	79	100	52
83	24	72	30	70	6
73	38	67	86	62	33
32	38	45	32	32	91
17	21	21	30	21	82
85	30	18	30	30	11
10	50	30	37	1	7
74	94	39	76	57	32
1	16	95	61	18	49
77	43	44	79	56	31
45	27	59	43	64	43
25	48	1	1	92	1
14	14	81	60	29	97
55	2	50	2	98	2
8	8	8	20	31	81
30	36	39	30	7	30
27	27	81	27	55	17
42	75	88	27	62	87
87	17	14	5	10	91
69	50	25	71	28	50
23	55	93	66	68	100
18	71	29	29	89	41
46	84	65	89	36	79
54	45	33	47	48	58
83	24	77	86	10	83
38	89	6	57	6	6
52	33	33	42	88	33
17	17	86	17	58	64
41	98	41	8	19	41
6	33	92	21	21	21
96	77	10	74	57	37
37	96	52	78	48	56
10	72	83	17	84	52
86	64	23	23	23	57
90	13	86	2	81	2
12	12	17	34	62	12
42	37	57	76	2	10
50	100	100	63	88	17
48	44	51	85	78	35
13	50	15	79	42	21
49	29	75	17	13	74
50	78	22	28	8	60
17	100	53	72	71	82
21	43	96	5	1	16
77	92	10	29	36	80
85	43	39	18	11	20
18	50	94	96	82	32
7	59	41	6	10	50
86	99	93	96	15	5
25	70	25	33	25	74
49	37	89	9	84	31
39	80	32	83	88	6
26	12	47	51	72	1
33	33	33	85	99	74
99	92	29	4	97	73
41	88	38	69	65	73
37	60	15	39	51	61
75	76	52	23	90	2
20	25	66	86	56	91
81	29	79	23	17	69
73	39	76	38	81	33
100	70	18	18	18	4
72	27	55	5	76	76
13	97	30	84	27	85
73	42	12	2	7	98
49	49	57	8	71	49
45	38	79	6	6	6
72	34	53	21	21	21
6	75	6	30	65	6
30	73	11	62	61	83
98	86	29	71	71	63
25	69	25	25	53	42
38	9	33	71	74	79
2	18	32	36	48	32
9	69	73	59	98	14
58	36	63	35	57	60
85	32	37	15	13	6
97	79	23	72	95	74
18	66	21	58	3	9
74	5	40	31	67	61
27	50	90	68	100	99
100	50	43	14	47	57
83	9	63	72	4	57
25	34	7	4	60	85
30	72	24	24	24	76
93	2	55	27	12	73
30	85	82	26	67	89
3	7	22	34	66	96
21	55	78	61	89	93
47	47	72	79	15	47
9	9	24	44	13	9
99	67	13	68	63	66
80	72	68	32	71	8
10	4	4	57	87	4
72	10	90	23	24	8
97	46	36	93	18	25
1	8	20	52	68	53
98	14	14	9	44	14
58	96	45	43	31	9
85	13	13	52	3	13
26	42	90	69	9	74
33	27	33	10	33	70
15	71	17	90	17	17
89	18	91	18	47	18
63	21	82	11	71	83
16	16	68	43	16	14
27	86	20	27	26	27
50	93	100	50	35	50
10	24	10	10	73	61
69	9	9	51	9	59
6	61	14	14	47	14
17	53	40	3	14	52
69	74	12	49	50	30
84	23	14	90	44	76
30	43	30	48	25	30
42	83	24	100	88	33
76	35	66	19	7	89
40	20	100	4	49	6
18	36	3	20	79	18
100	33	94	31	33	33
42	42	3	87	42	22
25	100	53	49	68	12
22	69	49	22	14	22
83	32	45	47	7	15
34	40	42	35	40	40
57	40	42	51	19	11
74	98	49	20	37	17
89	9	37	9	100	9
48	82	91	25	51	26
64	82	30	48	30	30
51	55	89	89	23	3
92	33	85	20	73	16
15	97	15	62	15	63
6	93	56	65	70	43
68	61	71	3	28	23
70	25	39	17	40	51
22	12	22	52	22	44
54	59	98	87	5	61
54	18	53	82	89	13
3	6	74	23	7	90
60	29	87	56	53	59
60	6	57	35	27	77
6	9	40	85	6	6
97	74	18	48	65	85
22	35	54	72	76	60
46	77	30	71	92	38
59	60	24	87	28	92
19	77	92	95	10	36
74	43	33	90	51	1
77	30	70	48	76	29
46	43	89	14	18	10
36	5	79	1	20	89
76	23	17	86	50	44
69	24	59	48	24	20
11	19	20	2	97	73
62	30	30	36	30	19
89	98	4	97	24	19
39	38	18	57	97	37
42	21	29	50	23	33
51	12	44	56	86	20
1	68	73	62	47	62
37	85	59	37	97	96
77	81	6	64	16	22
40	40	58	40	69	44
27	11	36	17	11	11
7	53	49	21	56	8
11	100	87	80	36	98
60	97	91	88	22	24
9	18	43	45	38	65
56	77	57	71	79	23
18	23	60	18	18	38
4	49	64	84	71	9
54	97	92	39	89	77
1	38	1	1	33	64
47	71	43	65	82	41
62	2	41	38	61	57
15	15	54	77	15	46
9	94	6	71	45	31
93	58	45	94	94	51
2	82	100	16	36	89
1	58	15	77	15	15
69	68	7	56	65	66
70	60	77	32	8	12
14	26	70	47	72	9
40	36	7	35	30	7
2	75	69	70	77	94
88	74	1	33	1	1
47	41	12	52	78	36
4	62	59	37	7	83
38	26	16	22	87	44
28	45	28	41	88	58
1	4	41	38	53	68
37	44	30	31	29	69
88	92	52	36	74	82
44	37	49	37	37	5
14	63	71	25	95	6
55	23	23	93	44	23
21	41	32	21	21	30
40	47	50	47	47	37
58	83	27	89	10	60
82	6	16	40	93	29
49	77	86	43	70	24
38	68	3	12	79	75
18	44	7	81	51	10
25	4	93	69	52	30
14	79	26	51	91	95
76	26	3	31	24	47
8	35	22	22	30	22
63	84	32	72	80	29
49	61	96	42	66	44
15	77	21	85	74	74
57	45	70	81	1	93
30	67	66	15	13	62
62	10	37	50	17	43
18	33	19	33	33	89
41	60	77	59	46	54
88	31	40	85	18	27
61	98	22	22	16	22
11	21	11	90	58	11
18	16	98	80	79	12
1	66	66	47	53	33
33	1	85	33	33	36
69	65	3	66	25	66
1	70	81	1	85	1
21	2	90	41	21	21
29	95	74	89	29	29
89	15	61	67	15	15
62	9	39	19	39	39
33	33	33	16	24	96
79	94	46	26	88	66
81	64	92	54	80	80
70	96	22	29	86	37
52	92	77	37	14	99
78	40	46	52	40	40
8	32	94	70	56	65
49	55	12	12	10	12
87	87	17	49	4	20
30	30	96	30	71	74
28	92	14	63	51	62
8	1	22	23	41	49
37	25	37	27	37	15
73	59	100	26	93	46
12	89	54	48	1	89
98	58	8	76	7	44
52	21	31	19	27	86
2	58	31	31	31	10
8	26	32	36	36	36
36	40	29	20	20	20
94	45	46	2	68	93
34	82	68	17	22	76
91	12	98	42	72	75
73	8	12	78	26	80
56	26	85	61	35	20
80	97	62	63	22	85
4	57	53	68	94	51
10	19	38	29	24	51
23	73	73	77	74	46
75	30	25	25	84	25
46	10	12	18	18	18
29	27	21	17	65	54
71	71	58	54	55	7
1	18	1	1	43	20
7	89	54	10	63	70
79	19	2	79	82	64
75	95	38	48	22	19
29	42	93	100	96	77
45	97	78	16	16	16
52	11	54	89	11	11
6	7	7	80	49	7
59	41	41	36	41	98
36	91	47	84	67	18
70	85	47	34	14	57
92	15	79	66	11	3
60	54	94	31	25	13
75	47	13	1	48	69
40	41	99	95	70	88
54	69	98	12	12	12
85	39	28	28	28	13
62	45	47	41	48	77
98	1	60	36	66	59
85	48	56	91	36	85
24	24	95	80	24	17
12	45	80	12	6	12
4	50	50	94	50	100
27	27	14	76	89	27
89	98	13	34	8	36
46	45	38	16	99	22
74	75	43	78	8	50
14	64	40	11	80	82
94	41	42	41	78	41
18	36	21	15	95	23
53	85	100	55	76	34
74	31	64	83	30	8
18	4	18	67	13	18
17	53	16	33	23	92
53	13	71	67	93	26
84	16	16	55	64	16
32	67	21	84	82	74
93	5	9	17	17	24
37	37	37	32	16	99
46	66	46	46	11	31
51	35	41	81	38	46
8	36	58	100	38	87
73	93	31	74	50	5
75	83	62	78	4	90
2	100	63	67	69	29
3	83	86	28	35	31
4	79	80	51	96	24
39	57	40	89	28	59
6	6	71	86	6	73
21	55	50	68	45	26
5	77	17	69	36	27
73	34	42	48	98	17
83	45	29	52	45	45
37	19	61	35	27	65
13	83	31	29	96	69
95	64	40	9	82	53
62	64	56	54	75	97
80	6	44	6	72	6
23	95	23	23	76	37
36	84	85	64	6	23
2	7	48	33	76	61
92	9	98	100	43	25
28	59	91	86	60	64
68	89	98	96	51	76
31	68	99	68	5	95
18	57	23	28	57	94
80	9	1	20	74	49
21	96	6	11	91	74
49	36	75	11	11	11
30	30	30	95	5	52
3	34	56	26	3	3
65	13	13	16	8	88
21	21	22	3	94	75
42	6	61	42	42	16
64	74	63	54	92	6
68	17	42	33	50	33
54	34	71	58	79	73
68	94	72	48	91	34
60	12	29	4	54	95
32	84	28	28	92	28
16	46	68	48	71	73
44	2	54	51	68	99
25	97	15	34	75	69
79	95	10	49	100	74
39	10	34	39	39	95
8	52	20	8	98	8
16	89	16	16	98	52
93	75	68	29	71	73
15	100	74	97	18	87
20	90	34	56	16	39
5	12	1	63	83	24
76	65	75	81	89	64
8	61	78	72	30	100
76	45	87	60	50	16
52	43	86	99	17	87
2	18	53	5	2	54
35	46	21	7	71	30
44	16	33	44	1	100
17	14	28	89	15	21
71	86	65	64	25	97
68	42	87	42	42	18
82	40	40	40	52	63
25	55	25	80	64	53
88	43	56	78	32	93
53	97	17	57	27	13
4	18	4	77	4	43
60	72	9	58	84	94
39	97	76	41	99	51
65	98	8	88	46	12
80	17	31	17	17	42
47	86	57	63	65	67
41	56	21	41	41	67
47	53	47	41	68	47
5	61	65	1	67	55
12	49	49	49	59	45
43	13	81	25	49	45
50	50	48	41	50	71
10	82	53	89	12	30
58	43	9	74	1	81
70	78	76	84	31	61
45	37	6	98	40	53
75	31	34	10	81	45
7	7	7	77	17	80
66	48	42	48	30	48
58	59	56	100	79	32
22	19	22	22	24	99
94	69	34	10	4	85
89	57	90	77	51	83
63	7	54	13	58	18
13	25	86	13	39	93
23	100	23	15	23	17
85	3	30	83	97	39
29	16	65	7	54	97
22	22	22	24	32	88
93	50	3	21	35	19
84	44	45	29	39	36
73	64	54	87	61	80
47	16	27	47	47	64
25	50	94	12	4	4
5	58	41	50	86	18
37	22	37	48	42	67
2	16	97	73	5	44
85	1	50	50	43	50
34	26	26	26	27	5
26	37	26	4	26	69
1	47	83	17	7	82
14	39	39	26	39	31
58	94	84	72	75	100
42	50	42	18	89	42
64	96	56	39	94	100
39	91	68	48	48	48
2	12	95	19	99	4
52	3	87	9	59	14
10	6	84	7	46	100
10	76	79	69	68	43
26	9	70	9	22	9
86	24	68	16	73	82
10	76	51	70	31	9
33	22	80	18	33	33
33	63	54	33	29	33
25	93	25	25	68	36
47	12	8	47	52	47
60	25	30	10	36	96
49	74	60	4	61	17
82	41	94	41	41	42
54	26	78	73	40	63
65	70	21	20	20	58
17	17	44	17	6	95
67	61	23	16	91	13
40	27	12	12	24	12
12	26	31	90	26	26
5	79	42	76	73	60
26	79	83	99	4	89
78	62	32	42	50	66
46	63	95	52	42	27
7	99	7	7	52	9
54	6	68	27	81	10
15	15	58	15	20	43
30	91	32	16	30	30
93	94	7	13	93	36
8	28	28	24	63	28
11	90	88	21	55	38
37	75	10	16	23	67
75	62	36	1	19	62
38	90	43	41	4	58
33	38	87	34	91	99
20	68	82	97	52	74
38	63	83	59	25	98
3	3	94	3	53	36
69	70	11	11	91	56
84	8	78	67	59	39
47	47	94	47	88	99
99	17	95	93	39	14
28	12	69	8	39	1
24	20	97	65	80	17
37	37	37	5	22	6
8	33	23	23	23	94
79	33	98	54	84	16
16	47	20	91	79	86
95	79	5	32	32	32
4	4	44	85	72	4
33	52	74	42	93	59
67	88	22	22	22	81
68	44	1	65	88	71
76	46	83	46	89	46
34	54	58	85	95	91
40	28	40	40	29	63
49	26	59	32	79	60
2	10	29	31	20	1
22	27	31	48	16	61
64	46	21	46	46	78
20	78	72	28	21	95
76	69	56	51	21	55
38	4	37	90	58	52
94	1	1	43	37	18
63	3	56	3	4	3
98	100	62	18	54	97
27	8	97	64	34	75
79	50	46	54	90	1
34	42	25	42	31	42
97	39	22	63	7	99
60	89	35	42	95	45
11	80	13	63	38	24
74	79	19	59	55	46
21	60	17	5	71	89
57	41	41	41	20	74
62	50	65	85	56	44
51	20	25	23	46	57
77	38	49	9	63	20
12	50	49	18	46	18
89	33	62	18	89	65
7	32	100	77	8	40
68	63	89	78	42	8
28	84	44	29	87	79
23	70	3	19	23	23
28	32	17	56	81	26
27	37	92	95	70	52
42	59	91	56	42	20
37	37	37	25	61	88
17	35	87	5	4	27
92	89	55	22	44	60
6	29	6	90	6	77
61	78	42	96	34	18
63	11	9	15	36	76
42	42	58	68	61	42
70	24	17	4	36	51
23	29	14	72	54	33
35	24	34	66	11	50
27	17	57	100	70	8
78	91	19	19	19	75
18	8	77	84	36	18
5	5	100	5	87	44
50	50	29	18	33	50
86	21	92	5	21	21
57	12	6	88	33	100
49	46	7	46	92	21
24	21	33	8	24	24
48	48	48	46	15	34
98	5	42	84	5	5
82	85	48	8	85	53
74	46	38	10	47	55
4	54	56	43	50	58
90	68	36	95	81	11
6	42	38	89	22	59
40	7	7	7	30	3
98	90	25	47	93	10
20	20	54	84	20	72
29	83	29	16	29	58
24	4	14	78	59	46
67	92	93	40	3	54
59	30	21	51	80	80
41	93	21	26	33	69
45	45	51	30	34	45
96	94	9	30	72	94
29	29	29	24	48	39
39	71	53	40	35	65
49	43	49	77	49	84
3	99	28	1	3	3
23	30	70	93	24	87
55	44	98	29	68	97
94	55	75	1	61	56
43	43	95	43	80	74
5	49	97	11	20	78
59	19	19	19	98	45
95	35	11	31	51	83
57	6	92	58	14	75
25	14	38	70	71	10
82	31	73	39	58	13
43	15	17	17	17	69
85	63	11	89	94	66
16	3	71	97	39	18
11	29	33	84	63	31
84	37	4	37	62	37
23	87	67	31	66	43
40	15	75	53	57	48
39	7	94	85	90	96
8	51	79	95	94	39
92	17	44	93	65	56
43	90	45	73	14	60
44	38	48	44	44	17
94	85	33	63	69	92
1	36	47	63	41	19
27	3	44	79	8	31
70	18	45	83	98	15
83	38	48	93	20	74
71	73	59	4	61	71
60	53	25	26	80	29
97	81	5	2	59	27
52	26	38	86	15	32
82	45	1	45	93	45
95	18	15	15	6	32
85	19	82	100	94	88
86	16	73	77	12	21
87	3	23	45	12	8
83	55	62	61	64	23
74	4	9	12	4	4
19	29	3	55	10	71
37	75	21	83	88	91
31	37	56	43	15	97
79	33	21	13	82	64
6	87	99	41	42	98
78	49	1	78	12	81
99	83	29	96	6	79
42	76	14	68	53	25
40	79	73	40	40	39
39	26	66	26	22	26
80	48	67	94	45	65
7	7	100	7	37	16
34	34	14	6	11	34
48	48	42	48	71	15
69	65	21	31	31	31
41	60	78	96	17	50
23	52	35	87	34	96
40	4	25	25	18	89
90	56	9	80	71	12
61	23	94	55	45	71
18	51	18	88	49	18
11	58	39	11	11	13
28	77	66	76	1	94
84	28	28	29	40	28
16	38	74	49	49	15
24	87	15	41	14	84
82	60	76	74	57	83
69	21	35	76	12	84
15	25	35	15	15	49
34	5	34	53	34	69
85	13	93	16	75	40
81	15	61	13	12	84
100	2	7	63	67	2
1	61	37	29	37	37
33	97	33	37	36	12
87	11	20	70	79	60
8	52	11	56	1	93
45	7	97	7	46	7
79	58	27	44	66	90
47	65	15	99	33	91
55	15	50	43	59	80
98	40	82	96	75	44
44	21	47	84	44	44
48	42	39	19	56	9
96	75	32	30	100	2
69	90	25	28	28	28
12	42	3	69	80	54
7	35	5	95	6	46
27	92	27	27	12	38
100	49	49	49	29	20
79	5	6	73	42	20
45	69	43	4	84	95
61	96	96	13	38	61
35	56	22	35	35	49
55	5	70	67	5	99
31	42	51	93	87	87
43	7	67	88	58	71
68	29	65	92	34	91
63	76	47	72	44	56
70	74	93	8	24	26
84	47	75	47	51	21
44	95	13	4	19	39
69	19	59	57	66	94
3	100	68	55	98	62
45	22	83	94	17	8
65	15	42	7	52	57
29	29	12	22	55	29
6	71	36	75	51	38
31	97	30	15	60	39
63	94	62	43	81	71
24	84	68	68	97	59
21	21	10	38	38	4
51	39	96	63	11	75
45	45	29	45	7	90
20	4	86	20	95	20
19	15	74	61	69	15
11	11	51	11	2	87
52	91	15	99	73	49
39	68	3	72	9	45
50	82	17	17	17	83
91	62	55	76	57	5
25	79	90	36	4	93
40	56	52	21	17	52
58	100	36	18	38	60
11	1	11	11	87	34
66	44	44	44	59	89
77	56	60	45	4	55
86	30	85	19	79	40
54	50	32	50	75	50
98	35	15	50	29	25
8	13	1	59	92	82
47	9	94	70	36	25
84	78	31	35	35	46
70	27	91	17	70	74
66	61	46	21	99	55
12	26	12	12	66	83
52	18	39	1	61	80
77	11	43	74	58	14
83	35	98	49	20	54
3	3	77	21	3	96
22	74	3	22	4	22
62	42	96	66	59	99
62	64	9	73	59	23
40	43	43	39	43	35
33	33	51	87	33	69
12	91	9	9	9	73
85	52	77	57	78	29
36	33	50	36	99	36
72	100	77	41	21	10
1	32	22	83	22	22
26	97	93	77	72	53
8	8	21	47	53	8
31	18	43	47	43	43
38	65	31	93	31	31
44	9	80	74	85	31
84	76	93	61	7	85
50	41	20	50	55	50
50	6	2	57	69	14
66	30	53	50	28	28
16	52	25	17	68	35
55	79	19	25	47	46
72	60	35	81	30	63
92	14	38	75	61	43
59	15	71	12	56	90
13	38	17	43	77	55
5	51	18	6	89	68
54	60	88	93	44	25
91	92	15	56	12	66
27	98	13	10	10	19
32	35	32	41	32	42
31	22	41	48	72	2
81	34	96	87	91	48
60	70	96	6	44	87
35	80	37	81	60	75
26	15	62	24	63	49
66	6	61	18	25	91
17	93	81	82	8	53
32	86	13	36	32	32
73	3	39	3	3	52
14	14	19	14	72	1
23	24	45	56	8	84
34	16	99	15	80	44
69	64	97	46	14	96
40	40	3	40	58	84
29	89	82	1	3	41
57	33	26	47	32	50
41	54	71	36	16	68
77	33	39	33	33	35
37	36	30	91	63	91
63	29	91	41	86	54
78	48	52	50	26	44
94	41	47	70	11	73
100	86	47	30	53	43
16	23	87	18	67	51
8	3	26	21	55	92
41	41	43	56	13	41
25	15	47	15	50	15
46	83	33	46	46	8
39	35	79	53	40	70
65	17	83	45	55	75
28	40	28	28	51	79
62	25	11	22	69	100
87	26	32	72	61	75
65	39	30	11	74	75
61	19	44	44	44	72
30	42	42	36	42	61
83	62	66	19	67	50
54	28	23	23	23	11
29	80	96	23	84	38
32	32	22	31	19	32
38	22	17	65	55	16
81	37	37	37	62	15
35	31	60	62	51	82
29	87	26	31	47	75
50	46	6	54	40	78
82	90	91	55	5	15
57	29	100	38	79	41
68	39	33	33	26	33
60	38	46	63	40	3
69	70	54	93	56	26
34	37	37	47	68	37
90	4	96	43	58	82
6	18	92	6	19	6
30	89	13	88	38	52
34	77	73	41	60	72
12	62	68	24	76	84
56	55	9	22	2	91
22	17	46	22	22	15
57	34	24	70	44	54
60	38	7	30	22	33
92	18	29	16	44	88
91	66	82	7	70	18
46	8	71	26	47	79
4	67	51	56	43	37
34	68	36	29	6	19
94	90	32	21	43	48
33	3	69	3	70	7
54	3	52	53	74	83
38	38	30	92	38	78
48	46	40	75	13	81
75	71	66	65	62	50
65	23	16	16	33	16
10	48	38	47	13	80
57	100	20	29	8	63
81	25	31	25	77	48
72	65	91	74	13	56
96	83	20	20	21	20
71	33	84	49	48	39
90	64	85	100	17	49
90	66	28	87	52	2
19	59	91	45	59	67
77	42	35	59	2	22
16	73	61	3	22	89
13	3	12	76	34	31
92	50	21	98	85	49
57	48	81	13	3	70
30	75	33	8	37	43
59	67	26	6	31	21
55	14	2	74	2	2
19	45	54	11	29	75
36	6	18	36	36	90
39	39	50	67	39	22
89	66	48	74	62	49
45	45	96	45	11	22
72	24	24	95	83	24
65	47	6	83	44	65
25	25	25	86	66	48
29	36	3	6	97	82
65	48	90	98	100	44
2	14	35	35	35	98
66	37	93	91	75	35
33	27	53	27	27	55
48	74	47	100	69	89
51	24	26	38	14	74
10	17	48	10	10	81
88	27	27	25	27	21
93	5	5	92	48	5
43	2	2	2	30	14
72	39	71	91	73	78
78	35	35	75	66	35
5	73	49	46	28	83
9	89	11	43	34	49
89	51	90	88	36	34
79	1	40	77	32	39
80	32	32	23	63	32
77	51	46	89	3	91
22	20	73	69	6	49
27	17	17	17	10	60
36	36	20	49	36	90
91	85	54	58	18	15
90	13	67	53	95	14
76	17	89	100	62	16
61	50	50	50	29	78
77	29	11	24	29	29
27	27	6	18	20	27
59	9	22	22	29	30
50	5	41	48	58	30
37	61	9	48	50	48
31	81	12	45	12	12
38	49	66	54	89	22
32	31	23	2	38	5
60	53	94	58	86	99
89	42	8	77	81	60
5	5	5	42	61	41
94	29	26	14	31	83
57	19	59	19	69	19
2	2	31	89	77	60
31	94	34	5	46	29
94	46	58	46	46	24
30	55	67	40	83	26
89	20	24	28	46	8
33	80	46	30	15	48
84	35	35	48	29	35
90	4	62	4	84	4
16	16	16	37	93	1
22	31	16	31	11	31
12	16	40	11	40	40
100	4	33	100	31	45
6	67	4	9	91	66
7	32	82	10	80	8
97	60	50	30	59	90
7	17	4	4	8	4
76	69	53	96	54	82
95	9	38	53	38	38
78	99	64	77	1	60
37	63	36	36	40	36
36	36	36	77	71	6
74	34	54	40	75	42
96	81	48	53	66	14
36	15	44	87	96	54
54	10	85	20	76	26
21	21	78	21	94	70
2	1	5	87	21	35
23	56	31	99	48	45
4	81	10	99	72	7
46	44	60	35	35	35
90	98	12	25	64	45
69	3	7	15	45	76
22	41	12	31	12	60
69	46	54	72	58	81
16	27	28	25	60	95
80	3	63	56	42	4
87	38	37	65	45	27
28	38	9	56	83	65
68	56	69	44	75	11
3	85	49	51	26	60
56	17	73	21	24	48
68	43	31	43	43	64
16	39	100	69	80	23
44	97	87	79	75	38
47	11	70	23	73	20
66	43	36	55	64	36
19	82	10	90	28	61
85	37	57	100	12	30
17	89	89	7	65	99
69	19	43	43	43	88
46	57	7	46	46	44
7	61	14	11	94	19
53	10	91	93	90	62
88	63	68	19	28	75
91	47	47	38	47	27
31	60	31	31	21	8
31	30	15	31	31	78
29	68	68	73	65	48
25	46	11	59	12	41
25	56	22	42	2	36
60	85	8	28	47	12
75	54	20	8	20	20
75	14	34	24	44	99
59	93	98	39	7	59
30	26	51	27	55	55
2	42	83	33	45	9
32	74	14	83	14	14
66	62	15	15	32	11
59	93	39	75	39	39
8	80	74	53	3	43
72	65	9	33	7	96
5	20	76	60	41	55
68	61	86	19	22	8
11	73	78	86	84	56
73	39	30	74	13	97
70	40	75	99	21	16
67	42	90	52	77	92
49	76	77	51	91	13
88	99	29	40	15	48
51	35	65	11	95	92
99	12	12	54	12	19
43	16	93	95	11	95
29	90	21	8	36	43
73	48	29	79	88	34
97	40	72	81	96	37
45	39	20	39	42	39
49	29	13	61	31	37
50	9	79	28	63	81
30	55	51	64	9	56
88	18	18	17	18	11
25	96	91	3	30	61
42	89	32	77	12	100
6	6	6	33	93	3
75	33	21	33	33	55
29	50	16	97	95	94
28	16	66	28	28	94
46	7	35	56	95	20
26	41	41	39	41	55
17	49	48	54	59	56
32	20	20	20	14	5
91	4	90	85	81	27
67	47	47	47	78	12
47	29	50	18	65	78
14	71	87	5	63	74
19	26	64	19	69	95
46	84	93	17	49	53
29	37	59	66	87	65
5	97	92	83	53	19
69	91	96	77	81	4
38	42	38	54	48	11
94	11	91	60	11	11
27	73	27	27	78	92
80	52	45	71	87	69
82	40	68	40	58	40
39	27	60	24	57	31
22	89	50	53	94	34
39	87	26	6	22	56
47	79	96	9	37	27
14	13	49	81	48	65
14	16	16	11	82	16
23	77	44	13	58	75
99	78	14	78	86	38
59	71	95	70	14	75
10	52	32	24	73	31
17	2	85	80	3	81
78	13	10	37	10	10
35	45	45	50	3	45
59	47	31	41	45	40
8	50	87	76	8	8
58	10	1	16	95	43
15	23	15	69	15	37
33	56	33	33	94	70
12	71	25	90	9	1
22	58	30	46	8	47
16	72	56	88	52	14
82	29	13	73	86	26
52	58	38	46	2	77
100	4	76	37	98	43
56	50	33	38	82	60
37	30	63	25	37	37
84	48	26	73	64	21
34	50	1	63	73	62
98	66	75	32	72	14
12	11	69	79	72	51
76	76	93	77	9	37
20	46	31	77	61	15
100	67	28	88	64	77
66	88	33	90	88	23
6	33	8	31	68	33
65	20	61	20	20	87
74	35	47	14	75	13
5	12	61	77	69	25
50	47	75	47	77	47
2	83	70	44	25	80
49	49	49	60	6	73
14	32	50	21	21	13
59	65	3	39	14	30
71	10	42	29	42	42
42	3	32	14	38	98
14	85	33	89	21	68
50	19	45	5	48	20
81	62	2	36	19	32
94	79	18	54	54	34
16	79	8	87	92	3
17	79	26	90	70	46
88	89	10	61	91	16
16	6	53	68	16	5
30	83	30	30	70	92
57	1	1	1	48	18
35	53	56	89	28	16
13	9	13	13	71	81
13	28	52	64	69	28
73	19	19	97	19	91
36	3	39	93	61	21
91	14	64	79	98	94
60	25	33	42	29	23
20	20	41	12	20	69
44	11	44	44	23	78
13	22	22	22	78	95
77	82	39	98	33	81
44	25	39	87	47	51
9	59	32	83	19	27
49	94	22	20	14	66
41	6	11	46	96	96
82	16	77	86	16	16
91	99	72	75	37	7
27	48	80	75	2	61
4	99	77	75	2	59
38	21	21	45	77	21
57	41	20	21	20	20
37	96	37	41	37	69
37	48	28	45	21	29
62	65	13	84	20	20
19	19	70	19	86	99
79	98	3	61	21	96
91	85	40	33	89	76
85	36	43	83	87	24
83	48	14	48	48	46
27	27	26	80	27	19
28	23	28	82	28	37
42	14	42	42	64	61
58	27	64	10	21	90
44	80	28	94	38	20
90	16	1	1	10	1
32	88	65	19	78	10
95	8	8	8	29	81
21	83	41	36	88	26
90	61	90	29	98	14
20	26	26	92	99	26
98	15	25	19	16	65
20	77	99	78	79	15
12	40	97	58	45	74
37	34	85	43	34	34
96	1	63	22	24	99
30	30	96	10	41	30
76	49	19	7	75	3
74	68	33	92	58	96
57	51	83	96	98	48
7	7	25	91	7	2
99	100	61	21	86	52
20	20	79	32	20	93
85	96	34	11	37	72
89	41	41	41	46	5
9	57	68	17	24	48
71	79	99	53	70	18
24	74	24	24	82	41
11	61	78	58	81	3
92	6	54	21	94	92
27	51	27	97	27	56
19	67	10	10	10	8
77	51	26	60	76	29
6	6	6	25	78	37
29	10	14	27	72	21
85	34	8	53	19	33
20	90	74	2	78	31
45	50	50	50	92	23
1	86	44	1	66	67
44	77	68	96	20	84
15	15	15	83	75	66
14	20	95	83	70	15
9	34	34	20	10	45
36	58	66	60	27	9
90	26	93	79	13	100
65	46	63	49	71	44
40	37	40	40	57	19
25	56	57	65	53	83
63	88	5	91	5	5
50	6	28	50	50	47
34	56	36	32	43	77
25	25	25	57	68	73
17	34	98	92	90	91
30	72	69	76	56	4
31	40	63	19	82	63
60	30	10	34	26	61
37	51	25	67	27	40
37	72	90	38	71	49
4	98	49	34	77	75
48	34	34	34	40	62
31	67	60	69	10	10
12	36	84	81	12	12
12	8	83	8	8	53
57	36	7	37	41	54
43	73	35	76	15	43
42	42	61	42	46	80
90	49	10	1	81	60
69	52	33	55	33	33
43	61	80	17	17	17
93	44	38	85	82	58
96	60	26	96	96	22
81	2	96	35	59	16
83	88	88	72	87	65
78	10	99	22	10	10
62	91	70	30	40	62
38	73	38	18	38	89
22	77	56	17	76	26
27	63	93	27	88	27
4	4	99	4	10	92
95	77	44	44	12	44
46	4	90	47	4	4
29	49	29	86	29	62
44	60	76	37	51	5
57	79	53	69	71	75
3	30	68	13	63	7
92	7	12	6	28	32
39	38	34	84	6	14
5	51	43	36	39	69
58	19	90	46	19	34
68	60	93	98	53	15
50	42	50	23	50	52
27	70	27	86	27	29
66	62	55	34	85	1
90	86	74	16	16	16
21	21	12	76	21	35
68	60	98	52	43	43
2	30	64	25	22	31
98	21	13	69	72	6
7	97	60	91	42	9
39	30	39	39	29	75
9	27	38	38	38	54
2	43	25	2	2	30
16	25	25	14	25	22
45	27	50	37	92	73
52	44	1	14	55	65
6	88	56	28	73	7
49	49	97	66	49	7
90	49	48	32	98	73
79	54	60	19	90	37
52	54	2	33	70	52
42	42	32	87	95	42
66	19	49	13	19	19
33	95	88	48	80	24
60	17	99	17	94	17
5	5	26	5	69	17
19	58	62	19	19	2
33	30	73	91	26	68
52	48	20	35	20	20
57	25	11	82	80	97
73	90	51	82	80	2
1	50	1	54	1	62
3	73	26	71	8	23
1	21	72	1	1	5
79	77	88	10	1	73
63	24	42	42	80	42
42	21	30	15	21	21
96	62	9	23	46	55
99	42	64	68	78	85
89	25	3	91	77	97
77	68	14	17	57	54
31	20	40	92	55	71
48	52	6	39	72	61
55	93	62	93	15	76
51	14	65	67	8	98
21	75	1	92	89	59
28	15	15	15	6	84
22	26	58	91	84	13
60	95	6	6	20	6
35	36	40	40	40	26
6	1	21	36	49	65
53	25	8	25	25	44
68	48	90	48	30	48
36	53	77	48	82	22
45	16	91	53	74	44
66	79	25	25	25	65
46	53	69	21	35	39
89	6	85	99	2	84
87	42	42	42	9	15
68	60	29	52	97	6
5	54	19	19	43	19
75	93	25	94	59	60
24	9	42	26	54	82
61	73	1	3	38	100
79	90	45	40	52	6
45	80	7	54	24	32
15	9	77	62	42	8
75	10	10	63	10	22
11	11	84	11	39	72
7	50	40	37	10	33
23	28	55	80	43	61
50	50	96	50	46	5
77	25	25	11	56	61
100	33	9	68	89	74
12	15	40	14	25	13
26	84	15	15	36	15
73	49	39	49	68	49
55	15	6	28	14	80
29	27	27	27	99	46
17	45	64	51	10	42
9	75	16	92	11	41
75	21	79	82	31	12
23	24	42	27	27	27
1	46	7	83	91	8
45	45	21	74	88	45
24	93	8	5	12	2
30	5	32	32	32	53
35	17	93	55	35	35
57	64	63	23	79	70
39	7	39	41	10	39
6	96	6	6	24	95
41	29	82	66	99	7
95	38	16	42	30	63
46	47	97	40	100	4
83	15	12	93	83	29
98	98	96	97	34	99
15	19	31	19	83	19
99	55	11	7	23	45
84	28	98	77	88	30
82	96	79	78	33	33
8	51	7	44	89	56
76	91	20	55	41	76
38	26	26	48	85	26
46	52	2	93	61	98
41	23	54	69	37	60
12	20	28	97	36	20
45	83	34	11	45	45
94	86	25	46	95	97
20	82	66	26	46	13
65	74	92	4	66	37
6	57	6	25	71	20
44	65	91	37	90	90
25	44	77	84	46	20
4	93	78	78	51	42
30	63	95	1	40	51
22	47	89	22	29	22
77	56	99	96	95	80
72	64	87	86	90	18
84	36	22	99	58	76
78	59	83	22	42	66
72	34	70	4	4	4
25	50	25	91	25	34
76	93	8	16	49	5
22	41	49	7	40	34
94	38	60	6	28	66
28	37	75	47	98	50
19	42	48	38	3	67
37	32	20	16	59	33
86	85	93	24	52	63
41	41	53	11	41	76
85	88	41	42	89	97
69	47	73	71	58	92
17	35	30	6	99	20
61	60	2	82	57	59
88	8	45	84	98	18
98	83	21	21	68	90
22	29	53	37	1	69
45	91	93	45	45	72
86	61	3	17	40	56
5	20	5	57	5	27
44	87	37	92	23	88
52	71	13	57	15	20
55	83	63	99	49	34
12	22	8	3	68	91
77	49	17	28	82	99
32	32	5	87	21	95
16	18	64	79	46	14
100	53	79	7	1	1
91	41	3	54	2	66
52	76	99	68	1	64
8	8	91	43	97	8
65	87	6	93	12	97
81	24	87	7	19	69
2	2	39	2	91	81
78	81	79	88	98	59
21	33	58	33	19	56
10	18	76	56	47	97
99	29	76	61	76	38
13	3	13	11	76	13
69	70	19	47	71	58
11	76	15	45	91	52
37	90	29	100	24	22
89	44	88	45	38	69
100	67	72	9	63	42
47	10	1	50	71	43
15	90	98	80	58	44
24	81	24	24	12	88
12	38	26	12	12	42
25	77	25	88	25	38
96	24	88	24	45	24
28	75	48	83	77	25
80	61	28	29	87	95
12	12	92	14	13	74
46	46	46	30	36	4
3	54	66	6	6	6
89	3	95	52	91	75
94	83	94	48	28	39
38	55	29	44	65	27
93	4	4	19	4	83
11	43	25	46	43	43
50	36	47	87	42	95
94	9	70	7	56	87
81	18	18	18	6	88
60	10	76	18	22	69
49	30	27	8	11	13
75	10	54	77	14	17
71	66	72	33	97	40
71	1	91	5	3	95
43	79	79	93	38	5
42	46	30	31	99	43
7	76	23	44	4	49
50	84	37	87	37	37
7	21	60	78	42	4
4	80	35	56	44	13
53	23	66	8	8	99
28	33	68	75	80	47
90	86	96	10	19	39
52	24	15	15	15	55
59	31	84	54	56	31
20	12	56	57	12	36
17	71	26	11	26	26
48	43	43	43	83	2
59	46	69	82	41	10
24	85	46	65	37	92
13	13	33	56	85	13
63	77	25	11	11	11
56	35	35	14	35	25
18	71	1	76	1	11
82	93	47	76	74	48
30	93	78	1	27	69
45	10	74	93	36	66
33	83	33	59	14	33
8	76	36	53	75	34
64	27	68	13	14	46
16	35	71	16	49	16
77	48	86	79	31	25
55	67	29	100	63	88
83	11	11	11	81	38
99	68	55	54	9	94
20	20	47	20	66	49
47	33	98	46	60	23
33	71	19	33	33	65
27	38	27	53	27	46
76	41	63	54	25	8
97	38	18	7	16	83
10	78	37	22	10	10
12	97	98	70	64	61
97	14	95	79	80	55
62	34	34	26	34	72
33	95	45	53	100	94
49	49	30	41	49	94
91	46	91	81	41	71
94	10	10	54	10	47
20	42	3	78	20	20
76	83	8	99	54	25
5	56	100	55	71	15
22	70	49	58	72	51
13	64	45	13	86	13
15	45	28	82	28	28
30	95	83	83	62	19
34	4	65	34	34	47
30	69	28	82	65	14
34	81	84	27	27	27
43	40	45	40	61	40
47	51	57	3	3	3
5	55	5	72	73	5
70	60	48	48	48	74
47	47	47	67	9	16
7	99	7	89	13	7
66	85	19	87	46	43
71	2	35	86	94	91
86	100	41	78	57	84
96	38	93	87	57	88
63	97	62	36	74	8
30	98	51	73	30	30
73	28	8	29	29	29
1	18	58	49	48	97
21	21	68	27	7	21
16	26	24	59	24	64
12	56	28	89	30	42
5	16	37	16	50	16
69	20	40	77	20	20
56	36	87	88	86	97
96	50	50	74	50	86
87	84	38	27	48	22
44	34	69	32	75	38
20	37	1	37	90	88
16	36	5	10	59	40
5	5	76	33	47	5
35	59	37	11	58	16
19	30	84	42	67	7
7	7	62	28	61	7
98	1	29	69	51	93
60	76	60	77	97	25
92	41	41	23	41	33
34	48	15	3	3	85
82	6	2	92	27	12
7	47	47	55	47	31
80	8	24	23	20	15
27	27	27	14	82	5
73	43	72	43	43	50
35	1	18	52	93	72
64	75	20	35	20	20
29	72	3	19	56	73
58	18	49	18	18	75
7	31	2	47	7	7
44	11	95	3	87	17
21	9	32	47	8	70
82	45	61	78	45	45
92	2	12	19	58	99
82	66	9	67	10	7
7	56	7	80	7	95
97	55	63	33	99	73
3	7	13	82	44	96
80	15	34	19	44	58
38	21	46	93	70	77
5	58	11	64	59	52
28	20	98	59	89	18
46	86	18	73	55	21
6	20	75	85	93	74
7	26	43	43	35	43
89	57	79	25	5	90
5	5	49	67	61	5
87	86	98	42	11	19
79	8	95	71	94	80
27	69	27	77	27	26
85	9	46	58	33	66
35	44	17	73	17	17
6	73	13	16	89	43
24	81	8	24	24	96
32	32	32	13	55	29
71	36	58	36	7	36
99	11	59	92	74	12
84	92	67	88	20	83
30	84	26	45	57	44
2	63	35	15	32	48
60	43	99	83	61	15
31	84	58	69	8	98
82	18	62	52	94	97
77	1	4	49	18	4
6	39	36	96	3	31
29	60	69	8	4	53
48	4	46	46	44	100
40	74	13	69	99	64
9	89	41	31	14	28
57	12	14	53	12	27
3	16	64	91	97	43
21	47	23	60	80	66
67	99	43	2	46	3
80	44	93	31	19	50
7	79	42	67	47	64
73	4	73	6	78	19
73	61	17	54	58	68
15	70	60	45	15	15
49	12	64	29	99	43
48	28	11	48	48	45
32	17	17	54	14	17
21	87	1	16	40	74
21	1	59	99	9	24
97	98	45	86	52	24
49	88	29	16	92	80
65	33	32	25	47	44
6	71	43	71	71	68
67	88	54	66	98	63
36	97	36	26	35	36
75	59	44	69	58	30
26	30	30	30	7	81
93	19	52	19	54	19
37	30	74	31	45	68
32	62	32	21	32	31
22	59	71	53	40	33
90	71	4	47	97	4
1	19	18	82	32	20
99	86	82	95	50	18
42	68	42	20	100	42
38	42	69	15	39	52
17	17	98	77	5	17
46	66	60	93	57	7
72	38	43	38	71	38
92	98	81	76	27	33
1	99	50	26	86	49
87	4	77	92	18	4
42	78	42	40	42	5
45	3	45	45	92	29
50	98	37	41	72	73
37	28	82	100	57	96
99	9	87	75	97	34
37	70	29	29	24	29
86	70	74	80	38	99
66	37	23	49	99	63
75	82	13	11	52	15
65	95	50	37	97	79
7	31	31	46	31	94
84	14	94	100	62	62
31	46	26	17	26	26
86	30	87	18	59	56
18	67	98	48	85	49
93	8	39	84	47	46
94	16	45	24	52	91
21	97	36	92	92	90
47	64	66	17	47	47
53	11	34	64	62	2
8	11	74	41	66	58
70	14	35	35	31	99
32	8	3	33	33	33
30	54	20	4	30	30
82	54	93	66	46	28
50	5	50	53	69	50
17	16	18	49	75	9
63	15	36	76	26	68
44	90	32	70	44	44
25	5	25	44	25	2
87	8	8	29	8	92
52	32	94	52	14	93
50	2	81	95	2	2
42	48	34	8	38	23
66	92	26	18	61	40
70	93	14	87	57	47
36	17	62	36	34	36
18	76	63	30	87	99
86	23	23	23	49	22
92	5	87	11	5	5
8	24	8	8	15	53
84	1	94	93	91	33
93	35	59	85	98	63
25	35	11	75	49	5
89	70	90	86	38	36
64	33	61	91	17	53
80	70	1	52	40	47
31	33	51	76	15	72
90	80	14	57	54	6
11	99	26	26	26	8
82	28	87	49	41	12
42	13	42	69	42	9
54	74	27	35	64	13
79	79	53	86	19	89
35	51	60	47	96	3
58	56	22	89	41	81
35	96	48	88	7	61
6	23	78	26	58	26
61	48	48	48	60	17
100	1	61	78	85	26
51	10	66	2	62	82
25	4	25	25	43	47
67	43	22	32	7	91
27	27	98	61	29	27
59	49	48	24	65	63
13	52	54	46	81	56
91	55	51	48	78	61
11	99	79	54	61	22
91	73	34	5	79	61
11	11	11	64	59	24
99	86	66	84	57	86
19	48	22	13	13	57
48	97	34	60	88	13
86	38	65	64	51	50
21	68	54	62	98	48
37	37	37	43	41	34
28	56	9	68	28	28
57	49	29	18	18	18
99	95	6	9	39	28
72	64	45	80	67	6
95	9	71	66	34	84
27	27	74	59	44	27
95	94	83	79	19	35
7	5	64	18	29	86
55	29	24	40	24	24
44	91	74	76	79	86
70	14	14	6	14	34
32	62	58	73	13	84
13	13	13	68	41	3
91	3	2	33	70	88
10	22	22	22	83	35
39	24	46	27	24	24
60	3	88	88	64	94
92	49	25	15	27	31
34	46	27	50	26	80
34	71	65	67	16	58
19	71	79	31	8	52
99	44	95	14	90	38
8	54	66	34	35	50
84	59	98	86	83	71
55	44	44	44	96	29
4	23	7	71	7	7
36	75	51	65	84	20
31	53	40	12	97	13
72	44	44	44	68	56
41	85	4	10	16	82
17	6	21	3	28	30
81	90	50	100	20	20
69	35	72	3	78	45
1	49	3	43	65	99
69	59	32	75	77	81
84	64	9	3	18	42
39	59	39	5	38	39
9	87	99	36	4	37
4	51	5	56	8	22
59	22	57	40	44	20
99	25	68	92	58	92
30	79	25	73	12	69
43	37	86	19	88	75
64	90	23	61	65	29
89	23	27	24	90	85
30	51	30	56	30	21
72	14	77	78	53	63
73	91	12	60	85	73
28	14	65	63	8	76
26	58	70	47	26	2
49	49	49	20	80	17
23	57	39	13	53	83
19	19	28	34	96	19
39	2	36	47	23	94
13	38	97	35	2	23
30	14	54	31	84	63
25	19	34	66	54	74
37	68	5	96	5	5
96	17	46	9	6	7
4	64	35	65	46	35
33	87	97	90	74	29
8	86	43	32	22	46
69	79	3	81	10	27
39	37	37	37	53	44
91	42	19	79	71	25
59	25	75	76	60	38
13	35	40	12	75	71
54	33	73	27	82	70
9	14	94	69	79	8
75	29	42	84	16	51
64	66	56	36	62	47
26	40	40	40	39	86
78	57	80	84	31	10
21	51	8	10	10	10
83	19	13	71	10	35
62	42	90	9	49	60
25	31	59	94	94	76
64	14	14	78	9	14
95	87	80	96	78	87
28	28	66	28	18	52
16	26	51	83	61	26
4	4	4	28	41	72
33	50	50	50	5	47
18	38	81	18	18	24
4	6	63	93	16	77
88	43	35	1	54	58
9	46	9	37	29	9
67	86	19	34	85	94
4	14	66	28	87	30
50	100	58	16	99	1
5	3	3	3	58	4
36	96	36	72	42	36
1	69	62	60	39	67
46	6	48	60	57	92
46	46	40	54	46	48
16	60	8	76	76	73
41	30	100	41	41	89
20	73	51	60	69	84
91	92	56	2	1	2
59	28	28	60	28	53
43	43	97	55	12	43
47	24	51	24	24	90
63	39	39	32	39	80
67	87	17	48	45	21
49	70	67	96	21	8
22	31	46	14	33	63
9	48	49	49	7	49
46	36	25	41	63	18
82	29	82	39	69	29
92	8	21	17	98	87
11	64	46	15	36	51
88	68	21	35	45	76
16	46	2	79	16	16
47	68	2	47	47	56
56	50	29	77	16	90
5	80	2	39	27	98
88	9	74	93	72	43
8	99	75	79	4	98
54	29	10	60	22	96
33	93	66	55	33	33
40	24	89	52	28	1
34	37	66	40	16	58
7	81	17	28	9	44
50	33	37	27	20	4
60	62	21	3	48	55
93	81	75	4	75	84
21	41	19	7	98	63
28	45	30	19	19	19
96	29	29	11	29	47
43	87	40	40	44	40
9	62	29	64	44	31
2	13	39	88	35	20
40	87	6	12	51	49
2	35	82	1	54	100
50	18	75	75	93	88
90	24	56	14	24	26
16	92	27	84	85	90
72	5	7	88	51	4
35	70	47	4	73	83
21	23	21	74	88	21
5	30	58	71	41	32
82	35	19	98	98	82
42	34	79	5	4	55
99	65	45	12	68	64
71	41	27	96	26	18
62	69	66	55	25	3
50	69	75	58	68	68
28	96	74	98	71	73
69	28	61	63	99	42
80	35	26	23	23	16
81	84	28	95	83	7
80	8	26	46	41	33
86	12	90	26	98	84
19	19	38	19	26	89
93	23	95	92	36	94
22	84	43	43	35	43
97	84	33	52	100	39
60	28	51	89	28	18
8	45	14	45	45	37
15	36	36	95	19	36
55	28	15	98	33	52
7	2	94	88	64	31
81	58	35	98	86	23
1	52	21	1	42	1
38	54	89	41	15	72
70	34	14	77	34	34
87	10	74	23	47	43
61	16	90	67	76	27
31	53	31	61	31	71
43	43	75	43	76	27
31	11	57	53	13	64
98	97	28	12	46	18
85	43	87	45	82	11
53	90	44	49	23	59
55	35	14	63	28	76
39	5	39	76	3	39
43	43	43	12	5	68
18	18	46	18	6	22
12	14	15	83	14	12
16	2	2	52	2	63
38	13	19	34	75	1
13	97	54	74	87	93
87	98	18	79	52	41
35	29	10	69	23	71
23	48	71	63	77	60
72	67	74	11	64	28
14	14	34	3	94	14
66	45	10	35	86	31
22	22	33	22	79	45
82	80	49	38	99	56
3	37	3	3	92	84
44	68	39	88	71	53
57	35	40	86	40	40
42	37	60	10	42	92
72	61	99	34	24	46
36	33	34	30	50	100
45	79	56	49	90	66
10	2	29	81	20	77
35	24	62	60	79	2
17	15	53	88	22	40
53	4	20	79	77	60
98	24	74	22	13	89
37	37	25	64	68	37
30	38	30	55	88	30
49	5	38	99	50	55
25	25	25	59	85	41
74	55	4	38	86	3
9	43	65	95	83	73
17	13	7	17	36	50
67	23	44	14	80	80
30	70	30	7	30	87
11	42	91	42	43	42
60	59	25	13	71	93
5	40	5	19	16	5
25	25	25	23	27	64
48	60	88	79	77	57
96	71	15	5	2	65
24	11	62	70	82	55
37	53	74	96	27	32
97	70	61	42	25	66
20	75	5	59	29	82
6	6	90	6	8	92
6	2	32	90	99	32
22	89	87	54	60	40
42	49	42	99	26	42
51	9	39	75	13	77
20	20	92	20	30	12
34	8	35	97	3	100
25	60	75	42	95	62
6	95	100	96	49	45
67	52	77	3	35	86
17	86	84	50	28	75
38	16	12	25	74	61
68	39	23	48	53	11
94	60	69	76	51	68
76	31	70	81	18	32
18	94	21	50	57	6
92	19	40	19	19	38
48	48	48	39	30	79
14	75	28	67	8	60
34	26	39	81	95	70
73	91	61	67	53	75
28	8	100	28	1	21
27	39	14	71	92	16
21	62	18	24	24	24
36	70	36	36	34	74
2	53	7	85	52	12
24	94	70	50	67	38
10	10	21	10	3	74
43	85	80	46	23	52
32	69	9	86	31	32
73	66	46	46	98	46
64	52	66	97	38	62
44	66	20	83	100	13
5	4	47	71	8	1
13	18	21	68	28	31
92	92	35	39	86	55
29	66	56	74	99	4
77	46	11	65	87	66
66	14	14	62	42	14
15	44	92	39	48	19
1	61	4	4	87	4
58	42	11	4	44	20
87	99	84	20	20	20
66	17	54	31	31	31
2	99	5	80	41	15
90	35	19	64	55	11
68	1	32	73	1	1
46	15	17	44	62	43
18	29	5	60	62	84
49	99	49	2	49	37
98	25	34	25	25	41
90	24	36	24	23	84
93	10	9	75	76	22
28	10	28	29	28	46
11	99	63	17	96	37
46	56	67	3	14	27
58	17	53	75	55	79
85	100	32	55	63	19
23	79	23	23	43	30
23	5	93	72	23	23
13	94	30	41	80	85
8	20	63	64	36	58
64	23	26	51	98	16
98	4	6	1	64	20
27	11	99	65	97	52
1	32	32	80	32	99
58	14	15	40	67	98
51	90	9	9	73	9
1	46	80	75	97	65
90	20	15	94	33	17
77	37	95	86	8	48
50	81	28	77	40	57
76	33	33	33	51	67
37	37	83	41	52	37
69	69	21	33	48	29
99	2	57	48	30	54
30	6	45	45	21	45
6	50	59	70	3	62
78	48	62	91	16	16
43	44	5	44	74	44
88	89	62	1	42	66
23	31	60	23	23	73
38	16	9	99	16	16
28	45	86	62	88	38
83	75	66	27	72	51
9	49	86	94	47	63
62	21	17	71	82	79
65	59	59	67	34	91
1	92	71	63	48	96
7	70	2	27	14	60
69	6	48	48	48	42
86	44	95	44	44	90
6	15	6	50	53	6
2	3	6	74	22	43
12	17	17	80	36	17
56	69	50	22	72	43
47	31	57	31	85	31
88	84	11	71	11	4
53	76	94	5	16	36
97	40	51	13	21	77
37	70	24	92	4	17
89	6	56	80	97	71
24	92	11	32	33	49
68	9	22	3	77	24
45	45	96	45	8	68
90	80	16	100	16	16
66	71	84	91	61	37
57	31	27	66	9	52
54	52	94	98	90	88
52	34	47	58	51	76
78	96	37	28	85	11
8	95	8	8	9	72
42	48	42	4	37	42
56	65	43	85	14	32
12	97	36	45	34	98
93	91	73	24	82	37
53	13	33	9	49	40
5	32	49	11	11	21
36	67	61	36	79	36
20	53	90	5	91	9
76	97	81	85	60	45
87	36	78	93	57	88
60	29	28	41	65	90
85	96	14	53	66	89
20	40	83	74	20	20
70	69	66	98	59	76
87	53	38	38	54	38
20	7	20	20	35	52
75	34	19	16	69	66
17	66	91	4	70	14
54	21	34	26	10	23
12	63	82	8	19	80
11	74	63	25	72	2
99	22	50	10	72	92
66	24	18	17	18	18
23	79	35	93	35	35
47	21	38	47	47	54
29	35	31	100	17	25
49	81	27	75	96	66
33	75	33	35	52	33
2	14	1	2	56	2
41	10	5	10	10	15
18	41	34	18	18	83
91	37	36	36	36	34
87	30	97	77	44	20
57	93	38	38	38	66
82	76	13	93	9	13
97	83	63	45	62	100
5	97	3	43	6	4
29	77	57	46	30	97
37	8	29	75	77	91
49	23	49	49	50	54
11	52	53	74	51	2
45	45	45	17	77	11
41	61	54	18	25	88
34	51	53	58	65	49
5	80	36	21	70	34
16	89	33	1	58	43
53	89	9	61	70	68
40	53	83	45	37	37
31	89	38	74	28	85
13	13	28	10	13	12
13	13	45	63	13	3
43	85	11	69	67	49
84	2	81	74	41	62
17	79	16	84	84	8
40	44	30	64	30	31
81	78	50	63	13	1
21	69	53	59	10	36
11	94	86	11	11	35
95	100	85	5	82	58
33	41	94	41	41	34
2	12	60	53	18	26
49	43	9	41	49	49
69	66	80	7	40	77
25	64	91	53	59	30
45	98	89	53	98	56
11	27	58	58	16	34
71	96	54	24	68	84
77	54	77	13	99	17
4	17	34	1	15	98
22	52	57	13	13	26
87	11	94	100	52	55
61	7	7	23	7	37
59	6	5	7	80	17
66	23	19	9	9	9
25	99	48	24	24	24
39	21	39	66	22	39
72	23	100	70	59	51
62	74	87	74	3	25
20	19	1	1	1	74
13	33	77	15	15	15
24	44	17	55	14	89
19	8	35	79	1	99
3	70	36	4	19	7
4	64	71	83	90	100
47	46	14	15	98	79
57	75	70	23	89	28
54	44	44	53	85	44
35	78	16	73	43	53
4	37	37	56	37	16
41	71	78	12	35	75
26	26	15	26	68	54
72	33	80	35	35	35
99	49	32	49	17	49
13	52	61	27	27	27
19	60	43	59	19	19
81	61	11	86	90	26
13	13	76	65	13	8
50	81	7	20	43	58
49	52	66	34	60	13
68	23	100	59	52	30
38	15	71	9	38	38
46	93	86	30	52	27
32	81	30	37	73	23
93	24	94	41	70	92
59	91	31	34	49	61
14	1	85	8	18	95
99	2	48	36	75	78
98	77	75	12	90	75
99	53	74	61	91	66
7	12	88	69	91	19
83	12	13	34	100	76
37	8	92	49	82	49
74	78	41	70	50	85
4	12	98	33	37	10
80	6	84	41	41	73
93	64	59	14	99	53
25	25	84	25	76	29
45	22	32	45	45	90
2	36	73	65	38	48
95	53	85	19	6	83
46	46	46	73	48	49
47	72	47	35	5	47
46	100	63	50	66	42
2	2	50	76	2	46
61	90	85	37	83	70
22	22	95	53	97	22
54	84	66	45	54	6
28	10	5	42	9	30
7	58	95	66	6	67
55	77	8	36	55	39
21	63	34	81	52	41
95	44	76	20	28	32
22	19	82	22	97	22
9	93	42	27	32	95
37	87	21	81	44	57
9	6	100	79	27	13
23	17	6	94	78	93
11	99	64	64	21	76
21	98	56	100	93	33
76	96	13	45	22	73
72	4	32	69	6	49
6	65	6	30	88	6
15	80	80	59	60	74
55	97	71	52	71	52
70	47	32	15	48	80
50	10	50	20	50	25
35	72	95	35	35	68
31	31	31	95	5	33
68	21	21	26	56	21
58	22	6	92	61	37
74	7	1	10	46	41
65	65	94	70	28	36
31	65	18	74	71	35
62	81	18	31	51	99
48	3	22	23	63	85
48	44	73	29	76	33
87	63	89	53	44	59
15	28	28	80	82	28
88	66	24	32	18	18
56	55	89	10	29	47
100	20	20	45	39	20
7	1	23	89	31	81
40	79	40	32	24	40
59	32	70	4	3	45
23	43	42	43	9	43
54	80	79	21	46	58
95	72	2	50	33	42
85	7	97	38	56	32
92	60	83	96	89	16
19	50	69	52	65	93
26	15	95	68	76	25
20	3	20	65	83	74
97	8	35	43	53	97
17	12	100	15	17	34
48	96	85	74	94	20
73	98	9	12	96	16
49	36	11	36	36	70
5	5	37	5	38	44
93	61	24	99	82	83
24	57	67	59	100	75
24	24	24	85	77	70
59	21	14	48	14	14
29	14	12	99	38	31
69	20	20	33	16	90
93	38	53	38	38	49
96	65	27	27	27	62
54	53	78	62	64	32
15	3	47	41	1	82
85	35	53	74	60	89
62	10	18	53	64	81
64	81	47	4	13	48
43	21	73	21	21	25
64	39	1	55	1	1
43	37	37	82	80	37
75	4	46	4	4	51
14	90	4	14	47	14
41	41	15	20	80	41
84	65	36	73	15	1
93	36	67	94	11	78
31	79	80	51	51	67
11	81	24	2	56	56
17	20	10	1	10	10
12	35	39	5	17	2
24	26	26	65	26	29
85	58	95	83	91	33
42	42	21	55	66	42
83	95	40	87	22	37
62	21	15	89	95	51
23	53	18	22	19	63
66	51	74	29	68	39
16	80	29	7	12	39
72	44	99	68	45	43
60	25	44	22	54	30
42	42	87	42	58	60
10	10	10	89	2	71
13	4	54	42	89	36
18	63	67	45	18	18
18	50	98	81	74	53
32	32	13	32	52	88
49	70	12	66	84	63
60	93	88	1	28	52
84	55	47	91	39	36
85	24	24	24	13	94
2	4	95	96	67	6
42	42	29	42	81	59
16	9	100	41	96	75
37	68	37	80	37	74
36	30	50	47	35	96
53	55	44	90	17	100
24	9	62	67	42	70
46	19	5	5	79	38
97	1	63	70	95	51
73	50	23	61	36	87
17	4	9	59	39	32
14	21	3	57	14	14
36	36	89	53	36	57
57	50	44	36	44	44
65	20	69	37	2	9
77	32	23	14	14	14
57	13	6	62	87	76
11	26	28	46	64	67
39	87	92	29	69	47
44	50	97	96	56	80
10	21	31	31	31	5
15	15	47	81	15	92
1	13	73	46	84	66
49	49	49	5	10	17
64	71	53	55	94	77
6	12	15	92	40	87
75	3	11	6	15	61
18	62	14	60	4	5
70	60	9	28	3	93
88	77	33	83	27	58
33	47	33	33	13	99
45	75	42	16	83	13
61	33	20	78	95	40
6	27	1	52	94	19
85	46	46	46	65	53
3	68	10	89	48	17
67	13	94	13	13	24
12	75	35	39	60	56
22	8	22	59	2	34
23	23	54	34	37	23
16	63	27	93	58	49
70	97	8	44	69	15
48	63	54	85	96	65
71	66	8	58	6	43
18	52	1	45	36	21
65	7	83	25	97	93
82	91	12	82	56	29
8	60	62	44	8	3
16	42	33	34	12	80
41	10	52	90	99	26
15	20	56	67	12	10
41	66	41	73	47	41
81	97	91	89	74	71
17	91	50	74	19	85
21	21	73	77	99	21
74	58	55	59	48	74
4	13	83	56	18	86
18	57	74	33	31	70
54	68	32	91	56	24
93	91	30	66	99	93
46	46	43	89	46	1
9	9	9	77	11	38
39	95	18	80	23	25
37	33	64	60	37	37
96	74	46	47	48	90
25	84	58	69	36	6
38	100	38	52	38	65
40	39	39	59	39	32
82	19	43	47	7	15
39	44	44	46	44	6
48	87	77	9	42	34
23	78	52	31	1	35
79	29	77	69	41	53
54	98	19	25	50	98
1	1	1	97	68	74
87	31	80	28	54	86
12	81	17	54	62	98
91	20	44	22	99	41
37	82	100	37	68	37
91	25	25	52	7	25
66	51	69	53	48	10
58	11	42	4	71	57
70	19	39	96	25	49
52	19	84	42	23	35
94	17	32	56	79	81
22	69	4	4	4	87
92	49	69	80	61	25
83	9	21	79	27	91
91	65	72	21	57	94
9	48	44	100	79	97
1	10	88	86	79	97
30	30	19	75	71	30
15	78	44	90	44	44
14	54	40	33	98	38
89	48	34	71	53	76
23	23	72	23	70	58
52	88	52	46	98	51
1	81	1	20	1	36
51	100	45	45	88	45
52	51	26	21	51	93
21	89	33	21	21	47
74	95	12	56	90	52
59	55	93	92	69	71
80	71	55	2	7	44
84	96	14	66	77	64
49	45	68	82	18	4
32	97	31	53	28	94
21	4	90	5	93	67
47	58	86	36	80	85
15	52	87	68	78	28
54	42	31	56	79	26
51	11	33	82	32	68
84	84	46	36	64	84
30	30	43	92	31	30
22	94	22	22	99	30
61	100	74	34	18	73
54	82	75	85	92	43
41	61	61	13	11	45
5	85	83	91	35	83
75	6	6	46	6	49
83	98	73	49	71	25
76	45	82	30	32	77
62	9	12	84	28	8
77	94	87	36	68	34
85	81	10	43	3	46
45	42	27	27	6	27
10	24	88	59	48	33
74	15	15	80	15	66
34	38	20	72	73	3
70	59	58	81	6	20
49	16	77	23	75	87
42	42	15	42	27	83
47	67	55	1	51	61
8	78	76	1	10	88
40	81	69	21	4	40
45	20	73	98	98	45
12	44	47	47	47	22
44	79	31	81	20	38
53	73	1	96	19	4
54	67	19	97	46	8
74	34	34	10	34	54
31	100	6	95	69	40
11	11	89	68	74	11
28	73	28	34	33	28
4	57	14	40	56	99
10	32	52	63	72	4
39	39	22	24	39	91
16	27	45	88	28	32
78	41	76	1	10	55
50	90	41	3	1	5
42	37	98	23	65	85
12	18	71	73	97	94
6	83	6	95	6	23
6	55	48	41	52	30
62	11	98	11	82	97
33	82	33	33	69	83
61	23	9	68	15	38
4	30	16	30	21	30
4	61	60	70	66	73
68	4	85	1	74	64
53	26	51	27	25	31
65	19	77	71	50	36
82	51	23	97	18	72
14	14	79	14	31	26
39	64	18	82	2	76
55	62	89	15	43	17
27	44	27	96	53	27
85	3	87	36	26	15
5	89	6	29	14	96
93	71	49	63	19	29
80	16	16	69	16	29
67	42	92	25	97	7
49	84	3	56	91	6
37	40	65	38	34	15
9	92	90	56	33	19
58	70	16	79	16	16
83	16	1	73	97	46
87	5	51	13	80	52
23	50	54	42	50	50
59	78	51	86	86	87
64	82	79	45	77	45
51	83	52	43	37	13
100	32	31	87	19	64
13	2	13	15	13	50
9	1	69	2	31	13
64	99	74	82	6	13
25	48	7	48	48	47
22	21	89	84	57	22
15	31	78	15	15	23
25	28	11	11	11	84
27	27	2	27	54	84
86	73	67	23	25	22
29	46	57	56	4	21
32	12	68	63	12	12
16	52	41	21	89	33
26	72	48	54	26	26
22	22	80	22	37	18
66	50	81	34	37	10
92	60	62	87	69	55
2	58	51	11	96	34
28	72	70	43	37	43
14	59	53	10	44	36
4	11	71	80	16	70
31	27	27	22	27	68
9	9	83	13	9	47
78	51	12	12	19	12
94	49	10	99	30	55
21	34	34	34	48	66
94	51	39	55	16	64
48	20	33	33	33	72
12	12	32	12	9	59
93	23	61	1	23	35
29	69	2	29	91	29
5	26	12	26	19	49
41	53	74	74	88	32
39	27	39	61	31	39
6	99	95	96	93	47
89	23	12	51	23	23
37	99	33	85	39	29
3	34	89	61	1	82
4	65	46	60	66	16
100	35	17	54	45	60
32	45	28	28	49	28
42	52	27	2	46	57
100	50	86	76	93	28
35	92	34	67	76	25
39	63	39	39	96	70
26	23	30	23	23	88
40	59	73	39	63	23
11	14	64	67	30	71
60	28	88	14	9	45
92	40	80	72	75	68
33	1	45	45	7	26
15	10	98	32	37	93
88	14	20	44	11	82
29	24	16	38	67	19
62	73	40	95	89	79
30	30	30	49	45	14
60	78	96	10	10	11
97	37	88	12	29	84
47	95	47	77	96	47
7	47	46	39	20	46
43	43	87	2	85	43
69	62	54	65	13	65
47	8	2	88	24	30
71	15	43	27	94	53
72	57	96	17	18	68
86	86	50	62	29	28
8	65	2	57	4	15
40	61	55	57	33	84
41	7	88	28	76	43
1	1	35	73	78	1
35	66	83	74	14	70
50	33	74	7	50	50
61	42	42	98	26	97
42	59	76	68	5	65
44	74	35	51	88	17
80	73	19	81	77	48
31	51	20	31	74	31
39	40	99	2	7	42
93	3	92	31	95	26
37	52	91	1	37	37
29	100	43	99	68	1
9	31	1	85	67	44
73	56	58	22	70	42
2	87	25	64	87	11
41	1	20	75	9	98
3	85	35	54	42	55
81	83	96	78	49	80
100	16	27	15	40	38
7	2	44	84	7	7
80	44	23	44	75	44
87	91	77	56	49	58
67	89	88	82	11	66
17	20	19	40	48	42
39	39	97	88	37	45
20	20	45	20	87	28
1	67	27	51	89	60
49	89	49	49	42	68
56	4	22	35	35	35
41	98	29	92	41	41
30	18	52	8	65	45
56	56	75	22	94	71
38	38	38	68	80	61
10	29	25	29	36	29
22	66	69	22	49	22
19	55	5	5	5	98
45	24	44	40	36	8
60	92	80	66	54	73
29	31	67	29	2	29
95	55	9	15	1	11
26	71	34	19	13	14
82	6	74	4	83	75
26	42	12	70	35	82
28	4	79	92	90	21
64	5	5	24	5	6
40	11	63	80	47	88
34	61	56	36	34	34
97	4	49	23	84	17
80	62	72	21	64	34
74	66	100	73	58	21
72	6	75	39	70	93
2	81	13	2	76	2
70	6	69	86	54	55
22	6	13	27	27	27
35	24	77	33	58	5
49	92	28	91	2	29
40	74	2	10	40	13
91	73	5	76	44	47
58	11	95	63	39	18
92	31	60	93	37	99
71	14	67	65	84	87
5	74	70	6	5	5
52	52	77	87	88	25
88	3	3	83	6	3
14	45	36	97	65	52
15	40	41	32	40	40
78	17	17	82	62	17
6	58	87	70	51	100
61	56	39	12	10	18
45	24	60	92	51	78
19	74	31	89	50	65
25	99	64	45	71	58
97	12	83	43	18	91
54	39	42	23	39	39
4	15	63	62	12	81
27	19	49	27	17	27
23	23	28	23	75	90
41	43	91	73	67	44
31	11	95	26	83	100
31	40	7	83	70	84
5	28	21	30	54	46
59	65	23	94	95	59
74	38	86	18	50	63
99	35	35	47	91	35
98	89	44	82	33	70
7	7	90	69	89	7
100	78	12	74	73	33
70	22	12	39	4	94
22	25	77	98	22	22
67	42	17	83	25	80
53	27	61	57	54	15
11	97	56	28	19	47
1	30	91	30	30	79
25	25	9	12	44	25
80	21	76	68	82	94
87	80	57	42	42	42
3	74	35	12	16	81
9	2	2	6	93	2
35	11	38	86	87	27
41	67	86	8	75	76
89	60	68	28	97	67
68	22	63	31	63	94
82	51	85	4	67	78
86	5	5	54	26	5
94	6	46	86	8	4
20	78	97	49	7	43
83	32	63	64	42	11
71	57	8	70	76	90
26	4	22	22	23	22
21	56	81	31	16	68
98	72	56	20	75	28
2	2	2	42	91	88
15	76	70	37	41	65
36	59	73	36	36	65
98	48	17	16	85	49
57	1	77	16	75	21
60	24	48	2	15	48
16	23	7	68	16	16
77	56	32	61	38	4
34	72	68	76	68	75
97	64	78	3	97	44
49	61	71	74	37	26
61	74	2	26	100	46
50	50	56	47	50	16
32	15	32	63	53	32
33	1	35	1	1	19
5	13	57	64	17	31
95	38	89	19	32	31
35	80	78	25	20	11
19	19	22	28	10	19
92	68	89	80	72	81
97	43	32	2	77	10
23	98	14	26	77	42
20	3	48	48	58	48
40	36	87	89	27	65
85	62	36	76	22	20
21	21	96	84	53	21
15	52	18	7	100	28
36	72	83	76	27	27
19	58	17	58	34	57
14	36	36	64	78	36
64	20	76	81	6	56
39	39	35	39	26	44
94	45	98	29	23	89
82	29	42	9	57	65
70	39	70	49	28	37
42	42	14	41	42	71
12	99	85	24	12	12
55	20	80	74	16	85
91	63	3	53	44	95
7	2	88	46	88	98
58	6	22	75	42	34
19	40	58	10	17	75
63	65	42	5	4	70
7	76	7	43	7	1
14	68	14	60	8	14
23	24	57	19	69	60
61	90	97	85	29	93
61	27	23	18	13	7
38	13	93	48	4	84
63	23	1	41	96	99
34	52	34	34	51	49
78	46	26	57	69	97
57	45	6	50	12	62
72	70	71	35	66	13
39	16	37	65	11	84
96	90	58	33	81	48
91	65	33	100	36	82
15	73	92	63	84	50
74	32	94	68	44	16
57	67	62	98	81	88
22	88	3	3	3	87
96	77	93	81	88	45
67	51	23	48	41	22
78	96	29	93	9	56
14	14	38	34	21	8
69	56	14	16	2	95
3	34	22	91	40	58
32	36	5	47	52	65
10	83	75	49	18	38
55	17	16	90	21	77
34	45	16	18	23	58
4	25	67	4	83	4
41	15	8	10	41	41
68	59	31	1	35	91
45	45	39	98	45	22
86	59	19	33	87	92
51	30	5	42	45	41
17	17	83	54	17	44
19	41	54	41	62	41
47	90	8	36	19	64
23	85	69	100	36	35
76	77	90	89	18	22
63	100	46	65	39	27
55	31	31	63	79	31
18	18	45	79	18	77
41	52	9	41	39	41
25	90	15	35	43	3
95	65	61	8	72	31
41	25	20	59	65	36
89	36	54	21	36	66
4	4	2	14	18	32
36	81	21	2	61	40
47	41	13	75	23	75
25	74	5	23	71	26
99	77	39	44	5	85
33	53	55	97	24	29
35	1	17	6	57	100
84	12	36	81	90	38
41	61	45	22	28	80
12	12	35	2	89	82
45	94	45	45	71	77
100	28	21	89	46	66
40	58	44	44	68	44
19	24	53	4	92	100
33	31	33	5	50	33
13	25	99	15	34	24
3	44	96	60	1	99
75	37	15	60	21	66
44	71	44	72	94	44
72	75	38	65	100	5
18	17	96	51	99	14
37	3	3	89	87	3
19	10	19	46	19	25
3	32	3	29	3	39
13	68	56	90	13	13
57	59	19	74	44	23
58	42	41	21	42	42
90	24	43	94	76	68
66	91	90	52	22	54
3	3	3	53	31	27
6	100	6	70	76	75
56	39	39	39	31	100
69	92	70	10	16	2
8	86	38	87	56	86
50	50	50	71	65	6
45	66	29	18	97	50
42	38	62	54	37	43
67	92	19	34	69	77
52	3	3	68	3	53
58	13	92	57	74	17
37	10	26	29	93	71
35	21	64	85	57	74
2	6	2	22	94	2
28	57	37	28	57	79
92	25	49	44	55	70
6	40	79	80	14	64
77	49	36	34	30	92
26	28	13	30	75	52
43	90	93	56	21	36
39	39	32	7	39	48
33	3	4	17	96	78
6	55	76	83	32	86
26	65	5	40	51	82
1	30	78	36	22	51
10	32	10	51	10	62
30	84	95	3	1	19
6	87	13	98	77	81
34	74	82	55	70	45
21	12	81	70	61	6
46	12	99	94	55	99
83	90	70	87	44	68
43	16	83	67	77	94
60	22	94	42	76	41
76	63	26	89	95	9
14	70	78	37	67	56
77	66	17	62	17	86
50	50	50	39	67	65
14	37	49	64	62	24
63	77	97	34	63	43
95	49	98	49	48	49
91	80	82	37	58	55
33	13	79	27	9	53
44	48	48	59	37	48
21	21	56	74	28	21
50	92	35	80	97	52
34	34	63	38	62	95
50	39	38	69	1	76
26	26	26	83	13	54
67	21	4	55	1	88
10	65	100	26	9	83
7	70	49	82	49	49
84	32	9	9	47	9
73	66	51	44	96	52
38	95	16	79	69	64
44	100	18	34	7	91
84	64	12	61	83	59
91	72	84	15	26	46
86	45	45	45	73	56
96	32	9	45	96	37
9	86	28	37	47	85
41	7	42	42	42	52
22	45	44	61	9	22
18	16	87	18	18	43
7	5	18	57	24	21
53	5	16	87	81	48
66	44	44	46	73	44
63	81	84	83	66	53
80	42	33	23	29	32
52	54	45	80	95	22
65	20	1	20	25	20
82	77	7	66	13	36
58	34	2	7	58	2
99	77	64	13	21	31
34	28	92	81	12	28
90	39	82	19	39	39
84	62	39	2	14	3
56	4	89	84	87	74
23	5	23	23	77	16
100	96	34	43	22	83
5	67	1	99	24	54
76	21	99	30	2	60
23	26	58	6	93	28
22	49	66	22	22	3
34	16	91	90	19	30
89	62	66	19	34	45
34	34	29	67	98	34
18	81	18	11	21	18
62	51	2	3	4	36
16	17	99	89	57	13
99	18	4	96	74	79
67	8	74	19	8	8
1	68	65	85	25	18
47	65	42	10	35	7
92	52	93	51	67	80
85	25	67	33	87	32
83	61	91	15	35	1
87	84	58	31	58	64
2	98	90	5	89	55
99	35	60	47	100	82
18	18	38	83	48	18
33	75	65	94	75	73
44	38	38	74	90	38
19	67	1	55	61	6
88	95	12	1	4	97
35	12	57	3	29	58
90	49	6	6	6	9
77	9	95	9	9	79
69	65	82	60	13	80
1	78	59	68	41	47
8	72	11	20	47	17
7	30	30	95	30	42
44	7	96	97	26	38
42	42	42	67	56	17
59	71	98	64	89	42
90	12	20	32	94	87
35	73	84	62	8	34
27	7	78	88	74	23
31	24	61	21	94	10
18	49	76	49	19	49
81	53	86	59	20	14
88	93	76	32	85	46
46	68	72	86	84	48
100	59	60	32	81	5
99	74	16	52	14	44
34	47	46	34	84	34
6	59	10	30	84	38
35	35	49	7	48	35
88	74	39	22	51	49
51	92	21	40	33	92
56	87	51	73	37	2
47	22	41	93	35	66
89	5	5	5	97	46
45	60	27	33	33	33
10	55	47	97	10	10
54	98	48	75	1	72
52	83	42	63	1	82
19	31	62	74	69	14
84	83	63	86	42	83
49	52	44	46	73	92
59	75	5	70	72	87
10	6	83	51	6	10
95	93	17	46	17	98
5	31	5	44	98	5
19	32	94	19	32	80
43	55	52	38	94	2
51	2	11	47	7	23
13	6	6	5	22	6
25	69	33	63	62	28
57	32	73	77	8	40
73	50	36	50	50	96
23	39	50	88	93	72
6	6	71	6	37	10
84	34	63	85	14	86
98	99	18	99	75	21
12	20	20	20	78	55
72	19	35	19	98	19
65	1	87	10	83	15
22	22	22	78	25	20
79	97	26	71	11	7
2	25	58	83	25	25
73	72	98	13	11	55
26	48	28	85	70	90
57	46	54	67	38	80
39	39	83	13	91	75
19	30	30	41	68	30
51	51	47	14	28	17
96	73	15	5	31	41
21	21	65	58	21	7
13	38	3	77	27	58
50	68	30	73	67	38
35	18	9	29	16	80
28	33	9	6	40	49
99	21	37	26	71	75
50	65	50	10	41	50
11	16	11	40	49	11
62	69	99	30	59	10
47	28	11	70	41	52
51	15	15	91	5	15
100	51	39	50	89	1
18	48	48	85	33	48
82	33	91	34	51	24
49	93	1	58	89	83
33	35	12	57	37	41
52	43	48	30	32	60
20	54	95	52	27	39
99	19	29	58	1	19
94	95	36	69	83	60
67	69	79	89	17	27
30	30	79	30	16	29
10	64	49	26	15	14
61	66	51	89	56	13
32	8	24	93	98	12
65	88	57	25	33	31
39	19	18	71	74	29
95	69	97	70	60	83
1	80	15	9	83	36
35	14	26	75	87	64
84	75	36	14	14	14
86	1	87	81	19	32
58	39	90	39	39	54
17	33	92	33	47	33
43	56	76	57	57	97
11	70	99	36	86	16
14	14	17	29	14	71
60	70	96	100	23	77
12	41	12	12	78	71
53	15	45	45	45	91
7	54	7	7	99	44
47	51	50	47	47	41
6	30	14	81	46	28
25	10	33	12	40	83
37	73	4	53	51	37
17	32	77	55	47	24
51	15	15	15	36	22
28	47	28	28	62	22
30	40	63	40	40	36
28	16	36	54	23	17
45	31	46	73	51	57
9	95	83	94	60	6
57	75	94	79	35	48
60	82	26	93	45	4
74	23	52	50	34	18
66	74	92	28	85	29
92	39	39	59	65	90
8	98	37	40	7	20
94	62	1	84	21	39
82	85	67	78	78	66
24	95	82	79	58	18
70	56	53	57	15	99
32	72	74	43	82	5
26	45	26	53	73	26
96	97	93	64	9	16
51	32	56	29	100	77
38	82	43	38	93	38
90	18	41	29	51	87
42	82	82	69	77	83
86	49	1	60	47	97
93	64	79	54	1	20
48	48	62	74	48	47
38	26	13	13	13	25
23	65	57	27	92	57
20	91	46	46	46	17
14	85	46	51	7	75
95	24	57	57	92	30
60	42	52	42	71	82
37	40	59	37	83	37
47	24	86	40	11	85
26	2	3	2	65	2
46	78	90	59	80	67
26	15	6	27	70	11
26	9	26	27	26	85
56	63	63	83	37	89
37	57	69	12	83	4
64	54	18	16	4	58
17	97	8	8	66	8
27	10	18	61	85	72
59	27	70	9	75	44
25	6	20	55	25	25
10	99	4	29	3	37
1	34	85	1	1	77
63	1	45	17	52	31
53	30	28	58	30	30
46	98	1	100	59	15
60	24	41	94	65	50
49	95	98	36	92	55
22	81	97	76	56	30
12	21	27	67	43	95
68	16	40	89	15	16
55	16	5	43	96	92
41	57	64	41	39	41
18	30	6	24	82	46
18	23	23	60	67	23
27	28	26	43	88	38
91	21	34	49	98	66
62	58	78	5	61	63
28	69	96	18	65	70
72	50	63	14	70	39
33	33	30	33	95	60
11	63	63	68	58	48
8	91	77	99	64	54
18	87	81	25	66	21
35	70	64	81	69	90
26	75	65	50	84	62
86	18	36	18	18	96
36	35	67	7	71	15
58	27	61	56	67	54
38	49	91	43	34	71
52	16	66	52	51	93
71	87	10	10	30	10
27	95	48	45	9	15
50	49	63	97	26	26
97	55	61	4	19	40
25	58	25	25	66	29
4	95	15	10	94	5
86	10	60	62	45	29
23	22	52	6	18	85
48	48	48	73	91	82
99	55	76	15	90	17
12	88	92	12	10	12
97	80	46	25	8	31
97	73	53	97	83	34
15	8	99	100	96	28
22	6	24	48	23	13
51	99	80	42	69	90
67	64	25	32	11	58
21	21	27	20	76	21
65	83	95	41	35	91
21	98	58	10	14	79
55	95	68	16	4	78
2	35	98	4	90	9
60	41	59	8	92	68
87	10	17	90	7	94
85	42	12	72	42	42
70	36	65	88	49	52
45	51	87	99	4	15
28	28	56	61	28	73
25	71	68	18	71	68
68	36	36	39	36	40
4	40	43	46	76	28
81	16	51	100	93	25
20	48	68	58	20	20
7	53	58	2	39	4
26	4	71	39	93	7
27	4	27	100	27	54
41	41	79	41	75	90
66	26	60	69	25	68
65	35	17	39	77	33
41	31	50	31	31	93
73	94	56	39	11	56
66	60	21	85	21	21
50	23	13	62	70	24
4	85	6	45	98	91
22	31	78	22	22	50
62	6	83	79	3	36
85	80	97	24	90	69
12	47	58	33	39	63
54	45	26	7	35	13
85	45	94	87	76	16
21	59	89	25	27	29
15	95	85	91	65	55
84	81	18	81	93	3
87	16	24	62	94	36
14	43	14	14	4	63
14	14	14	53	34	61
29	31	9	11	12	97
5	18	8	18	18	6
19	20	37	37	37	63
95	9	4	15	34	24
70	85	87	95	55	65
4	25	68	33	93	29
2	65	61	21	12	47
40	8	81	96	91	70
22	39	84	34	69	64
12	31	12	96	94	12
66	8	16	81	94	83
39	17	16	9	8	13
78	4	17	79	32	38
3	84	13	11	61	34
77	43	39	86	75	88
12	12	94	12	19	17
33	76	59	59	89	19
80	62	42	41	33	34
57	30	81	50	86	100
28	28	93	28	9	34
14	40	33	3	50	17
85	15	23	50	15	15
78	46	15	15	15	25
47	39	27	75	55	93
56	99	62	96	96	31
40	40	40	54	28	33
53	16	16	16	27	93
56	57	95	48	41	98
76	2	94	78	74	83
28	45	45	31	45	57
36	38	36	71	14	36
27	24	83	73	24	24
20	14	45	64	67	61
41	67	30	38	7	51
95	18	94	14	40	12
89	10	4	20	4	4
78	46	4	68	4	4
27	27	27	15	60	12
85	25	91	60	20	52
21	65	35	42	21	21
20	95	81	38	65	70
92	28	44	3	39	39
33	33	56	9	33	65
44	44	50	44	37	92
21	4	87	20	7	19
47	72	47	47	32	6
80	76	69	98	53	66
31	2	88	31	31	32
96	28	36	69	46	70
17	85	17	67	60	12
90	9	65	61	41	77
65	18	94	15	69	93
78	20	61	49	69	1
86	21	13	77	14	4
16	18	18	15	8	18
13	64	3	95	59	99
97	65	87	62	93	35
20	18	20	57	8	20
88	64	78	27	40	99
67	95	76	39	73	57
48	48	66	48	91	65
13	70	38	64	64	12
51	66	27	80	73	66
86	28	39	90	37	71
33	11	23	90	25	3
13	19	35	19	19	36
91	57	7	89	66	24
57	29	51	7	87	98
24	28	31	24	65	24
13	81	64	47	92	22
100	46	10	92	33	73
42	17	17	14	60	17
19	41	30	79	18	40
66	52	81	30	21	60
33	16	83	94	66	17
68	83	28	59	67	38
60	48	34	10	66	46
100	71	82	89	20	53
49	63	63	92	16	23
24	22	24	3	77	24
33	86	6	84	23	59
17	19	68	12	60	47
20	34	97	16	42	11
21	70	67	4	36	82
79	100	81	99	27	92
17	34	35	9	96	28
98	2	27	69	52	65
95	60	51	47	18	98
47	44	44	17	33	86
99	83	35	48	29	27
9	81	9	58	9	44
22	22	19	22	59	18
14	33	25	30	14	14
82	81	52	5	85	20
72	31	35	31	91	31
2	4	13	100	13	13
14	77	71	68	76	91
28	100	39	28	28	94
89	7	71	20	12	52
27	30	55	81	83	50
71	16	30	16	16	31
86	42	28	7	61	30
31	31	31	49	7	79
49	56	33	87	32	99
50	10	82	14	3	4
6	6	6	46	43	73
84	3	96	3	3	25
1	31	50	9	31	31
74	95	22	13	22	22
64	16	36	6	98	90
15	99	15	15	3	78
43	79	24	12	46	89
13	53	13	3	13	2
86	54	34	34	34	65
21	21	89	21	72	28
20	89	15	94	21	47
38	93	10	6	38	38
56	11	48	75	78	18
21	76	12	26	73	34
13	90	13	13	51	43
6	4	77	93	26	79
45	80	94	65	6	92
25	83	32	3	35	73
8	26	31	22	17	88
45	11	11	11	44	53
15	36	92	90	38	68
63	93	86	100	3	52
84	30	54	88	19	28
67	82	74	63	19	68
64	86	95	47	58	100
26	94	5	5	21	5
22	22	34	56	22	53
59	32	93	95	32	32
2	17	20	20	20	38
61	90	20	42	73	77
27	41	3	74	71	60
8	26	65	26	26	83
62	86	63	13	68	5
18	6	43	31	86	71
39	13	4	58	61	2
88	22	96	53	67	6
25	6	80	88	7	92
60	36	36	36	87	90
80	87	71	39	37	33
31	40	58	31	31	59
15	69	29	56	81	80
4	4	40	41	57	4
72	88	10	55	56	4
4	21	89	21	25	29
100	5	13	30	97	56
85	32	22	19	7	5
45	15	96	12	79	41
46	42	89	39	18	49
52	25	9	65	49	55
42	55	58	18	26	79
55	37	44	36	85	42
46	83	11	82	46	46
50	61	48	13	48	48
19	75	58	68	7	23
48	5	48	97	48	91
24	38	38	38	53	51
58	23	23	23	17	61
54	41	14	14	10	14
7	7	11	21	66	7
69	70	91	18	95	63
6	57	2	46	50	58
92	68	60	23	54	42
13	21	8	8	36	8
19	66	83	24	73	20
11	10	11	27	85	11
83	1	45	2	51	72
36	28	5	84	47	13
93	10	9	98	10	10
31	93	11	3	11	22
16	30	26	84	30	66
87	66	45	16	45	45
90	7	71	64	16	8
49	55	82	15	35	2
11	51	4	4	1	4
25	90	38	95	25	25
53	8	39	39	33	39
33	21	1	33	81	33
70	80	5	5	98	5
98	33	48	34	69	29
68	33	32	60	28	82
65	24	70	24	24	90
51	53	70	72	42	92
66	87	68	48	3	57
19	93	42	5	50	40
82	69	11	84	70	29
76	56	94	68	18	7
96	30	50	13	97	31
73	92	50	26	50	50
21	40	21	25	55	75
31	80	67	42	33	50
35	28	35	40	35	84
53	10	10	10	92	49
41	65	6	81	68	81
10	41	49	87	39	44
3	74	40	59	62	29
83	70	10	33	45	4
41	61	44	91	14	69
33	32	49	96	92	86
36	85	83	93	68	44
58	76	23	19	92	20
100	70	39	32	27	83
87	22	22	99	71	22
6	32	40	3	89	74
66	13	29	86	71	100
3	62	98	64	28	72
71	47	81	18	33	92
22	2	2	98	2	93
45	29	29	34	37	29
6	30	3	6	93	6
66	69	86	51	71	100
72	72	34	98	87	77
36	56	30	24	32	18
46	44	44	66	25	44
6	63	50	45	53	12
22	92	23	39	22	22
96	11	32	9	9	9
59	24	43	17	86	77
2	33	85	93	95	29
88	3	12	85	23	86
35	87	35	88	73	35
99	71	40	1	25	50
81	25	25	47	25	34
41	45	19	81	7	1
100	65	51	49	37	72
62	22	100	98	66	6
26	18	36	36	78	36
1	76	6	68	80	15
24	54	33	40	95	57
19	10	19	33	19	2
61	58	58	31	17	35
8	54	88	80	10	33
39	34	79	59	82	26
61	55	92	13	90	12
80	10	40	64	79	89
32	40	40	69	38	89
7	65	18	71	48	53
42	98	55	25	40	52
68	94	46	91	20	23
78	58	67	3	45	91
42	80	34	28	30	12
50	22	65	22	78	22
94	3	16	16	9	16
52	1	83	94	41	55
53	42	42	25	42	96
17	86	3	1	7	72
99	2	3	76	63	71
69	15	79	17	36	46
85	91	33	83	10	75
98	75	82	68	81	67
6	6	38	87	6	65
39	13	50	33	61	7
66	56	71	62	27	90
54	15	75	24	50	67
17	80	100	75	73	33
94	60	96	76	51	53
60	49	61	89	77	93
42	42	42	8	70	21
60	7	22	39	95	21
7	67	58	15	54	77
82	24	92	47	96	65
44	58	40	40	40	33
40	13	25	61	27	93
5	64	61	43	97	81
77	1	1	16	1	84
85	26	6	6	6	9
76	48	83	27	57	54
7	86	97	93	36	28
18	18	9	18	27	80
44	22	8	44	44	61
32	58	89	41	10	67
7	21	7	29	55	7
10	77	14	58	14	14
46	64	91	52	13	8
94	62	41	23	80	12
46	19	19	19	53	45
6	6	16	28	2	15
7	33	51	32	32	32
49	60	85	49	49	3
42	8	42	59	60	42
29	15	68	20	100	12
5	76	5	5	89	39
32	5	73	38	22	51
74	90	37	97	30	85
76	81	79	58	88	29
59	46	5	95	4	41
8	78	23	7	7	7
23	6	7	53	52	58
95	6	78	70	36	28
7	15	10	7	59	7
72	13	24	93	59	16
27	21	18	89	81	38
75	79	98	78	2	61
14	50	40	64	69	85
92	3	31	58	29	76
11	52	79	93	64	95
66	31	37	70	89	8
38	77	77	17	4	88
97	50	29	66	86	30
50	38	98	48	57	72
23	31	38	58	9	75
81	10	74	71	46	91
51	61	7	41	54	5
3	7	38	3	85	3
1	36	36	31	36	80
87	4	47	79	75	66
11	10	10	69	65	10
29	28	28	28	21	2
20	79	51	20	20	9
53	41	58	60	16	58
99	41	53	98	51	14
62	76	58	79	53	32
8	13	8	8	7	3
7	4	98	4	24	4
11	40	65	24	4	29
11	2	36	55	40	77
10	76	10	82	10	85
5	61	70	92	11	58
35	98	48	26	48	48
97	70	14	49	49	49
77	2	6	30	30	30
30	72	94	21	47	24
12	70	24	71	77	86
54	28	28	28	17	26
94	11	64	67	64	30
74	72	82	11	30	67
17	84	18	2	69	9
44	7	11	25	78	9
27	49	26	28	78	66
46	89	57	56	27	100
45	94	11	15	80	27
39	22	29	52	67	23
71	6	5	90	42	56
32	43	48	75	39	46
86	5	68	58	22	92
100	44	90	42	45	74
44	44	89	44	61	43
41	83	46	64	90	21
84	36	54	30	60	46
34	96	40	49	62	81
36	76	34	73	52	22
37	94	37	37	40	77
34	91	87	49	77	23
1	51	27	24	1	1
13	14	71	93	48	9
55	17	18	87	7	57
72	74	85	3	19	61
96	18	73	57	47	61
83	92	11	98	41	77
80	36	58	67	41	23
67	83	51	39	1	99
38	6	87	68	25	94
72	12	28	28	28	11
56	32	49	58	32	32
15	39	98	5	93	11
99	83	32	40	65	39
64	36	27	83	85	32
33	27	18	76	36	58
15	76	59	11	10	31
83	26	21	3	77	68
10	68	43	60	45	77
13	40	13	24	79	13
5	63	7	74	89	18
70	38	26	38	21	38
96	9	65	29	42	39
69	18	20	20	95	20
60	53	91	10	38	91
93	25	53	31	31	31
3	59	76	18	99	95
77	37	79	92	100	2
75	19	58	16	12	6
77	44	67	38	6	2
41	78	78	89	21	7
37	65	23	37	37	29
81	44	11	95	4	88
15	75	15	65	54	15
99	46	46	21	75	46
97	20	40	20	59	20
53	30	45	45	52	45
75	43	66	51	92	62
8	84	86	38	47	74
90	22	22	22	61	71
80	38	83	12	38	38
39	34	39	39	84	63
56	90	83	72	53	9
23	7	99	21	10	81
84	71	73	73	87	46
32	44	44	44	30	4
70	33	40	41	3	66
7	55	46	83	70	16
59	81	63	61	64	84
77	69	47	81	37	6
22	77	60	59	6	6
14	44	89	4	25	77
49	44	24	65	29	85
61	6	35	32	34	55
15	51	97	31	25	71
22	35	35	70	35	23
28	92	92	2	13	33
28	26	100	28	42	28
95	91	53	3	22	88
25	82	36	3	23	92
75	19	21	74	72	74
40	40	37	55	40	38
11	48	12	86	51	31
7	15	66	97	29	27
35	35	68	13	23	35
44	36	2	88	6	100
15	38	69	80	38	64
5	37	77	37	13	37
39	29	35	75	4	49
59	42	43	40	47	39
25	70	67	39	78	31
89	21	94	13	99	48
24	97	12	28	86	11
94	70	58	12	73	47
44	64	55	56	94	27
67	44	17	54	44	44
76	9	25	8	9	9
53	95	30	76	30	31
13	51	27	13	35	13
68	29	42	1	80	68
93	22	30	78	22	22
55	20	15	27	3	86
73	16	77	81	95	48
48	20	26	11	40	1
80	36	70	2	43	2
93	99	35	38	72	23
41	68	18	98	11	40
99	22	5	38	68	33
56	67	9	41	64	28
21	78	96	12	36	89
30	37	100	4	4	4
47	40	38	72	26	90
99	100	85	41	50	74
30	32	17	2	89	3
13	60	93	71	39	2
12	96	35	49	7	81
29	52	29	29	16	65
29	78	14	85	8	11
30	58	43	96	83	37
27	12	27	27	64	69
48	28	39	5	5	5
89	61	67	4	14	50
84	41	99	94	57	75
10	10	61	39	66	10
34	27	27	27	9	64
29	13	21	80	41	98
40	87	74	22	42	8
85	62	89	8	92	96
82	2	48	24	24	24
37	12	87	2	11	86
56	23	19	8	52	37
87	36	36	36	19	50
13	50	11	39	9	54
67	11	87	36	53	67
58	43	2	49	93	34
28	2	2	36	21	2
2	21	70	83	46	55
13	80	31	32	34	23
12	82	93	87	20	46
100	10	30	20	24	28
62	71	31	5	80	10
5	99	89	47	53	51
44	30	49	44	44	83
46	76	35	5	46	46
70	7	12	32	81	26
24	80	73	3	20	88
6	66	6	67	68	6
88	24	17	69	73	38
92	40	40	53	57	40
33	54	33	33	89	4
51	35	81	49	12	66
55	61	37	60	53	83
92	41	19	10	4	4
12	21	12	10	12	91
97	15	21	21	9	21
4	32	7	30	30	30
82	44	44	62	100	44
13	13	67	3	13	86
17	17	23	90	17	25
14	10	36	36	57	36
30	69	69	77	22	60
26	50	50	50	80	5
39	81	45	78	92	42
16	64	98	18	41	28
10	23	57	23	2	23
88	46	64	69	72	62
30	83	66	26	87	53
8	8	93	61	8	46
92	70	42	5	8	23
28	5	47	29	28	28
96	77	41	7	10	80
24	89	45	18	21	62
26	59	31	99	34	6
67	100	51	86	28	18
51	68	38	14	91	93
15	46	14	15	15	43
70	62	5	98	6	55
11	35	22	11	11	95
52	35	39	20	22	53
49	23	21	23	75	38
90	81	18	74	18	18
45	81	38	6	6	14
25	37	70	98	67	89
36	33	78	79	47	76
48	95	96	40	72	24
36	37	76	77	3	6
92	21	69	76	3	8
66	64	20	16	93	100
72	41	50	90	42	72
61	2	74	98	48	60
6	65	25	74	43	24
20	78	70	48	81	95
38	10	42	38	38	75
86	5	63	5	50	5
81	40	97	23	40	40
97	96	4	99	4	4
1	7	59	25	78	44
57	84	98	37	17	76
6	57	52	34	73	4
76	43	20	90	30	93
48	71	22	39	28	32
28	28	100	79	65	28
2	90	26	9	9	92
25	12	89	4	27	17
99	70	42	9	94	67
45	64	9	81	54	66
76	64	98	43	20	88
99	6	2	44	15	69
26	20	7	26	26	82
11	50	9	65	9	9
47	78	2	92	6	97
92	95	65	57	25	93
26	13	42	9	37	37
16	41	19	100	99	86
96	11	92	68	54	1
64	11	11	24	11	17
3	24	2	97	31	8
32	91	27	88	50	69
56	62	54	45	81	71
99	92	80	32	80	26
78	47	97	55	94	77
97	69	95	56	31	42
30	8	30	10	64	30
50	98	19	42	19	19
32	46	26	16	28	5
71	32	26	94	32	32
11	70	55	36	86	64
90	65	72	53	86	53
39	30	99	29	13	67
37	61	92	60	82	46
32	58	96	100	12	97
34	34	77	79	34	31
23	23	76	94	41	23
30	12	68	34	52	30
34	31	53	75	20	76
25	87	88	70	61	17
14	68	14	14	51	61
83	45	23	30	64	31
60	55	92	30	22	95
5	68	17	10	47	86
68	12	88	68	25	15
84	100	87	38	79	49
24	73	81	83	98	66
44	93	44	41	44	11
95	9	26	6	89	76
10	60	27	76	88	72
93	58	83	14	33	72
86	96	12	98	81	68
88	9	9	70	72	9
36	36	36	46	39	71
38	10	16	40	92	27
86	83	68	22	63	94
46	70	46	46	63	24
91	6	47	39	87	18
63	92	55	12	88	91
29	8	78	39	50	39
29	23	29	58	29	3
1	1	1	94	35	4
17	71	29	97	93	92
60	24	86	59	17	41
75	54	59	27	16	87
91	61	79	57	42	100
16	16	16	5	72	42
69	23	27	84	23	23
7	74	26	89	73	44
34	98	65	74	7	16
70	81	13	28	21	8
79	95	57	82	86	52
68	5	16	5	5	26
22	22	88	16	22	99
36	26	26	18	26	43
22	22	81	22	67	33
2	23	13	29	16	61
13	11	50	40	57	84
39	40	66	97	61	97
82	16	49	49	12	49
17	78	42	27	65	22
58	68	75	18	68	5
38	52	78	7	83	98
4	25	36	4	81	4
95	38	58	99	59	8
43	29	43	18	43	42
68	30	93	25	80	94
24	50	67	50	54	87
17	1	77	53	31	100
27	75	50	27	27	51
35	87	20	53	38	52
71	85	84	11	55	79
67	63	20	7	56	14
42	78	31	31	88	50
69	33	33	97	64	59
48	99	55	76	48	25
49	79	60	89	25	98
55	74	27	91	69	83
3	80	23	75	95	95
91	49	10	28	49	49
23	44	64	99	44	44
70	11	97	27	61	31
92	16	40	89	10	13
38	32	44	48	70	14
62	20	90	49	2	67
7	82	22	28	7	7
52	47	93	19	66	98
42	90	58	81	57	28
60	20	47	26	29	48
30	56	46	98	46	46
21	88	40	21	21	69
75	67	97	61	41	68
77	11	11	75	23	11
97	65	97	98	79	71
38	84	67	12	13	29
57	91	43	13	37	52
44	29	46	26	28	20
99	75	15	9	15	12
35	33	37	37	38	37
23	80	99	20	16	98
99	93	84	1	14	57
8	8	58	8	9	48
16	67	27	38	12	25
12	72	50	33	33	33
48	31	18	18	67	18
84	6	11	71	24	83
26	13	73	61	21	41
34	99	66	32	88	52
18	28	51	75	88	25
37	11	73	90	11	11
42	45	35	86	42	42
30	52	48	43	43	43
57	13	13	13	14	28
24	24	40	28	24	27
24	57	20	26	69	55
49	77	89	65	56	32
21	25	74	77	20	46
38	50	41	76	28	26
97	30	3	3	3	62
70	16	69	97	26	75
94	47	39	39	39	83
82	26	70	77	23	84
69	12	61	8	8	8
79	22	88	67	62	96
44	44	44	80	92	12
12	46	13	91	28	45
94	86	7	77	7	7
62	83	49	92	98	2
69	100	68	25	26	46
92	15	15	15	80	59
25	67	68	92	43	44
80	55	37	30	50	28
61	22	78	96	82	11
15	70	75	51	77	30
82	71	5	82	89	60
17	7	51	91	40	28
63	78	23	56	19	90
59	20	99	29	64	10
13	18	58	55	13	15
39	1	74	1	89	1
27	60	50	68	88	89
76	31	45	47	89	5
38	12	86	56	73	72
6	33	74	21	69	96
5	1	27	53	87	41
98	27	27	97	27	28
12	30	55	12	66	12
39	67	5	5	5	7
79	65	82	9	71	30
2	98	2	23	2	72
31	99	39	57	74	5
95	20	69	54	99	67
26	7	26	26	50	98
73	80	57	64	76	78
96	36	91	58	99	31
2	2	14	4	71	2
55	75	5	66	75	94
5	58	5	42	5	7
16	23	25	5	15	45
85	46	61	46	46	57
41	52	70	25	9	36
27	85	52	59	18	79
88	20	89	33	47	62
21	21	85	40	21	90
36	8	39	29	6	46
69	10	18	100	86	100
7	62	97	40	100	8
48	42	22	77	43	29
38	22	77	14	7	2
36	22	40	26	17	94
36	46	46	27	46	58
80	57	40	100	78	99
81	32	18	20	42	20
41	54	75	93	21	37
57	59	44	87	80	41
48	48	36	12	48	25
86	80	6	17	17	17
88	60	79	94	8	86
93	31	98	75	43	54
10	14	1	9	55	41
45	76	88	33	40	20
46	43	21	38	63	74
12	81	68	12	12	85
10	100	7	10	52	10
26	9	5	26	26	2
20	86	26	26	26	55
36	81	68	48	23	59
1	10	53	21	1	1
74	90	95	45	45	45
37	28	25	37	51	100
25	99	18	59	11	59
25	4	85	5	50	68
6	6	62	6	100	90
66	35	66	69	74	58
12	4	81	39	41	92
77	12	30	40	40	40
48	55	73	13	41	88
91	59	87	52	58	30
74	53	78	76	19	34
69	85	53	89	21	49
11	78	38	80	72	26
87	71	87	19	50	22
6	9	2	6	14	6
24	73	81	1	1	1
5	55	77	65	1	52
84	59	40	10	38	94
59	92	28	2	83	99
48	61	76	54	85	10
100	29	38	56	16	43
76	57	1	12	93	64
21	72	98	11	95	42
90	68	51	13	57	87
55	43	78	89	61	75
42	5	5	5	20	52
31	46	30	8	30	30
59	95	16	23	52	73
38	22	22	68	22	99
85	71	45	37	23	87
40	40	61	43	20	58
34	34	24	7	34	3
81	97	68	93	68	51
59	14	19	45	40	96
10	41	25	71	41	10
26	9	9	51	9	97
71	29	29	23	29	95
94	83	14	90	52	66
39	45	78	89	77	66
6	44	70	79	21	56
58	94	20	79	38	62
67	20	14	35	85	82
30	35	26	74	93	34
20	19	92	64	15	28
40	19	40	65	9	40
17	48	19	17	69	17
11	21	93	7	53	9
41	51	86	90	65	92
68	54	62	66	70	22
14	40	40	56	40	60
8	8	52	23	8	27
10	36	28	60	30	42
25	32	30	25	25	78
5	69	30	24	53	37
86	54	79	82	97	82
41	6	71	8	77	40
78	51	25	26	54	28
6	23	72	55	79	75
25	14	14	97	10	14
55	67	3	87	50	83
91	77	30	20	20	20
35	83	35	70	75	35
54	91	23	64	52	49
19	71	17	58	49	84
25	57	30	10	72	3
100	65	93	3	41	95
8	22	58	30	86	85
71	16	26	16	20	16
48	48	48	20	73	88
37	37	11	37	75	89
30	26	76	13	8	95
47	13	47	48	89	47
39	39	39	88	10	49
19	1	43	43	43	86
91	42	9	76	40	19
64	39	37	19	68	40
32	45	20	15	45	45
8	100	32	8	15	8
62	100	41	95	54	50
47	96	94	82	21	72
40	79	16	91	5	23
81	69	17	17	72	17
26	75	56	74	59	66
58	65	27	80	1	26
38	92	1	75	89	57
27	30	1	43	43	43
49	47	71	64	81	68
28	89	74	34	28	28
86	12	74	76	62	16
60	48	28	94	33	37
28	9	51	37	97	28
81	47	30	6	82	99
61	41	6	19	51	18
57	98	100	60	86	91
44	88	15	61	22	90
41	59	49	61	40	74
54	52	91	59	36	52
5	5	50	100	44	5
4	97	61	63	44	72
84	60	53	15	90	74
97	15	91	83	6	91
100	28	2	6	60	48
40	98	32	21	4	79
3	60	47	76	73	72
82	39	81	67	56	73
39	42	65	44	91	1
88	71	38	51	81	66
68	49	35	7	88	64
86	47	77	36	30	27
93	3	66	74	55	10
57	31	30	95	86	96
79	77	78	21	92	25
44	73	69	5	44	44
56	42	90	42	42	14
56	32	65	77	57	34
88	46	72	46	46	15
78	61	57	42	84	18
53	18	82	49	38	37
21	51	10	64	94	63
8	98	60	49	29	14
72	36	21	71	47	46
87	81	12	70	83	46
44	2	2	33	2	45
8	58	1	49	46	97
83	61	26	50	3	50
39	60	28	45	79	16
27	27	54	27	61	12
62	32	76	44	32	32
16	42	33	33	33	74
6	14	41	35	19	38
44	76	44	50	44	6
10	19	83	21	85	75
4	33	3	67	70	49
75	28	75	51	16	15
98	28	76	49	22	49
49	49	19	4	49	39
48	70	46	37	23	38
75	86	89	26	34	31
41	20	66	15	7	48
33	54	72	81	25	32
35	13	39	1	35	67
65	40	40	40	27	66
74	6	37	6	6	30
90	33	100	16	33	33
78	2	69	52	25	57
65	86	94	56	86	75
12	76	94	66	4	36
35	69	77	98	48	85
42	76	40	76	45	7
85	4	89	2	4	4
87	12	36	5	22	55
90	71	5	2	67	18
90	52	3	19	3	3
32	11	40	16	25	98
49	93	87	27	75	29
90	93	23	66	23	23
89	72	17	10	82	66
88	26	34	61	41	35
46	38	87	38	38	56
56	82	4	46	7	76
86	98	34	67	88	61
72	21	61	86	89	54
88	45	76	94	20	61
20	54	20	1	20	52
72	44	97	12	77	54
36	73	36	36	42	10
60	23	7	37	27	78
52	43	86	32	32	32
7	59	32	7	11	38
69	12	12	70	90	12
67	9	100	42	36	10
65	37	15	24	46	91
20	76	20	20	82	56
28	41	27	34	97	24
99	57	69	41	25	28
22	2	47	10	47	9
79	32	49	60	62	50
23	5	7	28	76	59
59	51	37	37	4	37
73	75	23	16	75	89
82	16	47	79	46	6
90	12	55	34	12	12
13	20	17	85	32	47
78	38	63	21	1	53
52	58	60	51	62	67
21	84	8	31	76	91
24	75	45	80	70	5
2	69	2	100	2	54
20	20	43	5	56	20
14	17	24	82	49	14
60	68	25	12	12	12
87	55	99	26	79	35
3	65	3	3	68	93
47	9	46	67	7	19
46	7	10	69	80	52
46	32	55	74	26	67
47	39	65	18	40	99
47	65	72	21	66	24
1	12	13	50	21	53
71	14	16	54	75	56
95	54	2	27	4	35
5	25	1	40	60	52
66	90	64	98	25	50
98	52	76	36	67	41
22	39	11	55	26	87
36	92	36	19	36	25
27	55	2	2	29	2
46	17	35	21	39	82
94	61	13	12	50	68
15	86	15	40	15	90
30	44	7	67	68	13
89	9	31	24	95	84
93	13	42	31	40	6
9	31	13	12	79	75
54	41	93	83	10	85
70	37	37	5	66	37
14	77	48	35	75	8
38	50	50	76	50	78
14	3	10	80	3	19
88	60	47	85	33	1
78	81	61	60	20	77
63	29	29	29	99	11
35	11	21	9	69	20
58	51	19	19	19	55
57	62	51	32	38	59
44	57	90	67	21	45
12	35	62	55	93	6
94	52	28	45	93	21
53	4	73	47	43	14
86	93	40	90	63	45
61	29	91	32	32	32
63	13	5	11	80	55
33	27	33	78	33	14
4	31	40	51	93	10
37	37	3	19	57	37
69	74	91	6	6	6
98	18	34	80	64	60
54	9	13	3	36	23
33	33	87	1	33	51
20	35	48	47	47	47
22	7	11	93	9	20
4	46	10	45	75	22
25	5	50	97	50	4
88	12	12	12	33	25
55	41	60	41	39	60
84	78	36	24	45	59
72	60	67	41	80	14
37	37	37	27	19	28
38	76	81	10	17	71
21	85	53	59	6	94
50	14	26	19	62	84
35	81	64	24	18	16
62	17	1	15	55	82
41	72	76	63	62	87
64	31	22	42	63	22
53	29	31	63	88	72
73	24	58	28	78	24
40	63	40	60	45	40
31	19	19	2	98	19
71	73	44	58	61	71
20	79	51	30	7	84
1	88	50	86	99	62
30	84	47	23	43	79
57	66	99	9	74	23
35	26	8	64	35	35
89	32	83	86	42	42
47	33	47	76	44	47
73	88	4	91	28	77
23	40	13	23	85	23
44	44	23	51	44	32
61	82	39	18	26	16
33	46	71	1	43	50
30	88	15	15	15	46
48	8	26	70	26	26
58	80	64	49	49	49
87	98	2	3	67	39
8	24	24	24	85	17
8	13	28	11	28	28
48	74	3	37	75	12
9	36	99	21	17	32
63	71	23	42	19	18
14	89	4	58	73	78
77	25	73	93	91	58
31	62	18	82	94	47
51	55	70	35	72	24
17	19	36	48	87	78
22	84	64	13	44	21
67	34	59	8	54	69
94	63	19	28	52	1
42	60	43	56	16	72
6	21	59	6	43	6
29	1	1	33	67	1
77	69	77	6	39	5
17	79	1	1	83	1
3	3	77	3	39	37
99	76	48	69	97	84
68	22	18	80	29	4
5	91	86	49	46	95
30	11	19	11	11	83
5	89	2	51	82	41
71	56	69	26	55	2
9	14	26	60	44	25
56	25	64	6	56	42
85	44	4	37	75	42
86	68	12	46	89	78
89	57	30	27	96	38
71	70	68	67	73	77
63	96	17	89	3	60
86	22	99	58	27	78
51	51	35	47	14	43
72	60	56	63	45	99
72	90	24	3	10	30
73	43	68	41	22	91
68	38	21	51	4	66
71	46	51	79	7	58
70	93	53	47	13	43
96	4	24	24	24	66
40	47	98	52	47	47
98	11	41	63	12	82
72	39	80	50	41	4
58	79	11	1	24	50
2	38	57	12	97	70
68	23	23	23	21	27
90	55	15	37	56	39
95	31	31	14	61	54
8	33	68	24	82	98
37	73	7	39	13	18
32	92	46	33	64	72
33	15	81	9	39	17
13	99	61	84	72	51
98	53	1	30	46	55
93	22	4	51	82	6
91	65	17	89	51	21
92	40	71	41	68	93
79	16	29	21	10	95
48	53	8	15	54	50
64	82	90	93	64	5
41	84	77	83	13	55
95	48	3	37	58	13
89	31	52	4	31	31
31	31	62	95	31	45
75	95	1	4	19	99
62	73	27	82	45	84
13	30	58	65	28	42
27	80	27	27	31	47
6	19	93	63	61	44
56	90	44	51	30	52
37	93	4	7	7	7
77	42	62	82	94	94
92	75	13	32	80	74
55	82	43	88	25	13
1	36	14	50	34	34
55	87	91	85	99	43
98	22	85	19	14	92
100	30	68	26	26	22
66	62	41	83	15	28
44	21	60	21	66	21
87	29	29	89	92	29
95	71	45	93	26	27
43	43	17	19	77	43
43	3	32	28	43	38
84	39	34	52	39	39
84	50	39	2	87	29
40	23	4	57	53	26
80	16	16	66	16	41
19	97	59	19	12	19
58	3	47	21	5	8
72	28	31	27	3	47
33	15	12	62	43	42
12	28	80	43	10	12
84	88	82	83	98	85
5	20	90	87	97	96
31	83	31	7	31	6
26	47	47	54	47	27
56	76	44	71	62	85
68	61	71	80	57	80
5	83	31	31	54	31
96	34	2	10	15	99
65	85	87	17	88	62
88	73	43	12	76	25
55	25	76	25	25	57
66	54	21	57	39	22
20	37	36	44	2	17
21	95	24	21	65	69
57	86	82	36	42	91
44	5	85	5	5	17
29	37	29	29	51	52
77	88	88	16	55	50
32	87	56	89	24	92
80	50	17	92	78	54
98	83	24	80	68	38
46	95	45	80	79	16
52	83	95	24	45	63
23	23	63	64	78	23
91	5	98	77	27	47
13	23	81	52	25	95
2	24	41	28	64	44
71	28	28	59	28	73
97	2	66	26	36	25
86	32	22	87	92	58
40	67	40	40	14	4
31	35	44	98	17	61
12	7	20	18	55	70
13	43	86	26	11	79
17	30	30	30	3	94
42	42	66	76	42	94
80	14	15	20	70	69
32	54	95	11	48	49
91	52	88	57	70	47
18	78	92	80	64	95
79	34	79	99	72	94
28	6	48	35	75	61
77	37	25	37	9	37
50	27	55	28	52	90
84	80	2	2	2	50
73	78	54	67	87	20
15	25	59	21	51	39
45	46	84	9	88	24
57	30	24	6	30	30
69	42	77	16	15	91
71	23	82	23	23	6
23	4	58	100	86	27
72	6	75	70	68	31
44	7	53	25	44	43
55	22	61	9	38	35
47	69	98	46	82	7
22	22	27	69	21	22
93	40	42	75	27	85
7	44	87	56	28	37
91	35	35	35	17	87
60	22	22	81	22	18
4	63	91	1	89	19
72	59	96	96	44	95
98	1	9	70	47	70
39	79	76	89	17	32
21	21	87	21	83	19
73	16	37	17	17	17
1	88	91	57	1	1
47	25	38	96	59	12
6	28	45	58	6	6
66	32	16	83	2	65
19	3	13	3	60	90
75	85	73	93	14	46
25	7	7	7	79	50
55	26	36	27	50	27
56	3	17	53	100	68
45	42	86	58	62	89
26	26	89	7	86	26
77	22	100	13	59	16
84	89	31	50	98	96
87	44	49	44	44	24
1	27	70	58	48	32
23	33	22	23	23	46
2	55	66	22	2	2
38	25	4	98	5	83
88	99	87	42	25	85
73	100	32	2	13	3
23	88	80	9	93	6
3	25	21	21	21	37
74	94	34	33	90	57
9	47	9	7	23	9
10	48	48	86	96	48
36	88	33	100	33	33
87	45	17	47	88	50
13	16	16	16	52	36
8	17	100	42	8	92
68	84	75	97	58	98
61	14	14	3	14	52
49	82	64	16	49	39
95	12	20	58	21	6
26	81	82	46	56	50
47	15	90	75	68	83
6	18	68	6	27	6
36	27	70	36	53	36
24	66	49	35	55	4
33	58	46	95	82	33
72	26	10	20	46	50
23	84	63	94	23	23
17	34	86	44	60	69
17	77	82	46	90	86
80	72	86	46	50	66
66	2	78	84	32	68
77	77	82	43	63	65
35	23	84	46	35	35
21	49	19	49	35	35
84	52	74	50	32	94
58	37	14	83	14	14
82	51	28	18	4	40
65	23	79	54	36	39
69	13	80	61	8	61
31	41	81	70	2	38
20	20	65	5	23	20
93	29	56	27	75	61
60	18	70	57	47	68
49	41	95	79	67	14
27	20	12	99	36	7
63	72	88	62	53	42
24	76	77	11	11	30
35	34	35	87	43	35
55	32	56	62	12	5
13	29	12	17	76	29
73	15	23	85	71	43
44	43	43	43	33	75
23	23	88	23	48	67
29	7	82	23	2	52
19	31	9	17	19	19
96	9	64	99	7	82
8	8	23	8	40	26
48	4	76	51	80	42
76	88	28	28	35	28
3	19	33	41	46	57
38	38	38	73	20	7
21	85	41	83	3	42
1	33	59	35	21	9
17	80	45	84	64	5
74	27	27	58	75	27
37	59	84	37	37	68
9	78	7	85	40	34
96	1	27	50	18	35
39	72	26	55	23	17
97	42	50	42	77	42
83	50	16	76	21	60
19	36	59	14	14	14
6	64	80	30	99	76
38	35	4	79	58	42
82	12	33	42	60	86
91	51	74	31	40	88
55	63	20	20	26	20
73	17	17	51	53	17
8	1	61	15	48	5
53	31	3	3	3	60
46	91	99	46	43	46
12	30	41	59	40	21
95	48	34	38	42	43
28	88	28	62	26	28
28	43	25	65	40	2
82	76	32	20	55	19
31	92	36	10	3	36
4	76	4	7	35	4
56	92	85	28	17	55
20	99	43	63	90	37
55	4	100	19	4	4
16	23	80	65	16	16
79	7	44	65	78	22
6	41	6	6	30	42
81	29	8	36	52	78
80	27	86	77	43	7
36	24	80	38	78	16
72	13	21	13	13	17
86	10	57	99	98	95
7	82	8	26	62	19
21	48	46	56	59	5
76	41	49	76	23	59
6	6	6	67	87	72
71	4	76	84	6	23
49	96	58	5	94	66
71	62	22	27	39	87
12	99	64	86	4	35
100	76	90	88	59	77
54	95	33	62	100	87
31	31	33	31	85	38
13	14	94	30	8	68
51	12	65	23	41	6
64	95	60	64	43	7
11	82	11	46	11	94
31	77	31	88	31	53
46	22	17	2	22	23
67	22	91	29	68	52
31	31	16	54	31	21
44	74	96	62	74	49
17	29	29	29	43	60
44	51	92	31	13	47
23	42	76	72	40	19
5	68	85	23	10	5
9	59	99	9	9	97
60	42	8	92	42	42
20	20	90	100	86	20
65	26	19	36	90	36
19	64	13	27	27	27
26	3	70	31	4	17
56	56	62	26	57	3
50	54	53	14	70	45
81	30	55	14	14	14
6	87	42	42	41	42
50	1	51	36	28	82
39	7	90	71	22	85
79	60	12	88	54	5
70	71	93	92	1	14
46	17	34	46	73	46
16	97	84	77	1	29
69	100	10	74	73	82
27	23	61	21	51	50
36	99	98	31	22	8
79	45	59	39	10	47
71	46	27	24	73	76
87	81	17	19	44	30
64	62	80	5	11	59
39	84	77	10	91	8
47	89	80	67	91	38
81	14	25	25	25	16
33	60	90	10	1	23
14	20	82	20	33	20
22	22	71	22	77	38
75	81	74	68	78	27
3	92	51	94	100	92
40	55	20	24	1	35
75	47	44	16	83	26
32	70	97	91	45	25
30	23	87	85	43	29
57	21	61	87	62	39
43	81	74	3	35	55
86	26	27	68	40	34
46	12	29	28	12	12
29	33	46	46	31	46
90	93	53	85	70	56
24	45	55	100	68	95
87	29	44	44	44	53
65	66	16	46	25	96
98	97	3	95	13	57
48	49	18	27	13	69
28	28	5	28	50	1
9	69	59	39	28	6
33	22	6	85	33	33
78	3	91	42	17	48
29	11	88	50	12	64
62	46	31	77	98	49
28	89	91	28	17	28
44	72	28	4	47	100
32	32	32	9	62	88
3	50	3	15	3	21
66	94	11	96	62	93
58	35	7	14	99	46
71	45	64	86	39	27
25	100	25	69	25	30
74	6	1	71	21	17
6	38	93	19	96	4
22	22	22	10	47	20
66	98	26	26	69	26
7	11	43	20	78	34
72	1	59	98	80	42
7	33	7	86	7	73
14	41	41	41	3	39
26	24	58	70	65	69
6	76	71	70	69	12
49	7	49	93	29	49
30	40	10	25	97	95
35	32	3	49	11	77
13	84	89	51	27	72
62	98	90	4	35	79
28	10	87	32	68	11
13	21	22	69	37	83
33	14	33	70	33	83
62	21	98	88	68	30
19	26	95	52	46	35
8	8	6	87	49	8
27	58	94	21	35	65
84	16	98	52	100	9
9	84	89	84	78	95
67	63	98	48	35	55
90	3	32	38	78	17
59	28	22	54	94	76
37	23	37	37	8	65
88	93	56	84	34	60
27	94	39	39	20	39
2	67	96	2	2	39
80	73	38	7	28	56
46	71	16	47	80	91
100	14	25	37	2	92
34	70	40	41	42	62
48	45	90	38	54	69
50	45	41	41	41	20
95	11	63	98	50	94
28	99	50	2	70	55
5	83	78	5	50	5
30	37	56	37	37	8
35	17	35	97	60	2
18	82	74	100	78	22
42	2	21	21	32	21
92	21	74	21	86	1
17	87	99	55	37	82
46	46	46	97	29	35
61	54	72	2	7	46
31	88	11	83	44	49
2	49	81	94	22	86
6	6	50	81	26	6
80	60	15	17	96	42
29	67	58	68	29	29
24	39	90	76	54	52
63	68	13	55	89	34
23	41	72	41	28	41
14	12	57	10	93	88
18	6	6	68	82	19
76	57	1	28	15	74
70	32	32	45	69	32
18	10	91	33	18	18
91	91	42	94	100	87
26	87	58	1	98	60
35	18	86	22	43	69
55	21	72	13	45	50
68	73	55	11	18	28
85	88	93	3	66	70
39	26	39	78	78	35
19	34	34	34	59	79
34	60	25	25	75	25
65	80	57	74	96	94
37	49	37	22	41	37
5	11	11	11	47	52
84	2	14	16	76	16
58	55	50	61	97	40
76	25	25	100	25	93
24	89	73	74	79	74
100	8	8	83	30	8
99	67	24	46	38	36
32	34	80	45	23	40
8	11	8	8	51	68
49	14	33	14	14	78
11	96	57	82	80	46
71	85	35	42	92	47
89	73	70	73	71	15
39	39	6	86	39	83
60	76	41	3	54	31
40	48	69	66	15	85
66	37	71	27	81	49
43	38	8	31	89	23
46	75	8	8	28	8
38	94	23	38	86	38
11	30	46	44	30	30
76	96	78	1	45	35
14	39	24	63	6	57
38	38	20	41	87	38
45	66	21	83	15	44
46	94	63	61	50	48
6	91	65	38	38	38
6	26	28	56	57	64
12	26	3	79	26	21
94	6	54	59	63	91
4	4	23	53	24	74
72	60	58	93	24	82
12	27	7	27	27	68
60	87	2	35	26	92
24	29	41	61	54	63
33	28	22	29	17	31
85	56	1	85	79	98
41	48	44	81	96	97
10	78	37	42	11	85
65	51	65	86	22	61
71	65	84	63	88	93
8	47	32	91	34	77
12	12	12	57	98	80
13	43	18	25	43	100
11	11	44	42	11	78
23	15	91	42	42	42
48	45	47	47	47	6
32	76	23	32	32	19
21	90	67	99	50	8
9	1	99	28	16	1
50	38	38	15	33	72
50	85	56	23	51	47
59	5	99	58	26	66
73	11	5	34	92	85
23	26	14	23	23	73
85	56	87	37	37	48
47	33	67	99	27	12
75	8	68	49	42	52
12	83	87	37	37	37
41	9	7	60	42	11
12	38	38	38	82	43
48	24	95	1	23	92
26	47	80	47	51	47
33	33	55	33	17	36
58	35	68	53	47	24
17	43	71	17	58	17
40	24	27	27	57	27
55	41	36	41	41	12
83	23	72	23	23	5
27	46	64	18	43	92
15	66	51	69	97	61
67	78	53	52	72	97
27	83	43	49	46	34
94	16	65	46	64	87
3	34	14	34	34	22
89	45	27	10	85	39
95	81	8	61	74	12
59	97	51	49	85	38
96	13	13	13	48	54
18	61	89	20	7	52
49	8	78	27	77	73
14	97	83	30	9	83
86	26	54	87	53	33
2	43	2	21	24	2
22	32	55	12	12	12
35	77	98	15	45	32
80	31	30	72	55	21
8	58	8	64	8	75
10	10	82	53	55	65
29	57	29	98	29	33
67	96	48	48	88	48
77	6	45	28	8	14
90	16	5	20	92	24
38	40	89	38	38	22
55	22	15	50	15	15
61	15	37	77	73	46
4	1	50	4	4	9
29	29	41	60	98	29
48	47	13	25	13	13
6	41	88	66	33	85
39	90	44	58	83	8
7	76	86	56	91	58
39	96	41	58	98	68
41	44	33	44	55	44
5	70	17	94	27	61
95	36	36	36	23	6
80	42	72	80	24	35
90	19	41	60	65	30
93	62	35	35	35	76
19	70	19	19	53	20
92	7	30	63	63	77
63	67	98	26	61	31
37	21	21	46	21	73
38	38	44	64	6	18
6	49	22	2	91	86
12	5	67	9	33	16
63	35	46	45	78	28
6	6	83	6	80	7
26	16	90	79	36	17
89	38	34	79	10	27
83	51	11	9	25	45
95	92	63	88	82	16
54	31	30	8	60	17
60	83	21	91	25	97
87	3	87	10	49	62
16	73	33	71	20	38
32	21	91	97	25	29
29	56	51	29	29	86
36	36	36	29	73	68
6	33	5	1	99	91
30	45	52	38	2	65
30	7	49	60	24	24
15	46	55	94	40	87
44	44	69	44	78	6
9	83	5	10	99	94
91	94	5	3	66	82
10	100	96	15	32	44
53	18	77	27	98	47
80	90	11	91	61	39
86	84	33	7	90	70
78	82	39	82	20	1
88	9	23	55	48	40
88	70	38	12	36	20
51	25	31	5	52	100
10	31	50	43	60	65
14	20	17	17	17	46
45	43	95	1	45	45
36	44	24	63	40	73
30	49	64	13	13	90
30	30	2	21	30	65
21	55	21	4	21	19
11	50	50	50	6	91
60	92	57	82	11	85
27	43	45	43	43	42
66	7	82	56	41	64
27	85	46	59	30	100
10	18	71	10	10	31
69	95	92	74	92	52
25	56	79	65	26	3
65	24	33	73	77	5
97	48	38	37	38	38
29	8	50	29	18	29
59	20	13	80	23	88
18	15	17	14	1	75
93	63	64	31	69	54
31	46	31	44	47	31
34	85	10	10	10	89
17	22	35	26	33	56
9	15	54	15	96	15
79	12	46	25	16	71
25	57	72	90	83	48
88	88	19	20	1	85
85	80	93	89	61	23
9	4	9	28	14	9
81	40	63	23	40	40
33	33	41	43	83	33
85	35	53	13	17	7
100	27	43	97	50	16
10	80	48	92	59	5
17	45	12	11	51	77
54	95	59	57	61	68
55	1	90	75	98	36
14	90	47	50	64	82
100	41	92	75	86	60
4	1	64	27	95	37
44	63	7	79	63	38
78	81	54	48	53	72
46	47	68	45	24	9
10	63	22	2	41	24
26	26	95	42	26	37
76	9	95	40	15	61
19	19	7	60	19	85
99	80	93	96	64	73
41	61	25	57	5	97
59	80	99	74	43	83
60	62	5	7	7	7
65	84	61	27	98	3
56	92	64	82	58	49
36	25	50	30	90	25
35	8	79	27	21	9
19	20	43	78	29	67
80	48	48	23	83	48
32	23	95	18	32	32
98	96	17	71	65	83
71	29	41	62	71	51
20	31	62	36	69	32
99	44	1	30	44	44
97	64	79	80	10	2
31	91	47	37	89	13
20	3	20	12	20	4
10	13	79	6	10	10
84	85	5	46	69	29
27	60	27	91	43	27
46	67	56	62	46	46
37	45	75	37	24	37
98	71	66	70	100	51
4	6	73	92	70	98
7	94	9	85	7	7
14	14	40	5	35	62
42	42	55	78	23	15
65	2	61	57	19	76
29	94	29	17	29	12
70	75	2	41	73	13
40	47	47	62	47	44
53	93	44	4	100	54
48	22	31	31	99	31
87	35	15	28	28	28
51	30	42	62	33	69
36	36	3	36	23	90
17	24	40	48	79	41
87	80	89	71	55	81
92	7	29	92	1	10
13	44	44	20	41	44
19	99	63	2	82	52
12	16	50	72	17	12
80	24	67	24	95	24
21	32	94	24	30	69
49	10	63	57	81	99
5	32	84	8	51	10
76	64	83	100	35	13
3	26	98	48	68	89
97	12	70	8	53	17
46	90	38	36	32	33
82	48	91	54	49	85
9	71	9	53	78	9
62	18	18	18	66	75
67	10	23	86	78	83
10	10	85	84	10	67
91	79	40	29	29	29
54	1	41	48	84	34
34	31	95	92	34	34
5	43	8	11	100	59
24	54	19	85	38	44
14	40	78	46	86	12
91	21	27	83	88	11
20	51	75	85	79	41
49	95	76	26	91	58
1	65	1	21	49	1
10	15	31	75	11	23
9	52	26	61	60	73
94	5	54	32	65	44
22	74	75	56	40	3
73	49	97	91	11	14
74	21	92	6	79	97
4	90	90	63	16	54
50	88	62	81	31	5
29	81	29	29	35	17
62	66	47	51	41	30
85	16	24	24	24	30
67	55	67	31	39	28
55	9	57	7	77	23
41	98	45	6	31	14
29	51	46	6	29	30
74	58	99	93	94	17
35	2	29	86	56	90
31	63	91	63	17	31
85	50	85	31	83	9
35	25	34	2	12	40
87	77	33	33	68	33
86	64	18	89	98	41
49	50	73	82	39	56
52	45	72	41	45	45
74	38	98	78	12	52
61	66	44	44	40	44
34	7	75	44	27	13
68	81	89	78	47	78
92	47	40	38	51	13
48	49	2	76	83	74
81	49	96	32	32	4
7	99	17	74	22	45
45	82	34	1	83	2
58	97	39	31	7	76
26	78	8	85	90	49
80	10	72	95	65	93
74	29	77	52	1	43
17	17	17	87	1	33
89	31	75	37	53	26
95	40	40	40	98	89
6	47	47	22	63	47
83	75	42	89	90	21
40	83	40	80	1	78
26	26	26	60	10	84
49	49	49	54	93	26
25	38	21	30	54	79
81	82	100	15	36	7
24	50	57	58	23	31
47	13	3	37	76	71
80	79	20	37	56	94
71	89	1	91	73	69
96	15	24	92	61	29
67	20	13	14	89	42
47	5	83	47	47	70
74	40	32	25	40	40
62	19	34	66	50	1
65	92	44	23	35	39
88	41	2	40	20	89
22	22	77	22	69	89
98	40	17	40	40	89
28	87	28	65	28	8
95	65	14	88	21	18
15	15	92	15	69	84
86	93	17	94	55	8
86	90	5	89	48	43
3	29	27	64	24	75
81	19	36	19	25	11
60	70	6	95	68	62
42	89	25	25	30	25
45	97	13	73	39	45
77	98	100	63	84	72
56	21	15	52	15	15
18	18	67	55	75	18
95	10	61	47	54	72
45	74	45	67	78	45
94	60	92	9	97	60
9	8	8	8	66	4
36	90	48	50	23	71
30	30	30	8	32	56
30	26	26	96	21	26
82	8	17	59	95	18
19	95	66	19	19	29
87	54	27	74	27	27
51	39	96	39	39	36
19	3	34	19	44	19
98	23	70	72	74	64
60	66	56	2	68	17
100	31	81	37	23	55
13	50	69	13	20	13
93	34	80	9	50	75
73	86	1	98	64	36
32	9	79	2	53	55
46	14	91	41	57	57
16	16	46	1	16	28
76	9	43	13	22	27
16	28	21	21	21	59
24	13	23	7	62	54
37	19	19	93	15	19
3	34	35	20	23	57
99	11	11	10	11	97
82	56	50	22	37	49
5	2	2	90	30	2
47	13	21	46	21	65
6	22	90	10	42	12
59	87	60	82	29	38
73	6	6	58	84	6
93	83	1	51	45	74
77	51	37	79	18	83
11	73	4	4	4	30
55	84	19	33	73	70
47	60	20	60	73	39
41	38	90	34	40	11
95	7	72	41	7	7
95	36	13	77	56	4
26	79	52	94	64	48
98	22	24	53	4	40
80	21	30	21	9	90
52	48	86	36	80	24
72	27	5	13	26	70
5	11	28	72	6	23
96	70	52	75	100	56
93	37	83	97	59	65
66	74	67	43	14	10
42	8	31	47	91	49
10	30	88	9	91	45
77	66	5	63	54	29
83	96	80	66	69	75
36	90	37	91	90	73
11	76	85	11	46	11
59	25	12	10	54	35
58	63	97	45	45	45
45	44	42	4	59	81
11	85	82	35	27	22
86	71	47	26	65	22
3	98	3	16	36	3
7	25	31	25	79	25
89	73	55	31	100	60
7	22	28	7	43	7
5	38	75	5	71	5
50	94	41	21	60	22
23	71	71	21	71	65
8	8	45	54	65	8
62	37	6	61	76	97
87	58	6	50	40	28
100	40	34	34	29	34
63	10	69	81	1	88
27	26	50	6	65	60
12	60	94	6	87	40
12	48	43	94	2	31
76	5	6	64	31	31
38	12	51	58	69	51
72	21	13	21	100	21
63	89	5	5	77	5
43	23	45	43	77	43
12	43	53	43	43	89
24	63	93	81	73	36
68	93	72	67	79	19
18	41	59	39	41	64
53	21	77	62	52	47
96	88	70	19	99	56
73	41	99	79	89	90
4	39	54	28	4	4
52	17	17	31	76	17
20	33	42	47	33	33
32	59	10	33	35	33
33	26	35	33	54	33
47	47	87	9	47	32
72	79	76	37	39	77
20	85	20	2	87	20
99	69	88	57	28	84
56	100	19	100	56	94
17	77	84	75	31	38
24	24	85	86	24	32
10	10	22	37	46	10
61	48	20	84	100	26
88	12	95	93	70	100
46	53	24	40	46	46
51	76	69	85	70	87
80	17	78	69	3	51
24	84	34	84	45	68
53	31	57	79	22	57
3	46	3	3	65	1
25	58	53	63	36	78
44	16	100	48	29	74
15	4	15	12	91	15
50	92	68	41	26	16
60	53	82	75	88	71
39	21	21	21	85	5
60	69	39	43	19	44
5	79	8	94	8	8
54	21	28	60	64	21
39	93	8	39	3	39
82	10	26	19	39	22
24	87	24	24	3	97
96	54	45	8	79	67
73	30	17	5	30	88
24	72	62	35	92	85
58	37	66	52	38	36
30	26	38	18	53	6
49	22	77	52	69	76
49	49	93	77	54	49
73	51	56	51	71	47
44	42	71	42	42	82
66	52	33	52	32	36
38	38	85	90	38	8
59	11	35	65	11	11
62	23	46	36	21	73
12	66	15	82	73	52
73	43	61	33	30	11
84	25	21	13	38	60
12	43	99	55	97	54
3	60	22	56	39	62
61	12	22	4	53	51
59	56	93	28	28	28
59	73	37	96	100	86
54	41	52	41	71	41
91	4	4	99	8	4
6	71	6	90	34	6
44	31	33	44	2	44
76	97	18	18	88	18
23	83	12	12	43	12
69	73	41	67	6	85
21	30	72	30	30	23
48	34	30	28	56	18
23	36	37	37	37	25
95	18	62	52	77	57
86	31	21	95	33	5
95	72	46	46	46	22
50	65	35	52	50	50
79	66	10	14	33	71
61	89	95	96	76	100
91	16	1	32	42	1
47	16	37	25	1	52
67	95	67	92	80	53
91	65	50	40	32	9
14	27	31	32	33	43
96	2	71	74	29	68
7	7	18	7	86	79
30	8	91	21	28	47
6	6	75	92	81	78
31	2	75	13	50	97
47	30	55	20	28	96
64	66	83	80	81	41
33	3	22	53	2	8
23	93	71	1	33	52
2	66	41	38	28	20
17	59	25	52	19	6
4	10	4	12	3	4
42	64	48	88	42	42
37	17	17	67	88	17
4	99	60	93	48	8
21	92	34	12	12	29
67	2	91	86	84	72
17	41	11	7	1	70
79	11	100	73	65	49
26	52	81	44	11	23
39	36	7	68	12	75
2	83	27	91	36	80
79	28	65	99	32	56
67	99	38	33	46	79
51	42	14	31	19	96
44	29	19	29	29	32
68	96	13	94	43	97
31	31	20	19	31	9
15	66	44	88	20	51
65	27	50	50	80	50
34	45	78	36	60	13
97	11	11	11	67	18
20	72	92	3	60	99
68	57	92	25	85	62
35	85	10	99	84	33
43	91	37	50	53	38
47	88	39	73	6	11
64	40	74	78	55	76
24	40	69	63	32	10
25	97	77	13	21	40
5	6	15	30	47	76
54	15	41	41	41	1
10	58	42	16	65	44
17	79	4	15	75	68
97	8	20	41	93	97
7	95	39	85	10	84
52	89	84	75	96	85
100	21	59	18	61	66
39	82	58	89	63	15
42	5	42	46	11	42
17	90	7	3	42	59
12	13	21	99	76	32
45	18	45	54	45	26
48	97	55	27	43	51
22	12	46	43	60	41
30	81	56	19	86	32
17	92	89	54	25	34
7	73	50	3	1	35
49	97	52	96	77	10
97	31	16	68	54	77
31	34	34	25	34	43
88	59	41	5	47	23
51	8	14	29	49	21
16	4	80	16	39	16
18	99	51	56	38	68
68	59	55	63	60	60
62	23	23	65	76	23
61	20	4	48	49	65
56	85	75	40	78	40
43	66	44	77	18	92
59	18	52	20	48	49
94	48	27	48	48	56
98	45	32	19	33	54
68	73	66	43	43	43
92	92	23	48	49	25
46	92	45	94	12	57
81	30	93	87	34	64
63	35	2	65	69	64
80	23	57	79	85	18
83	59	46	32	88	6
92	57	32	7	25	36
43	59	64	44	66	94
31	31	25	65	99	31
79	91	65	83	92	66
87	87	25	84	30	100
3	9	7	72	56	45
26	18	9	80	95	97
24	68	97	42	42	33
86	71	22	40	96	71
69	23	23	23	93	7
70	23	10	50	69	19
10	49	18	10	37	10
8	59	86	78	16	19
42	84	34	56	42	42
25	72	18	51	53	42
7	31	79	31	31	32
79	42	34	50	8	66
62	7	87	46	46	46
65	79	4	98	64	37
44	7	20	44	27	59
93	21	37	67	62	61
33	3	33	33	67	34
56	37	74	76	88	27
43	84	31	16	62	51
84	64	27	56	12	89
15	33	95	36	15	55
100	28	28	28	43	6
19	54	53	43	51	80
54	5	5	62	26	5
44	56	79	29	49	13
53	79	52	40	44	31
19	82	67	50	71	55
23	66	23	79	8	33
12	72	81	14	61	48
17	59	19	19	19	31
42	69	35	91	80	86
87	65	44	34	33	32
53	3	3	3	54	79
42	7	50	29	32	35
62	51	70	71	30	66
73	66	95	53	48	36
93	56	91	98	47	48
81	53	50	6	14	21
15	4	7	51	2	70
44	32	95	86	40	80
8	44	83	84	59	83
63	48	3	62	74	71
53	99	17	94	92	10
7	81	7	36	28	7
10	30	57	50	16	18
16	95	45	70	45	45
99	77	45	92	21	6
33	99	34	77	12	60
48	69	20	80	67	98
7	2	69	76	80	55
64	23	1	29	70	50
55	57	53	62	68	33
8	63	11	45	49	64
85	13	29	29	54	29
19	82	57	20	10	11
75	4	56	88	14	67
62	30	61	65	25	45
18	21	4	8	8	8
31	31	48	59	63	31
99	90	98	94	76	85
99	98	97	6	52	76
98	38	38	21	32	38
60	42	56	81	97	3
2	1	40	67	43	27
39	39	29	39	66	49
40	94	37	61	42	84
20	87	18	54	72	9
22	47	92	19	37	98
100	66	3	3	50	3
31	77	44	53	75	19
57	88	65	92	35	2
41	19	19	62	19	61
67	54	77	27	27	27
54	45	45	27	9	45
16	41	26	26	26	71
78	48	40	27	53	50
22	51	50	27	17	17
78	40	79	87	78	94
51	41	5	27	4	42
2	74	82	89	84	44
9	13	9	9	10	7
16	94	2	16	43	16
98	61	28	3	87	3
21	6	24	24	24	44
53	24	35	24	24	34
96	52	99	74	76	68
47	6	47	68	47	64
42	42	13	4	75	42
2	78	4	80	19	92
29	21	95	89	18	18
3	76	6	7	67	57
3	88	71	25	11	33
2	95	2	8	1	2
14	81	67	83	57	56
27	27	81	27	23	48
54	61	92	63	70	3
75	4	22	4	84	36
45	35	35	35	65	86
90	43	94	61	62	67
5	77	74	44	5	5
66	99	97	15	40	64
42	38	79	85	75	1
30	40	30	62	30	23
78	53	19	82	61	63
29	36	36	66	36	9
100	26	26	26	61	71
6	95	82	93	50	73
99	29	52	74	33	62
21	9	50	6	49	88
22	89	67	10	10	10
59	99	21	51	30	41
5	31	39	2	5	5
31	92	26	55	70	15
24	43	43	25	98	43
62	89	5	5	3	5
48	5	48	48	68	70
25	48	30	63	44	94
53	40	57	29	11	10
36	86	69	97	78	13
2	37	26	4	61	53
40	36	35	84	40	5
87	27	29	52	100	94
18	4	62	21	39	47
58	83	12	89	24	8
35	19	19	1	19	62
98	11	86	42	40	59
83	7	7	53	28	23
91	25	66	12	34	3
74	39	82	87	29	40
55	6	100	6	6	30
76	85	96	59	51	97
16	3	9	44	21	77
8	8	8	21	39	35
25	5	25	85	25	14
48	52	22	33	19	34
59	48	26	39	94	68
71	61	77	1	51	29
78	88	11	11	11	7
11	19	9	70	9	9
18	86	18	18	1	34
92	7	25	79	28	3
8	49	95	13	90	52
22	91	3	87	15	30
45	52	18	20	46	15
4	4	4	87	99	25
27	9	62	90	32	13
48	6	33	34	47	35
35	56	5	44	55	90
72	87	16	50	50	50
52	72	22	41	88	52
65	7	15	42	81	25
64	73	4	10	52	90
46	5	27	79	82	10
42	23	83	72	41	22
64	4	75	73	27	23
1	1	1	50	39	43
67	47	13	95	16	21
94	97	1	74	4	25
31	31	31	22	39	26
56	99	66	81	14	75
74	66	24	23	59	67
90	48	23	53	100	70
78	64	28	25	84	77
30	9	53	8	30	30
86	53	58	32	9	72
45	61	34	34	28	34
24	2	47	93	43	30
35	6	35	81	56	35
2	2	21	67	15	2
80	35	67	6	98	79
74	18	59	38	6	74
5	52	10	79	4	23
39	42	39	100	39	24
66	43	25	87	25	52
6	49	12	12	12	14
59	52	25	46	13	78
87	50	60	16	32	10
59	93	9	95	99	76
74	39	15	16	69	16
8	93	66	43	1	67
48	83	59	91	43	43
90	21	78	42	67	50
78	87	30	3	73	69
87	54	87	71	29	28
64	61	20	87	41	60
97	86	39	72	72	43
4	49	4	1	4	91
21	88	21	25	21	17
94	13	81	57	62	69
31	100	24	49	9	47
57	75	11	11	11	58
4	4	41	2	25	4
63	72	57	45	65	58
66	58	60	74	3	99
50	39	44	50	50	72
61	14	33	60	5	3
15	6	6	6	61	77
42	77	57	40	58	62
70	73	91	10	5	1
18	37	54	87	11	65
1	11	29	42	11	11
16	55	45	90	14	26
53	96	99	8	92	42
72	69	34	56	99	53
67	56	36	43	22	23
82	63	71	8	94	13
98	80	32	69	78	93
97	22	2	72	23	53
11	84	41	23	41	86
45	45	45	75	20	9
37	54	46	99	53	56
59	16	32	24	41	40
56	11	84	30	48	86
30	43	36	34	81	2
14	12	40	50	90	80
38	56	72	45	30	20
37	86	20	96	37	37
32	64	54	27	50	20
16	14	39	84	11	3
1	73	57	50	44	65
87	61	16	16	34	16
12	37	18	45	55	99
86	17	100	97	17	17
67	73	16	87	78	13
67	88	18	26	2	64
14	39	18	48	73	96
51	9	17	35	99	41
71	56	41	92	74	35
40	62	50	40	33	99
85	58	44	7	9	43
84	49	88	15	21	78
48	86	58	48	48	67
82	1	63	8	74	71
65	82	33	18	86	89
66	7	79	79	51	54
15	85	70	70	8	89
27	33	72	48	7	61
61	39	25	54	79	44
17	31	87	34	85	69
73	62	39	38	97	67
47	56	47	69	67	47
12	12	100	82	92	72
47	81	65	74	28	45
86	38	19	3	9	60
20	64	20	69	20	76
81	7	83	44	80	73
9	75	57	44	38	17
41	37	56	89	33	54
59	6	39	22	57	68
23	83	66	42	39	15
65	7	39	88	61	69
60	53	33	75	74	38
80	55	94	37	41	99
75	79	89	94	35	54
45	66	12	34	2	99
58	5	92	57	31	18
54	33	56	38	8	81
33	80	94	33	33	38
26	75	56	1	87	41
83	10	21	10	10	87
47	19	35	45	61	93
94	1	31	54	69	88
48	23	48	48	26	37
37	98	64	45	14	17
24	51	36	26	87	61
10	97	42	31	60	36
20	74	54	37	57	6
10	6	23	43	19	43
39	37	66	79	59	43
6	62	11	10	17	48
64	98	9	53	99	23
35	92	24	20	20	20
45	33	65	94	81	89
28	47	47	67	37	47
47	93	53	75	55	5
76	35	82	35	10	58
9	90	70	9	41	9
38	84	23	38	68	38
66	4	28	57	41	53
82	72	26	65	5	74
32	32	23	32	28	20
60	16	77	36	42	2
2	93	65	24	18	62
38	18	38	38	86	61
6	7	7	69	7	55
78	77	26	3	3	3
26	44	44	44	68	55
21	85	57	29	6	22
86	58	98	44	87	4
42	32	54	96	54	98
32	52	15	42	20	20
19	16	70	99	29	38
97	90	64	25	63	77
40	40	99	40	54	79
18	31	31	64	63	31
91	63	23	88	75	75
92	5	56	61	42	78
45	43	63	67	20	66
32	32	27	30	32	81
42	42	92	39	41	42
33	30	82	33	74	33
29	29	30	29	99	19
20	4	93	7	60	83
7	87	89	78	99	32
76	87	38	78	7	15
53	93	8	25	79	67
92	10	40	4	15	53
52	58	63	61	81	79
44	68	37	61	9	55
30	8	17	74	78	97
75	24	36	16	90	19
29	24	72	86	66	80
24	27	38	63	100	73
93	67	62	32	27	50
31	28	25	71	38	86
41	80	25	30	13	5
90	88	67	76	23	79
66	43	44	18	5	43
4	82	82	94	75	30
16	64	16	37	96	16
94	41	68	55	72	91
51	30	30	91	29	30
16	8	8	80	22	8
46	83	46	98	67	46
36	16	36	80	36	54
63	47	14	47	47	27
1	1	99	9	1	59
5	92	21	76	20	91
90	89	33	98	85	88
17	33	3	98	56	60
7	7	13	81	53	89
87	36	77	18	36	36
98	80	52	53	10	90
100	81	16	83	10	64
55	76	25	80	27	68
24	24	77	24	61	47
88	5	15	54	15	15
22	53	5	72	90	95
81	59	13	13	69	13
10	41	64	70	41	41
2	15	54	57	80	95
87	67	39	12	57	59
85	4	90	81	11	48
95	86	14	49	24	34
39	22	90	39	12	39
81	100	84	22	22	22
61	83	76	28	58	30
2	2	31	35	2	64
44	63	22	100	60	72
100	53	44	36	31	2
58	32	16	11	43	88
48	11	51	10	32	33
46	63	57	39	68	38
17	13	11	51	19	100
24	38	73	54	49	8
21	23	15	36	100	18
38	85	31	38	6	38
35	13	29	3	22	2
43	81	60	38	88	65
69	22	60	55	81	64
36	81	18	97	73	2
39	55	66	96	69	87
16	55	19	35	66	69
45	51	48	24	51	9
41	64	33	4	54	12
11	58	70	17	4	53
51	43	69	50	19	40
27	9	11	11	36	11
75	38	63	73	38	38
68	20	58	86	26	51
5	95	11	7	58	88
15	80	56	31	9	82
5	51	25	5	4	5
90	58	34	14	75	45
28	28	70	74	22	28
83	45	82	15	45	68
43	82	34	83	32	62
50	23	25	93	25	25
49	48	45	90	48	48
64	56	61	88	40	1
35	51	35	35	93	12
83	54	98	20	1	8
76	1	53	95	1	1
100	74	86	69	43	89
71	32	72	87	26	28
2	92	2	69	3	2
71	72	55	94	26	14
80	96	41	72	32	76
30	78	20	96	27	48
48	96	6	48	93	48
77	86	10	31	85	27
19	98	43	63	68	83
82	26	99	79	17	31
19	23	24	81	96	68
30	30	30	6	13	77
43	35	58	43	26	43
35	96	59	2	35	68
45	4	45	22	45	6
69	3	9	9	9	63
86	89	87	62	31	29
66	14	14	13	28	14
82	93	97	83	75	40
17	36	74	62	84	58
20	87	45	49	42	27
19	9	80	33	39	54
20	51	99	57	100	70
23	60	74	35	67	32
58	49	17	52	61	58
78	54	94	8	6	76
8	72	17	100	4	83
66	77	86	57	34	79
50	83	19	20	40	53
66	73	8	8	56	8
14	90	77	37	87	22
73	20	61	4	85	74
45	31	79	95	14	8
47	25	4	65	66	62
2	2	20	2	30	34
25	84	7	43	57	11
13	13	15	30	89	13
70	65	10	48	72	28
49	34	49	49	33	76
16	66	16	35	53	28
61	4	58	71	73	20
84	52	47	30	1	23
60	48	21	51	5	99
98	74	4	17	95	63
88	75	75	82	26	54
17	64	43	48	48	48
96	84	59	71	64	70
13	15	56	49	99	76
5	46	2	60	5	5
65	18	70	37	25	21
87	15	35	36	15	15
85	77	31	41	35	56
65	49	16	40	37	49
7	95	78	97	45	86
47	11	15	61	2	27
91	97	30	19	73	85
44	76	22	71	10	84
49	18	65	43	68	100
30	30	30	12	52	65
19	76	57	59	5	92
41	90	18	39	13	92
38	58	38	10	38	5
91	85	48	81	58	63
61	77	58	71	36	75
17	80	29	62	48	62
18	71	51	18	18	55
77	65	73	46	46	46
92	13	98	69	37	87
40	17	29	6	40	40
73	56	60	65	82	32
57	52	31	31	31	39
22	65	45	22	7	22
38	38	84	92	80	38
67	39	100	42	88	6
53	86	39	50	53	1
28	62	80	50	54	85
3	14	20	92	57	13
33	96	69	94	40	12
81	71	45	55	46	2
24	10	16	58	24	24
94	8	2	32	22	82
100	27	45	93	16	74
32	54	52	32	61	32
95	2	38	78	64	78
51	61	43	17	83	7
52	48	12	41	91	30
59	32	74	33	98	70
53	99	73	16	79	27
31	31	31	76	52	44
50	6	6	6	87	43
64	44	53	31	44	44
16	40	16	5	31	95
38	19	98	37	79	41
51	44	42	72	44	44
31	15	56	91	34	99
87	49	7	55	9	44
96	67	5	47	63	49
15	100	53	93	55	77
66	36	26	26	26	98
100	59	17	50	21	67
23	23	23	90	16	54
92	78	85	80	18	34
74	32	14	31	77	71
74	51	12	80	94	17
1	48	1	65	1	29
63	90	6	58	16	8
17	83	25	96	27	78
78	9	59	8	26	44
2	14	48	88	86	77
23	18	93	23	2	23
35	46	55	19	11	59
78	32	4	49	63	11
70	31	66	43	21	42
31	34	55	34	76	34
95	88	21	21	65	21
20	47	17	76	57	69
27	20	36	34	73	21
100	17	15	17	64	24
80	43	14	43	43	5
82	42	42	48	42	47
72	13	96	66	36	40
19	66	19	17	82	19
71	17	17	97	17	60
4	90	63	82	28	25
66	21	21	45	21	2
97	36	58	96	40	95
58	19	31	37	88	52
17	37	35	17	85	17
22	6	12	98	1	8
46	46	2	46	51	41
81	8	11	19	24	37
15	73	91	83	38	62
87	43	24	62	45	4
84	20	74	54	69	65
55	63	95	12	80	93
68	76	5	9	5	5
26	95	67	53	79	13
96	85	89	95	61	88
37	30	56	30	93	30
35	22	2	8	8	20
72	51	52	9	9	9
84	92	13	40	88	30
91	94	4	28	14	66
20	13	20	20	10	69
34	74	78	73	60	90
45	51	77	35	75	97
24	80	14	47	4	14
4	66	4	54	36	4
9	15	69	6	37	63
86	67	37	70	18	45
78	68	84	44	93	45
38	68	55	10	45	62
64	48	34	91	87	27
55	50	26	77	99	72
71	34	40	73	91	2
3	11	5	92	40	97
96	13	20	72	33	27
9	39	53	3	9	9
66	85	56	36	52	94
99	94	53	21	73	8
19	59	19	55	58	2
83	24	84	93	24	24
6	6	69	25	6	58
39	34	3	81	7	8
57	34	88	58	56	45
89	56	76	72	65	95
41	45	20	55	65	74
60	2	8	74	34	45
24	23	10	23	23	45
35	64	66	72	57	60
66	60	100	14	72	60
45	29	16	93	84	12
23	46	89	76	24	68
79	70	93	63	57	51
12	64	74	85	62	63
50	77	16	38	98	13
51	38	11	16	61	87
38	38	20	38	2	19
70	10	100	32	56	81
42	13	42	76	5	42
82	78	48	94	25	31
2	13	67	13	13	7
78	52	35	10	21	10
85	57	26	32	100	33
58	18	56	93	35	65
32	32	32	12	72	51
44	14	49	58	77	38
57	20	80	10	19	58
5	72	42	4	56	49
61	73	19	61	59	88
37	22	92	63	65	48
66	4	4	39	4	13
45	70	92	84	69	2
93	86	93	100	83	32
41	91	69	73	76	52
16	26	58	16	16	67
98	47	39	15	66	27
10	19	83	88	17	35
10	87	97	65	35	21
4	54	98	89	52	75
77	57	45	45	45	79
39	32	74	83	2	40
18	60	47	1	10	26
98	4	94	78	64	59
53	88	53	6	39	69
80	7	87	13	32	70
50	50	38	67	86	50
16	24	56	44	24	94
94	34	63	59	19	15
4	14	69	93	13	68
34	65	44	92	30	58
48	68	86	88	19	47
40	40	40	97	79	63
39	82	76	19	47	65
39	60	11	52	20	7
79	45	53	89	74	60
48	64	48	23	94	48
2	54	11	100	83	40
15	74	13	79	78	51
2	97	27	43	56	72
52	38	74	99	38	38
56	43	9	40	55	56
56	22	57	94	90	100
73	74	15	62	64	29
5	82	5	69	84	5
42	92	38	80	82	6
38	99	55	67	68	30
77	92	6	46	20	89
25	31	51	35	61	10
82	22	73	100	89	71
15	15	45	15	17	46
54	30	39	44	73	71
2	59	70	8	100	28
72	47	84	32	28	50
31	23	50	94	59	42
49	49	10	91	49	51
16	99	61	45	77	87
15	61	15	90	15	5
76	41	56	48	59	82
13	98	79	3	58	27
16	94	72	51	16	16
27	16	19	16	16	41
28	28	34	28	15	96
18	27	54	33	34	36
2	72	18	31	65	37
50	50	79	49	50	44
89	57	20	20	39	41
28	5	28	69	28	2
73	36	65	65	73	37
15	21	71	35	2	55
28	70	18	71	4	52
75	8	10	38	86	7
93	53	46	46	52	46
32	94	29	70	70	62
23	19	86	83	51	80
47	64	83	28	86	40
8	61	54	77	69	64
85	83	45	31	90	37
8	48	76	86	76	59
91	4	94	99	34	17
35	31	29	38	31	31
95	44	3	32	24	69
51	40	20	95	17	94
97	5	84	91	94	69
5	5	5	52	8	100
37	34	20	48	89	48
15	58	93	44	57	70
36	47	9	16	36	36
32	4	68	32	32	83
12	57	23	93	69	64
11	11	42	11	3	78
44	64	27	24	35	37
43	75	63	59	14	26
64	82	18	75	45	92
36	93	54	39	33	83
14	99	1	43	82	5
21	44	56	4	51	88
79	69	57	81	54	35
32	66	98	61	56	25
58	4	5	42	72	47
17	44	52	10	55	90
48	49	16	43	4	6
2	48	94	37	80	87
90	29	45	45	88	45
56	45	31	36	72	37
35	14	31	66	9	11
5	48	2	9	10	49
13	14	87	3	95	85
45	57	33	74	40	91
10	43	42	26	8	6
74	92	38	49	13	73
8	8	45	8	82	84
5	28	77	42	92	70
99	18	56	54	45	51
2	2	2	88	81	96
38	40	45	40	40	1
9	7	89	65	7	7
35	35	35	33	10	64
72	30	93	30	30	78
33	54	97	20	38	46
42	95	42	87	95	1
7	34	69	77	60	80
81	55	6	23	23	23
86	10	1	1	5	1
74	44	41	93	53	15
3	24	91	3	3	64
88	38	38	42	8	94
35	72	28	44	86	51
4	4	41	4	58	12
42	26	44	88	85	40
76	6	4	45	9	32
17	34	67	60	78	92
35	56	96	43	70	15
5	32	68	49	64	96
9	7	34	90	81	17
86	13	61	21	72	93
18	80	85	18	18	28
41	80	46	31	94	34
2	72	78	75	55	53
26	44	32	31	51	78
93	72	52	43	43	43
21	25	32	77	59	28
21	20	33	21	5	21
96	78	17	74	74	7
85	61	3	93	3	3
36	34	56	7	28	41
3	3	37	78	56	3
48	48	48	31	29	28
66	94	46	51	29	71
30	41	17	22	22	22
51	88	83	21	24	15
89	74	92	11	81	52
28	65	28	88	28	13
99	39	86	39	12	46
30	14	14	14	78	2
21	4	74	85	38	13
73	86	58	28	3	28
29	69	16	16	91	16
95	47	13	62	32	32
48	100	53	90	32	78
27	94	45	26	35	59
77	12	50	46	65	65
76	4	82	42	36	93
73	8	8	8	60	31
99	63	28	28	5	28
29	77	46	55	47	93
76	33	93	79	29	12
22	24	49	49	49	27
2	62	36	80	16	62
7	39	71	85	9	59
36	24	81	36	36	15
6	29	65	45	77	89
42	23	42	22	42	34
33	37	84	60	33	33
48	95	48	48	39	58
11	20	10	89	41	3
59	23	79	38	38	38
40	85	29	42	71	16
42	65	91	40	2	45
23	70	23	34	23	84
32	32	83	32	51	76
39	90	63	41	91	16
69	39	81	93	71	8
41	31	64	97	44	21
40	17	5	16	81	37
52	62	76	10	47	97
85	28	91	28	11	28
43	42	72	38	98	21
20	77	24	9	87	63
24	70	50	44	65	79
70	90	21	66	46	62
45	73	81	65	37	83
45	95	59	37	50	52
4	36	91	15	35	16
61	79	65	33	100	78
23	74	85	58	3	25
27	27	98	80	92	27
84	100	43	86	45	65
58	44	39	44	44	92
45	45	17	45	44	76
87	22	83	59	89	37
44	79	41	61	20	18
96	57	36	36	36	88
80	94	39	65	16	63
62	21	6	18	25	52
18	55	58	92	44	83
63	9	17	9	33	42
92	21	22	43	16	76
48	30	85	16	48	48
13	28	99	4	40	100
76	94	9	80	17	88
25	30	12	65	71	53
90	23	37	77	98	98
22	47	29	38	47	47
37	48	21	17	51	76
96	29	72	66	52	6
88	30	59	9	27	81
51	40	57	25	93	93
47	7	90	96	83	42
8	83	100	21	93	15
26	37	51	1	50	13
45	67	57	49	45	45
59	71	18	81	96	23
99	8	17	41	78	95
89	54	77	94	29	60
95	49	49	49	5	72
48	85	35	87	11	98
34	95	96	36	36	36
98	27	81	72	50	37
68	82	75	92	17	8
4	81	4	4	12	92
89	100	26	92	20	84
45	49	6	27	63	25
100	84	11	79	50	40
98	72	65	49	36	59
80	69	23	52	25	97
17	25	49	76	17	17
5	24	34	93	71	28
90	4	53	11	11	72
8	45	24	46	22	29
16	98	9	32	34	59
53	77	24	87	12	2
87	77	55	29	25	77
66	77	61	32	75	10
86	68	54	68	80	59
37	16	24	96	16	16
73	13	11	18	100	81
24	77	24	66	27	24
70	1	88	34	34	34
7	83	7	7	85	22
29	54	42	42	42	67
29	29	99	37	29	88
10	84	5	60	75	47
16	21	16	28	86	16
30	69	53	27	31	1
5	7	44	27	60	9
71	5	5	5	44	66
28	22	95	66	22	22
55	30	74	65	72	46
75	30	95	87	95	47
89	2	2	30	61	2
8	6	8	72	50	8
46	63	46	46	96	28
87	46	72	85	83	98
30	84	66	50	43	82
70	17	63	77	42	96
52	36	32	68	52	76
84	83	88	67	66	22
63	58	63	40	58	15
46	46	46	70	80	84
24	24	38	48	65	100
94	61	61	62	17	91
62	67	98	43	72	90
91	5	19	5	22	5
97	4	28	85	15	59
1	44	10	15	55	76
88	51	60	48	56	36
35	11	75	28	35	35
80	46	2	95	59	93
99	75	78	3	28	59
92	89	37	69	15	60
46	9	70	42	10	15
45	11	45	42	45	6
91	59	24	63	37	10
73	88	88	5	73	82
28	6	67	34	18	79
41	7	59	24	9	32
38	4	48	38	31	38
92	54	83	4	89	7
35	78	26	80	42	9
43	15	53	83	15	15
82	52	17	80	54	17
38	50	81	12	50	50
20	41	99	65	96	98
40	45	90	81	29	71
13	13	23	33	13	58
1	1	52	10	41	1
80	56	21	43	89	63
64	92	66	80	76	64
51	92	64	80	23	55
22	7	35	28	63	22
92	11	11	20	11	61
56	22	20	18	18	18
31	86	60	14	43	15
28	24	48	16	80	78
55	43	25	21	31	33
98	11	7	42	87	62
9	24	18	4	8	72
98	33	29	43	1	90
63	6	18	84	39	91
49	31	19	3	65	65
94	96	56	76	32	50
21	21	30	40	38	21
27	61	11	42	93	1
74	20	50	59	20	20
27	49	78	96	49	49
91	28	33	15	15	15
69	36	18	18	2	10
45	92	64	45	53	45
90	6	59	69	28	93
72	69	31	5	76	60
61	42	91	37	47	59
20	18	77	24	30	1
26	26	36	14	57	26
75	49	13	27	94	96
4	26	78	2	57	73
24	19	86	81	23	75
2	1	7	57	13	96
17	16	32	48	40	11
13	66	100	43	14	30
41	23	23	23	26	5
21	56	37	9	18	46
52	10	77	45	45	45
75	43	29	93	32	48
20	90	46	92	2	70
16	39	100	64	43	28
17	54	27	47	47	47
88	4	35	8	32	93
15	15	15	4	52	65
43	39	39	91	39	16
30	35	99	99	99	4
79	19	52	83	59	24
60	14	27	32	3	92
62	34	34	15	34	72
60	71	24	8	57	94
6	62	34	6	4	71
17	17	40	84	17	71
1	28	28	28	44	63
8	57	58	7	23	37
71	68	62	37	69	43
82	95	25	48	40	37
20	7	96	43	64	98
77	99	54	62	88	30
91	3	90	4	91	36
82	87	29	57	19	39
27	5	41	69	20	97
7	22	6	62	71	94
61	88	24	31	89	36
24	62	29	8	24	41
78	83	78	60	99	47
16	67	16	25	16	24
6	1	12	47	22	76
78	73	22	86	93	90
48	31	45	92	48	48
92	4	17	17	36	42
18	81	26	56	48	57
88	31	35	3	34	36
71	27	96	28	49	8
75	16	72	49	95	19
65	79	38	18	18	17
20	9	38	57	9	9
35	50	79	12	25	69
7	19	44	74	74	67
85	53	77	9	66	27
49	29	95	1	90	20
22	4	22	22	75	3
98	4	2	44	31	47
15	15	15	64	31	91
55	80	75	44	57	25
31	9	47	47	27	47
81	86	5	69	53	86
38	38	38	41	81	54
59	64	42	48	48	48
37	95	41	9	51	30
69	48	42	41	91	30
80	9	97	34	34	34
32	62	2	91	28	33
20	22	20	25	46	20
1	32	32	58	32	19
19	21	19	80	19	70
10	40	73	53	18	33
80	18	53	48	31	61
12	66	95	18	99	63
63	36	34	36	4	36
83	2	87	12	59	85
85	49	11	78	44	20
97	6	92	20	98	84
25	19	61	5	69	98
84	90	66	27	23	42
74	2	44	36	56	100
63	37	34	31	16	55
28	66	27	48	72	29
48	90	63	45	27	42
5	36	36	75	67	36
77	85	19	4	58	82
25	14	47	23	47	47
45	71	65	30	5	19
85	68	30	36	72	69
20	90	13	17	39	37
88	62	32	34	97	33
37	82	87	78	25	6
13	69	40	88	78	7
40	51	49	49	49	100
10	34	9	20	56	43
40	11	65	63	79	73
38	23	80	34	57	65
28	86	82	28	19	28
8	81	59	45	79	27
80	10	44	54	10	10
12	48	12	22	12	15
93	93	33	85	35	53
46	97	37	39	12	66
13	13	8	10	79	13
33	40	31	88	39	9
99	43	33	73	66	57
11	10	6	11	49	11
85	60	11	13	2	68
28	26	26	83	53	26
4	97	31	53	14	64
9	80	83	16	77	26
89	42	6	28	58	35
7	47	7	7	36	81
40	71	71	57	52	59
48	48	62	9	68	48
35	79	54	73	26	84
11	39	71	11	11	5
55	68	97	68	37	6
1	1	40	51	1	54
82	21	21	19	21	37
47	58	24	51	23	16
11	41	12	20	81	97
33	85	35	15	73	79
66	34	8	49	22	3
33	7	33	66	33	78
54	31	44	59	55	90
41	34	30	53	27	14
30	30	7	30	9	48
1	24	100	1	85	20
49	9	32	74	74	64
65	18	21	10	31	58
9	9	9	75	29	10
35	62	86	35	95	35
95	28	72	47	77	99
22	7	7	72	71	7
35	33	52	79	13	30
13	29	52	36	29	29
59	12	51	3	36	87
18	2	95	3	41	21
23	15	15	16	67	50
64	38	90	79	54	35
39	36	90	67	89	23
83	74	99	8	80	64
29	38	38	97	38	57
37	62	6	34	56	40
15	29	69	36	19	58
4	57	32	40	37	16
57	65	67	33	70	97
64	83	56	93	26	80
50	7	50	17	55	50
78	96	69	86	37	73
91	39	32	36	2	62
49	49	83	86	48	49
66	16	38	67	71	24
15	89	26	35	73	58
29	83	90	96	43	38
44	99	33	46	41	31
31	12	31	43	31	69
49	26	26	72	36	26
4	84	25	1	72	38
6	24	24	17	44	24
11	23	96	53	3	27
50	92	89	24	90	100
80	31	12	11	58	48
84	34	4	93	90	20
84	41	70	37	46	25
41	91	66	97	74	69
64	24	32	97	20	73
33	26	84	66	71	61
30	61	20	94	43	72
35	44	16	29	86	71
31	48	50	27	27	27
31	35	48	56	53	86
61	70	88	59	15	75
7	74	57	8	65	21
9	49	50	35	49	49
65	85	88	2	61	98
85	84	3	43	98	58
87	84	53	44	41	20
87	42	68	42	42	37
37	49	51	59	61	26
85	6	44	42	21	94
7	73	72	30	70	20
100	78	58	10	84	2
18	18	34	18	41	37
74	39	29	97	55	86
47	42	31	55	84	6
5	53	83	52	97	1
6	43	75	22	100	53
46	17	43	43	89	43
44	13	29	48	17	94
43	67	89	18	72	17
74	63	9	68	59	35
48	38	53	51	34	74
22	79	51	71	44	43
14	17	74	17	29	17
67	71	82	92	24	47
95	68	28	8	65	30
32	49	35	41	96	14
32	39	66	77	32	44
64	20	100	28	15	37
19	36	19	19	5	15
36	22	22	70	31	22
37	10	63	21	90	76
13	52	17	95	13	13
24	27	72	27	27	43
89	12	81	86	27	3
85	4	51	21	28	18
39	6	6	81	72	6
4	4	4	83	50	52
51	30	63	68	5	13
71	9	52	5	99	99
37	43	72	94	84	47
56	38	40	9	7	9
59	97	62	59	27	6
44	13	52	44	69	44
30	48	12	94	22	90
15	75	89	54	66	36
13	47	53	38	35	80
72	39	51	90	24	64
3	67	3	54	3	63
92	32	32	54	32	5
44	96	57	17	77	47
5	25	25	25	34	26
5	53	35	35	35	55
22	78	100	23	76	76
35	34	96	39	47	40
27	79	42	62	27	27
54	89	22	68	70	19
2	35	94	70	14	47
94	96	27	13	63	23
37	1	69	100	37	37
68	10	19	71	63	97
11	76	87	67	18	24
37	10	54	95	88	58
22	16	51	28	98	5
96	17	94	82	60	53
15	95	29	97	59	36
56	15	15	90	15	61
26	98	4	94	87	91
11	58	29	29	29	89
39	22	57	23	64	89
63	24	93	48	26	68
37	39	94	40	12	29
58	26	61	25	25	25
84	60	50	92	50	50
1	30	90	62	11	37
58	46	46	53	46	36
16	93	1	1	9	26
48	24	14	7	14	14
63	10	39	39	75	57
2	62	67	12	2	79
78	54	86	72	39	36
14	44	67	80	12	11
78	6	56	9	42	98
83	28	28	34	2	45
34	37	55	16	65	25
48	18	48	3	75	48
13	13	13	77	44	63
35	56	42	89	31	89
19	69	19	90	94	19
13	93	17	38	21	42
16	41	45	84	64	64
6	66	72	39	62	93
1	30	37	66	95	43
93	16	89	11	59	44
69	39	89	95	61	16
96	29	59	36	41	4
92	91	35	24	57	28
70	78	18	87	11	79
19	98	54	66	76	89
63	27	68	11	34	57
17	68	58	67	34	33
49	63	77	100	65	47
8	52	39	93	33	67
49	62	32	12	73	18
44	19	44	28	89	22
76	41	91	29	37	54
30	78	71	36	30	30
80	44	7	90	22	50
19	62	61	83	28	54
87	44	27	65	49	82
52	28	3	47	78	50
29	4	38	8	27	94
20	20	20	65	50	87
43	21	68	80	53	60
26	60	12	24	29	34
48	25	87	48	49	48
48	75	22	14	22	22
36	56	38	12	26	64
48	17	17	24	12	17
45	99	6	95	28	57
36	5	36	36	64	18
7	60	84	61	52	77
52	29	66	91	81	8
60	83	47	74	28	65
72	7	61	33	26	36
61	82	35	15	23	17
73	9	57	82	37	25
89	43	41	13	43	58
91	73	64	63	29	93
2	42	63	2	12	2
84	3	74	38	54	55
36	28	92	36	60	36
12	27	59	88	25	19
69	93	37	96	7	9
58	18	55	39	47	24
7	7	51	25	7	38
78	17	17	58	100	17
75	20	72	18	20	20
12	50	12	67	12	4
27	27	95	27	83	94
42	37	52	59	37	37
11	36	39	41	67	90
4	82	43	72	4	4
54	53	70	55	80	74
39	50	45	62	5	100
97	51	19	34	49	20
70	36	7	52	34	91
44	1	35	75	88	62
5	5	36	5	33	9
57	7	89	7	78	7
79	79	77	83	53	91
74	70	20	93	15	94
71	99	41	75	35	64
40	4	67	71	66	17
10	72	99	33	96	70
76	43	30	35	20	61
65	46	25	44	34	3
20	20	35	20	58	60
10	88	46	11	17	46
11	81	36	11	11	67
38	1	78	97	45	3
6	26	74	26	80	26
34	42	26	5	7	27
13	26	60	48	13	100
2	2	55	64	58	2
11	45	93	42	23	13
81	60	32	32	7	32
22	64	11	68	92	48
30	6	30	30	63	64
22	11	11	11	46	95
40	21	26	77	9	97
88	80	85	14	71	69
89	91	95	34	94	53
6	43	43	31	58	13
91	25	39	76	63	93
1	1	85	1	33	83
20	56	70	51	2	61
54	13	23	91	9	10
58	43	49	96	47	57
90	4	21	21	36	21
99	55	8	8	8	26
81	95	77	43	25	2
45	25	67	45	52	45
8	36	23	21	83	60
38	38	49	38	74	56
65	84	30	9	52	2
85	98	15	98	54	19
45	63	41	55	95	2
66	60	92	73	80	81
19	27	14	24	73	60
77	30	50	50	12	50
66	44	44	44	41	17
40	3	5	15	40	40
69	6	69	72	23	14
10	73	46	10	10	65
45	45	73	49	91	45
46	19	44	27	12	52
28	81	54	58	91	44
10	90	2	10	93	10
71	59	49	49	70	49
7	28	100	82	45	94
26	28	79	20	4	43
15	81	2	60	5	65
13	49	16	1	9	68
21	53	46	78	61	45
42	44	44	76	44	6
90	52	54	2	4	85
72	22	78	35	2	91
53	11	11	20	18	11
72	64	79	39	90	75
30	75	91	43	82	13
7	8	23	41	75	31
14	14	34	31	9	89
100	29	7	17	43	59
24	15	98	82	61	27
4	16	66	13	62	96
36	55	18	1	52	19
64	80	97	61	3	27
7	96	4	61	96	39
13	45	27	89	45	45
54	70	24	90	13	70
100	10	19	26	78	12
12	57	10	8	38	47
16	16	46	53	92	16
93	99	67	6	47	96
45	27	61	62	45	45
19	38	97	83	67	35
61	12	44	14	1	2
6	50	42	19	19	19
28	13	53	54	61	89
49	28	60	52	87	86
70	88	51	49	38	44
95	84	55	76	68	98
46	53	9	9	9	16
92	8	73	59	85	72
32	9	9	59	9	69
43	24	17	8	86	48
65	38	1	1	86	1
79	22	67	44	55	74
57	50	70	43	2	92
22	88	20	25	33	91
37	76	48	75	43	80
19	58	90	7	12	19
60	76	58	43	60	9
87	2	89	2	2	73
18	12	67	88	14	48
25	68	96	93	36	96
14	74	3	15	87	66
30	26	67	69	26	26
61	25	25	25	93	88
58	27	48	85	5	99
13	58	12	22	73	50
65	100	82	61	37	6
11	97	11	63	11	96
40	9	13	80	23	41
23	37	23	75	23	36
71	5	29	2	13	17
15	54	61	15	72	15
31	92	66	34	79	76
82	80	44	19	89	17
81	84	26	80	97	61
69	55	18	7	68	93
64	72	22	50	81	26
53	82	85	66	89	80
34	5	34	22	34	51
75	18	6	29	77	98
86	59	84	37	88	49
71	67	67	55	64	74
43	43	43	22	37	8
3	3	8	3	64	97
97	85	40	26	78	69
39	15	96	68	31	64
43	54	50	3	68	84
42	8	24	42	85	42
9	75	9	9	74	32
34	9	9	90	27	9
90	46	35	63	13	40
36	80	67	84	72	18
7	72	7	14	58	7
7	97	54	12	28	12
73	79	2	2	2	21
46	95	54	27	51	80
42	97	12	90	9	43
50	50	50	64	76	54
45	38	45	3	45	11
40	3	9	9	9	99
73	10	85	91	20	95
54	50	36	99	2	77
90	51	2	61	34	50
30	30	30	98	17	8
59	23	23	39	94	23
6	20	10	72	87	97
65	25	99	53	60	95
12	55	7	16	35	26
74	77	93	67	23	27
85	23	94	72	13	3
45	38	38	38	68	23
7	6	87	42	85	30
63	83	11	95	37	82
41	89	41	41	55	58
95	69	97	88	57	53
35	35	35	43	3	28
50	15	7	17	63	97
45	22	91	20	54	63
56	84	23	2	2	2
88	86	47	19	47	47
61	10	42	14	78	1
71	62	2	2	9	97
73	16	8	17	17	17
2	90	97	2	65	2
91	18	50	3	14	66
40	42	42	35	77	42
68	66	12	26	74	59
41	41	16	52	41	54
51	4	4	4	21	85
32	11	29	53	11	11
22	58	46	41	14	84
45	24	33	84	33	33
85	63	41	64	17	20
44	14	13	13	13	96
57	26	19	89	53	55
46	66	46	46	94	41
22	86	38	51	11	39
16	31	99	10	24	36
88	62	89	24	91	5
8	8	69	87	11	8
93	6	17	29	83	72
77	70	26	34	69	70
37	40	61	63	74	3
54	53	19	69	19	19
59	17	79	97	60	44
15	25	66	35	97	36
70	57	65	97	5	56
3	40	15	36	3	3
24	48	53	44	55	7
9	64	90	27	46	79
3	99	49	3	3	41
73	11	4	69	44	38
91	60	61	1	64	83
36	81	50	32	50	94
87	5	55	54	55	2
71	3	46	79	46	46
60	63	3	37	51	54
70	90	45	45	98	8
23	81	15	70	42	6
96	78	73	89	22	48
18	67	63	73	11	53
77	4	81	22	85	17
38	92	100	49	28	65
96	15	89	46	14	60
34	39	45	45	61	45
3	1	3	37	3	24
75	6	67	28	91	5
14	47	83	76	8	78
28	5	93	36	83	13
45	45	91	45	2	100
64	38	89	11	21	26
67	18	23	13	56	59
50	17	21	50	50	62
32	73	87	30	24	9
8	97	18	100	75	94
29	52	9	14	68	37
90	39	22	20	22	22
65	13	46	76	69	41
29	23	32	72	29	29
60	69	92	36	35	65
80	51	42	59	42	42
3	99	75	24	56	82
31	31	84	31	93	28
11	79	33	33	33	20
33	89	21	21	21	94
75	24	66	88	24	10
59	9	3	3	63	3
24	7	23	56	100	31
73	46	31	47	75	56
36	50	75	67	98	18
5	3	3	3	95	13
59	44	26	44	44	74
46	27	91	76	45	38
56	4	66	53	96	36
54	41	84	52	43	69
11	21	14	11	11	65
76	35	11	97	29	68
47	51	86	47	85	66
20	14	28	39	21	32
48	17	32	8	58	71
17	86	81	46	79	23
23	90	15	51	55	2
91	55	51	31	32	64
8	40	8	8	2	44
89	27	62	31	57	12
57	22	31	1	90	78
25	30	38	56	97	71
37	37	89	30	12	37
19	64	54	55	10	46
47	10	4	47	25	47
44	75	38	15	45	26
88	54	21	21	21	58
6	18	25	25	25	50
87	45	6	89	20	73
8	4	8	83	53	41
52	9	77	84	11	63
39	2	36	36	3	25
78	28	97	66	17	36
68	45	49	12	43	64
58	10	64	21	21	21
69	100	9	50	53	91
33	55	33	33	1	37
9	46	46	62	46	51
38	52	20	36	36	36
3	34	81	58	79	16
22	66	27	62	74	33
38	72	4	15	84	91
89	78	91	76	49	91
35	35	96	35	94	47
40	40	40	64	45	41
75	85	13	71	10	30
64	10	52	97	17	32
45	49	49	53	49	71
9	20	50	96	30	41
89	21	30	21	46	21
12	15	56	53	8	8
77	27	27	9	27	60
99	33	42	94	56	91
21	21	91	21	80	78
96	17	29	26	19	89
35	82	63	35	35	78
51	53	5	5	5	59
56	32	85	68	32	32
40	36	40	40	41	26
94	83	8	54	8	8
48	80	14	87	91	49
46	46	59	46	11	41
75	22	80	14	14	14
49	8	37	14	8	8
44	27	56	38	23	11
40	98	48	30	83	13
87	52	35	63	33	3
59	95	40	40	40	38
60	50	86	36	54	7
76	52	36	62	7	27
31	55	2	12	67	36
68	12	70	50	41	46
44	23	10	19	23	23
27	13	26	51	27	27
71	19	39	19	19	35
32	62	13	74	66	62
75	40	87	39	5	74
69	41	88	81	82	11
86	95	11	35	30	41
20	53	20	80	20	35
39	18	82	55	13	1
57	90	95	55	81	16
58	49	52	34	46	12
19	64	56	99	96	4
85	35	73	90	58	46
98	50	50	44	29	50
82	28	41	41	92	14
59	100	2	48	96	34
85	26	22	28	40	15
29	63	36	22	59	97
81	58	91	51	52	83
10	8	10	10	30	48
10	96	4	92	27	95
21	98	21	65	21	3
19	74	32	51	96	60
56	92	20	20	44	20
2	18	2	24	99	2
55	56	95	51	11	32
21	19	9	21	56	21
50	73	28	35	28	28
85	17	8	2	2	44
44	10	44	8	34	44
49	33	85	33	33	2
48	24	46	46	46	72
28	29	38	2	25	73
42	53	77	52	14	56
78	61	89	36	81	92
36	54	30	32	12	65
7	39	44	44	44	35
49	10	86	56	95	88
39	9	99	29	99	84
42	8	48	42	42	66
53	36	17	29	4	85
35	62	35	35	10	52
46	86	94	11	10	41
42	26	19	42	22	2
27	28	34	27	55	25
24	91	24	24	48	13
40	37	82	37	37	38
7	33	32	47	100	43
25	98	30	30	5	30
56	73	100	13	75	88
3	96	7	87	78	14
39	39	11	39	12	6
80	25	41	44	4	47
9	28	9	9	54	57
80	17	88	91	16	70
26	35	37	35	9	35
100	75	1	20	67	56
30	89	76	72	75	83
19	98	75	59	36	38
51	24	52	58	32	82
73	11	49	80	93	20
87	99	23	53	6	51
29	6	5	69	45	61
18	43	45	75	39	58
75	96	76	49	42	69
60	17	73	78	80	30
15	42	43	16	19	14
10	12	66	92	42	12
65	27	71	15	48	100
13	22	43	17	67	65
86	8	27	80	29	48
11	41	43	56	44	33
28	82	27	36	27	27
1	28	28	59	28	41
18	15	51	4	18	18
92	79	32	55	90	99
25	81	25	58	25	37
83	18	96	47	36	68
50	40	19	50	4	50
48	67	48	53	48	100
73	96	42	73	95	23
47	76	87	23	49	99
92	19	13	48	43	23
24	80	60	24	71	69
64	19	68	40	41	58
20	54	89	20	20	10
36	81	23	23	78	23
9	9	87	9	59	62
39	36	63	29	36	90
61	63	74	27	35	96
10	10	79	10	63	86
49	46	32	22	75	65
63	70	53	10	64	80
45	26	45	45	56	20
8	75	42	8	8	45
88	36	43	14	7	9
59	71	92	65	29	63
67	15	15	86	69	15
20	40	12	60	46	27
39	52	13	92	94	98
2	7	41	9	2	2
56	9	70	9	9	80
26	15	15	15	33	93
24	39	55	22	55	98
79	16	16	3	16	17
18	98	18	56	18	24
51	54	13	55	10	26
36	24	65	81	77	44
60	15	80	91	100	57
98	97	52	67	13	21
30	17	54	43	11	40
83	36	36	43	94	36
62	72	17	83	17	17
74	26	43	38	38	55
54	82	69	77	71	81
5	49	42	15	30	86
21	90	73	45	60	1
62	80	66	20	54	37
35	41	36	94	40	58
36	79	36	99	36	81
83	43	38	38	38	61
6	20	3	1	68	59
40	85	10	31	12	69
67	30	92	94	46	4
10	42	92	49	92	7
33	89	85	95	14	1
66	3	36	16	48	76
98	48	54	91	99	43
17	83	62	50	9	95
54	14	9	57	96	9
13	36	76	64	8	63
15	19	29	19	94	19
90	98	28	61	19	51
2	89	61	74	33	12
50	40	15	15	15	65
22	67	20	39	30	89
90	98	49	26	1	77
70	45	5	43	11	17
55	57	94	13	91	54
45	23	10	7	10	10
4	80	40	52	74	39
41	76	41	61	34	80
40	4	64	65	21	29
21	94	83	83	14	9
13	37	13	30	13	28
7	44	48	45	7	7
6	16	36	85	74	69
71	91	98	23	30	73
78	33	59	39	95	40
8	8	3	8	32	54
56	27	12	86	77	92
59	80	2	43	54	8
91	96	100	39	39	39
61	86	1	70	92	23
27	42	86	24	96	2
63	21	84	7	5	11
54	22	32	45	98	76
44	44	55	44	25	41
34	46	62	11	17	100
49	9	49	23	43	49
42	96	28	61	28	28
69	69	69	34	55	46
42	42	44	17	58	42
90	57	63	75	70	22
66	23	47	56	47	47
21	6	25	18	22	1
55	74	24	24	78	24
69	24	42	27	25	27
5	52	62	87	95	16
25	82	25	65	88	25
57	23	9	62	86	35
30	21	98	21	21	56
74	19	52	82	27	32
92	55	38	38	10	54
57	16	69	94	89	99
7	50	31	2	31	68
28	48	54	91	56	7
77	44	86	74	53	2
97	40	39	21	78	42
84	83	12	12	94	12
98	1	6	44	73	11
4	7	54	22	46	14
22	87	50	79	67	19
87	91	1	37	31	17
66	65	35	63	35	98
67	73	50	71	82	86
88	8	73	65	30	52
75	35	66	35	15	35
99	1	40	1	51	35
18	18	66	67	18	13
25	70	39	39	39	5
46	56	45	99	6	60
22	9	18	11	73	28
100	22	53	22	17	22
22	86	30	85	19	3
29	7	74	7	78	7
88	10	5	63	89	12
85	70	15	22	74	24
45	5	45	45	89	92
12	15	90	12	12	79
76	1	76	17	52	36
22	45	7	42	51	87
59	25	40	58	43	90
87	90	84	51	19	59
60	1	14	14	18	2
4	5	5	65	5	68
70	65	54	62	40	53
16	7	9	66	36	82
36	45	33	83	3	45
41	8	22	57	64	82
99	23	57	53	91	22
96	5	5	17	14	5
82	3	23	27	33	50
19	58	19	66	13	19
82	16	16	20	16	1
49	2	92	31	44	19
35	90	33	35	70	35
62	64	25	25	87	25
40	5	15	60	53	40
90	88	10	21	85	40
59	41	67	77	39	96
68	50	27	84	53	47
21	79	97	57	52	40
1	8	10	4	8	8
94	40	39	19	14	59
80	5	43	18	35	39
25	94	79	25	25	51
21	13	38	71	46	27
100	66	17	11	82	79
53	32	89	84	39	61
4	97	88	29	78	100
55	41	56	73	16	89
15	23	99	74	81	69
19	47	32	77	59	27
4	53	51	94	80	87
56	43	74	43	43	81
91	67	85	11	43	74
73	45	80	18	67	64
53	52	82	31	15	40
13	71	50	14	58	44
18	24	79	40	79	32
61	82	7	7	7	58
4	72	79	81	87	4
58	49	37	5	31	43
25	24	3	80	78	32
74	79	49	75	32	26
67	31	97	37	60	49
75	19	45	31	62	97
38	78	91	83	53	60
46	51	46	39	18	46
53	19	36	76	39	42
1	39	46	84	42	9
56	22	72	46	42	100
80	48	37	79	85	37
72	19	98	10	31	74
27	20	39	41	5	95
70	47	49	66	24	73
21	14	15	52	24	16
99	46	49	18	43	44
84	85	47	1	87	88
47	47	25	6	47	60
55	87	54	81	94	33
3	3	72	29	23	3
40	6	6	52	6	30
1	62	74	77	93	59
26	93	24	86	2	100
26	12	90	6	95	87
15	13	23	15	81	15
58	46	46	44	46	42
53	28	93	65	74	17
40	78	22	22	100	22
43	91	47	69	69	28
3	42	42	42	96	93
16	68	16	55	64	16
11	87	29	29	29	23
26	7	64	52	43	33
94	29	95	5	100	74
7	91	63	60	23	9
67	1	57	84	66	56
57	81	54	65	27	27
4	76	26	26	61	26
57	4	85	50	77	56
30	34	77	30	30	12
65	21	8	1	21	21
22	81	76	31	37	2
50	95	49	1	76	70
10	45	87	39	89	37
2	12	33	20	72	57
2	58	20	12	12	12
48	91	55	89	45	3
29	47	41	46	40	73
93	36	90	26	36	36
75	49	47	62	71	21
37	70	89	11	10	4
54	66	15	73	80	94
31	15	15	46	15	84
46	36	7	9	84	27
38	63	65	26	38	38
33	22	72	85	92	37
45	74	73	36	36	37
7	49	74	48	37	19
9	76	9	9	12	70
77	51	98	9	14	77
27	19	68	12	27	27
3	44	41	90	59	75
33	35	35	35	68	98
33	33	1	33	84	50
2	2	2	51	4	34
6	68	58	49	89	60
50	93	83	50	77	50
10	93	29	81	10	10
10	15	92	7	56	93
27	4	89	4	4	7
26	14	83	26	6	26
31	10	6	10	35	10
39	85	48	15	66	65
42	82	53	59	55	69
81	74	46	100	57	3
17	33	17	17	91	36
97	63	29	83	85	32
66	90	71	95	80	11
72	9	52	21	85	47
59	7	28	22	56	58
77	4	4	43	4	86
44	11	44	44	83	7
82	85	48	87	87	62
52	26	60	77	43	22
14	23	15	71	96	25
83	87	29	29	96	29
84	85	38	97	86	57
19	94	1	50	91	32
40	7	87	65	72	46
31	95	11	33	17	77
82	62	61	70	17	48
70	81	100	85	50	69
2	86	2	2	34	67
45	45	93	45	96	59
65	18	18	18	75	17
69	75	31	21	100	51
14	95	96	50	20	88
21	49	93	95	49	61
77	43	98	16	48	27
19	69	18	17	17	17
27	45	38	54	85	38
74	14	14	14	21	16
4	51	27	82	86	61
67	33	3	31	93	67
4	17	11	18	68	54
21	21	25	100	9	3
41	78	41	54	27	41
17	46	27	27	100	27
94	43	18	43	43	91
18	22	82	22	95	22
45	46	13	96	70	56
83	23	91	23	23	90
16	54	16	87	34	16
26	97	75	84	38	38
38	56	67	38	38	91
17	61	4	44	47	55
1	22	99	1	33	1
27	90	29	58	7	46
56	34	40	56	100	71
4	67	74	79	87	28
34	71	34	55	4	25
21	81	21	74	21	1
17	88	93	94	11	64
11	17	24	70	90	39
7	24	30	89	7	7
90	15	77	27	27	27
65	39	39	39	49	61
27	87	1	41	41	6
62	85	14	20	14	14
37	48	86	48	47	48
94	16	67	50	21	62
53	96	92	6	75	29
70	100	46	46	46	7
82	73	39	67	89	91
95	68	82	19	42	21
71	72	33	50	14	82
70	37	28	90	8	77
4	33	33	39	33	20
10	97	91	84	61	70
15	58	24	27	69	39
43	43	76	43	84	1
55	54	37	64	6	54
62	32	31	58	31	31
81	80	67	1	6	6
14	79	88	12	96	23
63	82	90	27	55	92
45	48	35	26	44	60
46	73	94	35	46	46
61	26	80	77	95	93
14	40	79	78	86	89
63	26	18	80	40	55
27	1	20	20	20	79
51	81	66	90	12	71
44	10	44	53	44	29
76	30	43	30	58	30
100	82	91	14	15	9
26	74	26	26	20	36
22	84	18	13	93	24
65	62	19	82	89	11
25	34	53	47	87	63
31	26	31	52	31	12
86	23	45	19	83	44
17	39	17	17	96	62
88	81	23	97	7	54
1	72	78	24	76	78
68	27	51	80	94	39
40	39	78	64	64	53
77	16	9	90	53	52
8	10	52	22	10	10
12	76	90	37	11	7
99	30	46	20	87	57
21	80	78	99	25	98
56	28	22	95	53	25
50	89	2	9	87	10
59	18	82	52	28	63
22	72	91	98	26	25
77	93	1	86	93	15
5	10	5	5	39	58
41	19	11	31	93	12
57	51	78	90	72	62
100	19	64	23	49	22
68	32	77	63	96	88
83	88	14	84	85	83
25	63	92	36	59	33
53	86	57	5	51	84
38	38	98	69	38	6
98	81	76	55	92	97
77	1	86	93	52	26
98	20	7	31	25	60
87	71	98	14	32	88
13	67	51	37	37	18
22	22	22	99	52	13
22	91	92	73	42	42
30	51	15	15	16	15
9	18	28	11	76	34
53	40	62	27	79	96
60	3	74	40	43	80
11	69	85	12	11	91
32	32	32	2	100	44
29	87	8	35	5	51
21	81	7	57	4	89
98	21	7	70	68	2
11	50	92	40	13	70
9	5	61	50	96	29
63	87	45	67	56	75
22	12	45	61	77	7
44	66	2	63	36	14
55	73	71	17	47	33
35	84	35	83	67	35
87	62	9	79	9	9
79	8	54	8	64	8
17	82	43	51	88	8
79	69	26	42	85	83
97	68	22	83	19	60
74	47	62	64	95	12
3	82	34	47	6	50
27	40	62	41	5	38
37	100	71	59	87	66
2	61	38	44	70	86
50	39	59	19	56	38
18	4	1	7	7	7
8	26	1	50	27	83
83	11	52	80	90	51
42	100	44	44	57	44
82	60	69	4	10	4
42	55	76	42	44	42
13	31	13	81	13	9
98	11	8	63	97	87
21	48	3	100	35	55
7	99	96	53	89	93
80	35	46	23	32	80
32	34	39	51	55	75
22	22	41	23	32	22
44	5	57	44	94	10
96	91	21	93	28	74
16	36	3	55	2	11
39	18	15	18	2	90
2	80	38	16	56	74
50	80	89	36	85	82
97	7	94	71	21	71
45	73	75	77	8	70
4	76	58	21	36	45
99	25	4	61	33	18
47	47	47	42	70	38
77	58	67	16	11	71
73	52	4	4	20	4
41	4	98	77	87	16
61	61	65	59	32	37
58	15	81	47	77	24
89	18	81	81	44	60
93	69	47	92	30	26
65	40	16	40	52	40
36	82	4	36	36	21
13	7	54	92	73	90
5	62	44	40	37	24
61	31	31	58	31	52
64	22	43	43	43	14
41	98	73	41	41	69
92	62	60	90	25	63
38	67	65	10	25	49
75	50	37	25	37	37
18	73	5	11	30	21
47	29	83	80	56	83
11	32	32	92	12	96
59	3	46	31	28	93
97	44	77	1	8	31
74	97	96	85	22	12
25	34	12	48	48	48
18	42	5	42	51	96
55	62	4	13	18	20
18	90	93	72	95	18
12	84	60	83	69	59
72	51	57	80	80	18
48	72	35	48	27	48
75	2	29	44	29	29
50	10	47	42	12	66
47	56	5	5	8	5
47	47	29	22	32	47
72	39	65	10	9	47
36	46	72	45	9	54
94	23	91	94	58	57
96	21	31	24	88	73
5	81	96	5	21	5
67	94	11	79	60	51
19	93	56	78	83	7
92	6	54	9	20	18
11	63	10	28	28	28
85	26	26	26	44	21
49	36	27	96	3	84
70	97	84	2	72	47
31	14	31	74	31	59
76	51	19	57	100	48
79	46	58	69	97	6
67	92	56	28	89	56
46	84	89	19	19	19
24	14	29	1	25	30
76	49	6	27	9	44
49	54	90	2	35	20
32	87	67	32	25	32
36	36	36	3	64	9
21	34	17	11	23	19
6	61	6	89	6	39
6	63	30	83	43	5
69	42	88	58	63	13
40	81	3	64	30	94
19	4	19	19	1	98
45	66	71	53	27	42
18	56	64	94	71	92
64	40	79	40	11	40
95	18	33	95	91	4
59	67	15	72	81	16
9	99	19	9	9	96
24	3	24	24	66	84
31	31	41	31	25	29
24	74	94	17	39	59
36	19	45	41	21	80
95	65	26	55	51	70
71	47	83	44	96	23
84	73	35	93	31	83
58	15	88	80	31	31
50	2	50	85	50	53
47	19	78	19	19	39
82	13	15	15	9	15
41	26	56	65	37	81
87	24	55	12	58	91
24	17	24	24	88	84
4	26	37	77	55	50
90	47	31	47	93	47
34	25	34	87	34	18
89	17	58	66	42	76
73	75	81	92	30	9
10	10	88	7	97	10
82	88	40	76	57	14
74	86	34	34	38	34
21	99	68	59	12	22
57	23	86	9	9	9
92	17	77	12	91	39
25	63	83	22	67	96
95	4	4	59	4	50
100	49	49	49	73	67
44	44	40	2	44	11
21	18	98	39	75	43
37	7	37	9	37	26
43	56	6	80	55	45
49	4	20	22	49	49
65	35	35	59	35	34
51	73	51	47	38	50
8	3	39	3	72	3
14	73	14	69	14	59
26	94	96	66	41	5
38	71	2	56	1	75
82	93	1	61	33	39
93	33	85	47	24	4
69	75	95	79	41	22
56	61	12	30	1	54
39	90	21	39	39	36
63	9	50	18	90	43
62	58	33	52	26	45
58	33	12	46	97	95
15	11	39	69	10	12
29	6	6	14	67	6
92	6	26	69	97	62
59	99	42	62	42	44
87	95	44	44	69	44
55	67	31	73	72	74
94	36	47	43	9	66
36	37	58	67	10	58
45	69	45	45	97	60
70	7	64	62	41	6
29	29	78	29	26	75
58	14	67	59	13	97
1	8	23	8	54	8
51	35	68	39	69	33
41	10	67	83	41	41
7	7	79	3	7	8
2	39	39	83	52	21
56	93	11	74	11	11
42	42	42	73	63	88
92	30	21	30	2	30
35	71	81	63	84	79
33	92	79	38	81	19
21	15	15	15	37	40
94	38	74	61	70	98
8	8	8	27	92	90
35	41	81	19	91	13
49	40	65	56	54	30
5	30	96	76	1	94
64	32	81	8	39	40
66	10	36	42	39	42
41	41	41	88	1	44
8	66	76	50	47	39
82	44	9	17	34	68
34	34	75	34	48	43
28	28	39	98	25	28
13	13	43	13	81	96
69	72	6	38	13	94
33	32	90	34	76	40
63	73	58	50	69	36
69	32	15	40	81	22
5	59	83	75	28	93
4	9	13	77	81	61
18	23	82	23	35	81
79	10	23	7	23	23
65	45	29	45	31	45
45	38	15	88	37	45
82	81	80	20	68	36
42	71	85	67	30	46
86	83	39	71	35	91
43	87	71	84	92	31
16	89	39	26	10	56
79	19	39	59	47	39
29	29	29	83	89	45
90	91	77	74	84	9
4	4	4	91	21	30
38	38	71	29	27	38
9	15	64	51	77	7
2	2	40	2	22	81
48	94	90	61	2	79
62	90	60	99	91	31
87	10	15	84	10	41
78	22	26	96	38	54
12	55	14	14	14	38
16	2	20	85	72	3
38	16	55	16	16	49
54	31	9	55	2	44
31	9	57	60	68	78
100	75	99	52	7	75
80	37	97	17	5	91
5	16	5	43	26	1
89	6	22	78	74	43
87	92	60	71	69	27
46	27	61	27	67	27
51	24	34	9	60	74
88	46	27	27	27	87
14	26	34	17	35	42
34	80	92	59	73	17
70	17	43	30	30	44
14	60	20	20	20	5
5	37	6	71	42	56
86	52	90	31	16	69
77	25	69	11	7	21
42	23	50	72	82	22
40	40	40	5	77	43
82	70	82	63	61	4
45	3	45	9	45	35
55	22	22	22	78	39
78	2	43	39	82	58
66	81	89	30	51	73
24	51	96	25	25	25
88	35	35	9	35	71
6	3	53	50	68	100
95	38	52	79	45	9
36	43	74	51	11	90
57	69	54	3	75	54
38	11	38	40	60	38
79	77	7	34	59	18
17	57	24	58	9	70
77	38	56	6	29	93
86	27	43	23	16	81
42	42	47	76	81	42
80	10	50	91	22	41
46	61	69	50	61	70
67	62	16	70	30	32
96	32	70	42	92	82
77	97	24	70	87	89
45	1	76	94	47	90
42	44	45	5	56	38
14	6	6	77	61	6
12	97	41	14	41	41
72	1	56	27	22	54
49	49	49	58	83	94
82	74	78	16	47	6
52	18	37	93	37	37
19	9	97	95	3	95
45	25	90	18	19	59
2	13	85	28	39	5
97	44	27	44	14	44
51	97	12	77	91	81
15	28	92	28	28	81
3	66	5	16	9	56
50	35	50	89	50	96
45	96	4	38	47	95
12	8	7	77	23	20
75	36	49	100	91	25
96	96	51	89	4	63
18	98	13	92	13	13
11	70	46	13	33	66
2	8	56	2	2	67
36	96	79	14	37	31
63	87	13	29	9	69
15	20	81	79	47	70
12	48	36	9	58	88
22	82	32	69	8	19
37	25	96	92	13	28
57	13	13	98	29	13
13	98	32	32	32	16
60	24	90	61	51	71
29	45	69	97	10	67
48	90	42	6	42	42
61	11	11	11	45	97
100	4	22	10	94	34
78	88	65	96	99	15
79	6	97	98	9	88
54	62	77	32	4	40
67	32	2	50	32	32
58	85	67	74	32	20
61	81	88	66	62	51
62	26	10	49	8	54
64	77	9	94	45	27
12	55	35	12	12	79
23	6	54	50	32	66
51	21	21	19	21	93
98	94	52	50	16	62
40	8	88	88	84	9
63	30	81	47	37	97
26	26	96	44	26	41
45	94	18	66	66	44
56	52	78	33	5	71
27	26	62	7	18	49
46	18	54	12	70	95
56	39	39	39	13	83
28	28	80	84	28	48
45	5	23	20	76	44
10	17	48	77	23	87
46	70	7	67	92	29
5	31	20	1	7	8
67	35	58	45	43	91
20	13	1	49	95	2
46	90	74	67	41	24
3	3	74	3	49	89
74	50	30	68	52	91
23	75	82	71	17	90
19	67	45	42	64	97
68	82	13	98	58	83
86	53	47	90	80	34
36	43	43	21	81	43
81	24	24	24	69	41
20	48	49	95	58	95
97	68	10	16	51	41
27	11	27	25	81	27
44	72	47	69	17	44
37	76	7	15	82	78
59	6	87	59	35	59
37	37	64	84	24	37
91	25	71	100	100	24
14	16	30	36	18	94
19	31	53	91	78	76
81	31	88	20	8	49
13	68	57	10	15	14
91	3	85	83	40	49
69	38	38	42	38	57
32	32	20	84	32	98
34	43	56	72	78	73
35	68	39	34	47	13
80	28	94	87	64	97
79	18	95	93	11	77
43	87	36	20	73	30
40	30	16	16	16	67
51	38	33	33	33	64
96	12	44	45	83	79
52	23	33	41	60	56
42	8	24	87	49	92
8	8	8	56	88	91
64	53	71	14	9	71
90	39	46	46	46	15
75	65	11	74	44	27
80	2	34	34	83	34
64	29	43	58	20	95
96	87	35	6	15	14
58	7	7	26	43	7
2	40	9	49	40	40
50	15	18	19	63	85
60	32	93	60	22	65
71	42	51	52	74	88
29	9	38	61	9	9
29	98	15	100	29	29
1	68	10	63	74	29
7	59	7	57	7	69
90	57	48	58	54	58
20	92	30	49	71	12
93	43	57	8	98	77
81	21	21	100	7	21
37	91	11	93	82	51
53	7	95	27	27	27
23	24	76	55	65	16
52	74	69	78	55	12
36	31	31	81	92	31
86	32	40	7	1	44
12	22	39	27	22	22
71	13	18	46	15	30
3	90	36	18	52	29
8	43	96	43	43	10
55	28	50	63	96	57
23	94	25	48	82	9
7	38	20	37	7	7
33	48	11	75	78	7
9	2	80	35	43	20
8	48	65	76	36	9
74	35	42	68	7	65
87	16	77	27	27	27
89	48	85	46	45	67
27	1	27	27	80	44
43	32	95	50	14	32
48	10	27	78	48	81
21	85	10	96	2	96
5	75	20	96	29	99
78	71	53	72	67	10
12	73	17	8	83	21
98	74	75	71	67	84
56	43	45	38	43	43
13	3	33	86	38	85
44	71	92	68	70	41
57	55	97	9	3	52
26	69	14	14	71	96
68	50	61	42	58	61
78	84	25	34	10	9
65	37	89	37	4	37
66	9	46	88	13	16
45	98	33	81	33	33
2	38	65	7	77	4
58	2	2	54	86	2
47	1	9	9	55	9
29	70	10	88	10	10
22	50	1	95	95	31
68	77	32	49	22	93
10	84	41	93	41	41
19	59	19	19	44	85
81	23	81	16	2	98
9	80	37	37	37	33
97	13	38	21	34	27
31	71	4	21	92	37
89	54	57	40	61	18
14	70	73	37	77	83
16	16	72	16	64	21
11	30	39	14	64	52
39	39	39	24	18	95
97	42	33	65	38	92
25	13	48	23	95	63
9	16	48	33	44	79
67	50	100	31	2	19
14	6	6	21	78	6
91	47	29	51	12	80
50	11	89	87	25	30
29	26	29	15	29	87
92	95	32	53	80	48
70	83	91	76	48	58
13	99	18	25	36	52
99	97	86	66	9	53
50	42	94	62	38	41
41	52	9	32	27	49
39	79	8	81	2	11
74	41	70	50	41	41
47	52	61	73	94	35
82	53	77	23	38	13
21	59	97	80	11	38
40	35	40	40	4	97
15	80	63	74	57	70
33	35	9	43	4	89
43	61	89	66	2	80
51	23	7	23	23	62
74	21	77	90	23	93
88	3	52	37	59	66
65	7	88	89	22	71
96	9	38	94	3	91
38	50	45	74	38	12
17	75	5	40	67	97
70	68	35	69	83	74
90	86	52	7	35	40
26	77	3	8	76	78
85	18	65	95	12	62
81	58	2	53	40	50
82	26	4	91	70	85
17	17	86	17	94	2
99	55	21	21	60	21
89	79	82	90	27	12
43	95	9	8	84	93
4	37	96	97	26	84
49	88	7	22	67	60
19	41	53	42	41	41
5	23	72	87	93	32
10	68	9	10	10	73
25	38	45	5	62	11
64	38	71	32	79	38
78	36	70	12	27	16
73	40	3	30	59	46
52	59	55	11	44	85
15	15	31	81	98	15
18	27	53	75	66	42
97	79	73	68	33	32
36	21	42	50	75	32
19	41	42	79	41	41
20	32	61	54	20	20
44	65	20	80	83	70
79	98	17	27	32	48
30	1	34	30	30	55
3	3	3	83	81	75
76	61	100	28	1	69
11	39	39	39	5	40
25	100	43	46	31	47
46	36	88	30	84	2
1	1	78	1	49	42
100	46	52	54	16	21
74	43	74	1	85	87
48	48	14	20	48	44
66	64	49	85	54	58
18	62	4	54	6	32
5	90	55	71	94	64
5	30	5	68	5	82
89	82	38	8	8	8
8	48	48	23	10	48
7	52	56	31	69	3
17	59	30	48	76	27
29	79	76	66	12	51
38	37	43	12	12	12
13	46	35	19	20	83
50	2	8	8	8	98
14	87	29	79	94	23
54	49	67	83	42	11
58	92	47	16	79	5
52	52	95	80	48	41
42	47	18	82	29	70
40	18	22	40	47	40
93	30	17	74	58	87
33	81	7	34	60	76
25	76	14	25	25	4
23	25	71	22	97	61
3	90	47	62	29	36
81	39	61	69	24	5
64	29	25	57	64	19
87	48	18	54	40	17
30	31	49	31	31	70
91	88	31	78	55	38
86	54	72	15	45	36
6	69	67	45	84	86
28	17	100	17	66	17
71	76	25	49	72	10
34	49	8	42	68	80
53	48	83	31	57	9
72	52	59	75	50	75
94	21	94	67	76	18
9	38	16	90	100	60
31	16	16	54	36	16
46	10	45	49	71	69
75	5	40	84	65	63
19	19	54	80	95	99
84	43	26	26	87	26
60	53	76	74	63	56
48	71	1	53	90	48
19	1	61	41	22	34
78	36	45	45	45	60
97	39	32	39	58	39
3	3	12	3	94	57
37	80	48	26	6	22
89	15	93	87	15	15
7	75	36	14	7	17
47	56	3	94	68	90
69	20	3	11	22	89
69	21	18	65	46	64
61	6	93	6	59	6
100	29	95	28	69	56
96	67	54	35	37	21
17	80	52	49	33	83
44	44	95	30	44	34
62	14	25	75	31	9
82	14	52	93	51	1
19	11	12	66	23	5
78	85	17	26	80	42
60	62	29	94	17	58
84	11	20	100	25	59
55	49	36	38	77	15
60	10	32	83	62	39
53	64	40	31	50	15
75	29	6	61	29	28
72	83	25	11	10	88
99	91	3	94	49	4
1	51	92	72	1	1
60	45	2	3	79	42
6	97	22	7	11	95
24	46	18	18	18	14
16	64	43	32	51	70
42	57	4	48	89	83
28	16	16	16	88	100
69	23	11	22	79	31
58	22	82	87	7	59
56	13	94	4	53	100
81	64	24	14	36	5
28	7	33	84	15	12
19	65	9	90	49	88
5	52	9	67	29	65
65	39	49	53	39	39
90	32	21	28	91	88
1	60	46	46	59	46
66	6	43	20	43	43
98	28	43	93	53	21
52	16	50	62	16	57
96	10	10	88	34	89
33	45	77	33	30	14
44	20	8	15	84	29
77	54	79	66	69	12
97	67	71	39	38	98
25	61	71	20	69	89
24	72	11	87	82	4
29	4	14	95	8	1
37	69	68	18	76	39
44	71	76	75	89	44
69	29	29	4	29	32
10	34	34	85	74	34
91	80	16	33	18	17
20	3	63	92	59	72
96	23	7	53	7	7
94	71	78	100	8	36
33	77	39	2	42	62
16	16	98	16	89	82
35	35	4	58	16	35
66	44	83	66	72	11
34	34	76	9	58	34
99	73	59	3	58	50
50	50	50	25	70	95
34	30	80	30	30	12
100	87	33	55	39	40
36	96	83	36	36	1
66	29	22	78	86	29
8	30	11	6	43	26
86	33	21	33	3	33
14	68	61	15	67	98
23	92	43	38	46	62
36	88	17	43	44	25
10	78	17	60	46	2
32	80	37	37	3	37
18	41	43	18	34	18
44	78	9	88	83	57
8	55	35	99	13	23
30	59	9	52	81	88
82	80	47	94	15	23
48	76	21	93	66	59
12	12	12	21	11	65
35	57	57	38	70	33
9	30	47	70	79	32
37	52	59	86	57	96
87	59	47	62	89	63
31	52	28	36	25	76
7	45	9	48	10	85
51	64	79	71	13	56
76	34	34	28	19	34
94	34	87	27	60	7
67	28	70	57	9	80
51	23	54	26	10	9
51	46	46	88	56	38
12	42	12	80	12	57
73	29	72	31	29	29
87	95	56	50	14	22
53	22	43	82	22	22
45	67	45	16	46	45
6	19	22	38	26	64
41	5	57	5	5	89
87	92	43	96	31	58
13	92	28	3	71	45
39	39	77	16	83	39
41	83	94	15	73	15
43	45	43	43	84	93
7	73	34	7	7	15
7	78	48	54	56	95
12	12	12	63	45	97
29	98	100	25	22	45
35	67	14	23	29	45
37	93	37	50	91	37
15	5	43	5	5	27
12	12	12	85	2	63
46	59	25	17	89	1
44	77	74	91	18	22
71	99	22	55	53	30
72	32	9	24	25	81
53	42	82	42	84	42
94	3	41	87	40	68
26	77	13	85	56	38
21	2	21	21	53	70
13	88	80	29	74	34
100	99	22	22	9	22
70	43	23	43	43	73
57	13	91	82	2	51
4	43	91	37	31	71
28	48	67	21	5	69
83	31	45	29	26	60
30	15	96	34	67	33
83	10	24	47	94	38
15	25	60	100	25	25
6	37	7	77	69	100
97	10	75	48	10	10
83	2	36	21	15	9
45	45	45	3	57	9
100	6	6	6	35	21
70	39	13	13	26	13
77	86	1	48	97	62
93	12	10	65	97	48
31	23	80	54	70	25
44	63	55	61	4	15
61	9	68	55	40	52
19	29	62	53	10	24
26	5	5	5	32	9
79	96	95	71	85	69
46	15	33	34	54	40
58	22	22	25	2	49
65	56	1	22	28	71
72	88	26	16	1	87
59	82	95	41	73	54
81	13	90	49	13	13
48	48	47	41	19	48
26	60	33	54	84	41
15	6	40	24	61	33
17	24	42	36	82	38
61	59	46	46	46	32
95	48	2	61	6	97
14	82	14	14	55	41
14	14	86	87	14	52
78	52	22	2	11	47
45	45	45	15	71	6
15	54	46	15	15	24
87	83	52	14	54	60
73	60	36	80	60	64
13	13	12	13	98	26
41	86	78	6	4	100
92	5	41	29	26	73
12	30	31	30	73	9
41	36	6	64	43	90
91	38	6	92	87	38
21	23	23	23	43	19
1	1	89	62	1	79
74	56	33	63	15	43
36	3	41	12	61	12
93	41	11	29	75	46
12	12	22	1	12	20
28	28	83	28	98	15
50	9	62	6	64	50
81	5	48	19	39	82
7	58	94	16	20	77
66	52	75	65	74	35
55	40	95	25	58	43
50	5	4	47	95	26
2	13	41	20	41	35
96	58	32	69	47	41
33	60	27	92	83	97
62	23	23	23	21	41
36	100	97	47	57	24
30	30	97	73	74	79
89	80	64	8	8	100
33	42	55	100	81	14
54	39	28	19	12	53
8	92	28	28	28	51
47	48	95	19	45	18
39	29	51	52	16	8
30	28	81	83	50	43
11	6	87	11	11	91
26	54	29	26	26	11
75	71	67	19	45	69
18	37	18	44	62	18
26	87	62	100	5	8
34	50	52	50	25	19
25	59	18	36	18	18
8	13	52	6	87	53
11	11	77	78	11	39
98	95	43	38	62	72
57	51	31	31	85	31
17	9	29	34	9	9
47	4	89	7	67	80
33	77	61	7	34	14
74	35	32	9	81	37
6	70	49	93	89	29
28	50	22	28	15	28
61	1	74	48	48	48
53	1	95	44	77	58
24	55	27	47	1	75
99	88	56	39	53	73
39	100	85	39	39	24
33	99	33	62	33	23
40	18	48	16	51	5
18	22	7	22	6	22
36	43	72	43	52	43
50	5	13	94	51	85
29	44	18	32	6	26
40	57	47	6	45	90
44	53	74	3	80	82
89	36	44	44	13	44
90	60	7	30	40	81
24	97	85	55	24	24
76	31	31	40	77	31
70	34	27	34	40	34
5	1	80	1	1	20
37	44	37	37	40	35
55	53	80	20	93	49
37	77	20	78	9	95
74	55	28	28	84	28
21	50	42	9	50	10
82	65	21	54	67	85
44	81	61	2	44	44
96	78	52	63	87	16
96	24	47	77	49	45
54	8	45	25	45	45
76	37	10	98	23	31
45	44	11	37	98	95
93	51	16	59	90	66
60	18	94	98	34	72
66	24	25	58	3	100
29	1	85	29	29	38
32	63	32	93	19	32
29	29	4	31	33	29
93	76	80	77	16	69
64	8	11	7	11	11
38	11	2	11	11	73
30	6	35	12	14	96
37	18	82	18	18	56
57	85	40	94	94	25
35	35	5	78	56	35
21	36	75	93	56	63
78	26	6	93	68	98
16	74	94	16	57	16
54	71	88	95	79	39
26	43	53	29	51	88
57	43	78	96	4	49
41	33	42	71	41	41
16	45	45	33	45	92
14	51	57	66	13	8
12	32	35	52	7	49
3	38	40	3	49	3
48	1	11	14	16	75
24	24	47	2	24	91
87	22	43	26	23	22
64	96	66	84	38	67
88	27	79	46	28	72
50	18	18	49	18	86
81	94	37	23	23	23
98	90	49	96	58	72
20	74	42	71	35	32
7	16	59	90	48	13
77	35	44	83	82	66
3	84	31	76	49	41
66	36	43	7	74	57
76	79	79	38	33	63
9	82	9	83	28	9
14	75	39	77	61	74
6	55	57	34	30	64
36	89	43	9	88	25
25	38	24	8	22	19
39	44	78	51	39	39
37	100	29	37	80	37
42	60	39	98	50	11
94	41	26	6	87	64
2	74	20	76	15	27
32	32	11	77	69	32
23	23	23	47	36	55
6	4	8	2	27	26
99	17	9	29	93	19
76	100	42	52	98	61
50	14	50	3	54	50
95	21	66	40	67	84
81	47	75	47	1	47
95	94	78	14	61	99
41	62	41	7	41	22
1	9	2	96	52	42
89	55	55	86	39	34
93	64	54	3	67	32
53	72	39	42	70	35
97	60	84	82	43	8
43	91	47	89	75	38
37	37	55	40	10	37
28	28	56	62	28	37
96	10	99	25	68	16
40	30	5	82	56	39
14	26	14	14	83	10
19	95	88	99	57	5
44	60	28	53	34	13
30	97	88	6	57	1
11	11	31	67	11	33
18	79	57	36	56	59
50	92	38	38	95	22
18	14	30	90	20	52
64	42	3	71	3	3
80	92	14	23	66	25
75	13	46	1	31	16
20	22	18	92	14	45
29	19	41	11	34	2
79	19	6	86	1	86
75	7	100	71	1	29
72	7	40	47	1	36
54	45	77	69	19	35
33	8	19	19	19	66
51	10	80	44	90	19
95	4	20	98	23	11
62	29	15	66	37	87
47	3	98	89	3	30
84	6	30	56	89	33
13	66	13	46	38	13
30	58	64	42	30	30
18	67	60	79	29	80
5	88	61	64	61	25
11	12	45	67	56	99
64	45	45	86	45	44
28	86	10	12	87	58
96	35	54	89	2	81
100	34	61	40	24	79
3	7	17	3	3	91
78	89	32	75	43	11
97	75	92	38	34	48
21	21	21	93	66	3
44	44	9	63	66	44
46	46	69	46	33	43
95	50	33	19	19	19
65	61	2	50	98	36
37	52	38	56	80	44
33	33	22	33	64	43
86	39	10	48	18	57
88	33	41	31	25	65
68	95	89	34	63	81
46	49	13	49	71	49
51	68	86	63	16	26
66	91	97	40	2	85
66	37	5	85	98	40
83	1	91	87	19	15
10	96	90	19	42	82
42	8	10	8	75	22
15	29	53	59	58	63
81	79	3	31	15	72
47	12	47	96	47	89
90	82	16	73	24	100
50	31	31	62	31	47
31	48	93	71	18	79
94	79	22	6	6	6
30	58	53	46	94	94
98	37	5	33	91	45
80	3	77	8	76	85
79	18	59	37	35	42
67	96	26	26	61	26
73	66	78	35	35	35
42	25	23	80	44	2
32	36	15	87	76	76
29	63	57	28	10	100
8	82	52	35	63	25
51	80	64	98	11	57
4	46	86	89	14	26
44	59	47	47	5	47
11	74	33	55	10	33
2	12	21	12	89	12
2	50	53	70	16	62
100	99	57	50	7	62
74	23	18	53	76	56
24	87	70	57	24	24
26	26	53	26	97	33
100	66	16	17	48	93
90	64	61	87	39	13
36	92	96	22	35	40
45	2	83	45	45	63
82	50	52	76	9	90
56	29	16	39	3	81
28	2	94	9	73	74
72	20	5	75	36	30
57	50	14	4	7	71
46	41	95	46	82	46
49	49	87	49	95	48
67	65	71	67	61	96
54	18	39	49	50	51
53	39	2	45	21	58
18	20	59	85	9	55
65	62	95	31	81	15
21	97	85	42	92	87
67	30	33	12	28	70
33	33	84	75	33	77
98	13	21	100	58	79
77	61	3	78	91	17
78	86	60	58	96	19
92	87	24	53	48	20
41	30	72	51	53	51
1	1	69	1	91	22
53	24	52	67	39	22
82	55	90	35	45	42
42	87	9	96	48	59
50	4	49	37	56	27
2	2	56	2	100	3
9	9	86	16	43	9
35	34	35	35	32	43
74	47	32	37	27	11
65	8	58	56	52	85
77	72	34	34	22	34
23	23	65	30	44	23
5	31	31	31	91	47
23	23	16	84	13	23
52	49	59	4	16	99
50	43	10	14	43	43
68	63	98	79	95	14
7	98	50	28	40	67
4	21	34	32	79	72
99	49	49	49	22	29
39	81	83	58	88	42
43	70	27	4	31	88
14	23	86	14	14	46
35	16	41	45	43	87
67	49	77	75	2	67
54	27	18	83	43	25
13	3	50	50	1	72
34	15	44	59	81	49
52	33	33	78	16	97
27	17	38	61	95	1
22	22	22	39	60	82
59	21	100	79	53	11
43	35	80	5	30	94
18	13	19	93	18	18
62	62	89	71	80	21
42	42	42	87	69	24
1	59	66	74	54	100
29	9	83	50	1	53
4	5	4	18	23	4
7	14	76	51	55	93
79	52	97	51	15	47
4	22	89	11	81	61
19	97	19	12	46	19
58	72	91	70	4	45
52	16	44	44	44	100
7	7	26	7	73	3
10	58	34	46	10	10
1	53	28	98	23	46
42	42	23	95	100	42
44	7	31	47	44	53
34	34	34	85	11	16
92	63	52	69	89	52
14	84	80	14	86	14
32	79	65	69	66	6
20	38	91	51	58	93
60	62	3	56	9	26
5	99	5	32	5	76
70	92	90	4	4	4
55	82	15	90	28	19
95	64	65	75	19	57
37	20	46	4	28	22
83	46	10	62	71	52
22	71	26	22	22	79
70	41	67	63	41	41
28	44	52	28	79	78
14	70	17	27	17	17
83	15	33	54	78	29
19	33	84	47	94	91
13	83	27	89	3	47
47	55	24	83	27	81
37	38	16	18	90	63
99	46	22	12	49	72
45	16	47	4	44	47
80	59	18	66	30	84
50	73	10	50	6	50
6	6	6	98	30	26
39	49	6	74	99	41
41	81	60	77	67	73
67	14	27	62	85	19
44	44	63	68	59	44
47	24	36	4	20	12
4	24	48	42	17	83
24	73	56	39	81	35
65	86	33	33	53	33
10	10	54	64	53	10
87	18	85	35	82	1
98	33	28	10	53	43
72	50	46	44	9	96
38	44	55	38	78	38
80	6	23	69	12	30
98	17	41	85	71	41
99	28	5	59	99	96
81	91	66	76	50	29
90	23	23	23	17	40
98	77	31	44	43	71
12	20	73	34	45	82
50	27	10	27	60	27
37	37	37	62	53	5
84	46	9	7	100	90
15	14	44	44	44	57
83	51	41	13	35	72
29	97	87	93	3	24
23	90	62	11	44	79
12	61	12	81	87	12
33	59	47	11	6	48
46	3	28	57	86	49
25	63	25	29	25	81
18	97	94	18	40	18
54	61	4	75	20	35
34	93	41	41	41	12
64	47	47	47	28	29
10	63	7	35	71	45
18	9	9	9	15	89
33	65	31	23	8	64
25	25	82	51	25	9
60	7	7	7	25	83
65	6	24	3	5	41
81	31	51	5	100	18
7	65	75	96	15	16
37	33	37	95	37	30
44	44	26	94	2	44
87	100	15	91	11	50
57	7	26	58	22	94
93	57	11	54	70	96
24	11	1	24	24	90
35	35	22	35	84	73
69	62	22	41	43	58
59	17	80	83	81	40
44	43	55	92	17	65
85	59	25	100	52	30
66	17	92	20	75	38
31	48	47	58	69	39
69	69	59	89	76	84
39	80	35	42	46	94
50	31	50	20	50	2
25	61	46	58	91	19
38	56	73	32	89	97
29	58	27	58	77	1
23	56	56	22	98	37
5	50	33	64	3	90
84	45	45	6	77	45
67	58	80	95	73	25
65	9	44	53	7	28
44	87	93	51	31	13
52	17	17	66	60	17
23	49	21	49	6	49
6	54	59	12	38	33
15	53	22	66	29	10
49	45	60	49	9	46
93	68	88	89	18	3
6	51	85	19	69	77
27	34	27	27	50	99
7	73	51	88	56	55
23	43	57	43	82	43
96	13	81	45	59	38
10	27	53	27	87	27
21	26	43	21	21	65
50	99	3	73	50	50
27	39	100	72	8	54
24	24	20	24	63	83
13	2	27	78	49	38
97	9	95	13	9	95
69	63	90	99	73	73
34	26	46	19	81	94
31	80	32	88	35	68
16	16	53	97	18	16
66	45	55	34	7	42
5	84	8	34	16	2
5	72	67	47	5	5
38	38	7	56	52	92
76	30	36	13	53	94
43	64	84	18	64	36
76	66	80	98	13	92
57	60	1	50	61	57
21	63	66	21	29	24
93	95	82	13	27	43
67	34	100	22	22	22
2	61	85	40	90	83
41	8	95	8	73	8
75	13	96	24	46	84
45	18	18	75	18	49
83	30	55	80	66	74
95	51	55	68	80	98
50	40	72	3	95	49
44	7	23	77	95	46
30	79	50	94	1	88
1	13	42	85	76	29
99	64	74	15	88	92
15	53	64	27	18	18
30	51	97	13	51	20
83	16	100	16	16	5
58	35	6	3	14	84
28	13	36	83	100	69
53	78	72	35	28	70
19	19	26	56	59	19
17	97	67	27	49	48
30	30	30	45	86	59
72	58	29	32	38	85
99	32	28	3	53	17
13	82	44	74	56	97
57	18	84	16	97	78
79	73	40	46	33	95
8	39	45	32	26	54
40	7	85	44	44	24
39	21	91	94	14	79
60	52	11	75	99	72
30	27	30	57	30	100
39	13	59	97	39	39
48	46	2	14	30	34
51	17	36	45	85	91
17	44	58	17	17	92
13	54	39	13	95	13
74	34	10	65	24	27
5	50	13	90	41	6
9	79	9	9	30	42
23	35	73	19	51	12
50	22	12	43	6	63
80	4	86	18	83	41
72	2	98	72	61	29
6	58	11	69	5	1
13	13	13	19	1	34
7	35	17	7	90	7
35	39	9	34	61	16
30	87	29	12	84	3
19	73	21	68	58	28
49	96	84	78	18	41
37	13	85	86	99	93
29	69	55	14	28	32
98	93	56	40	40	66
64	42	22	38	48	60
72	8	59	8	64	8
3	11	18	49	41	83
47	24	39	92	73	41
37	16	37	47	37	2
21	18	19	23	13	14
80	42	41	7	21	97
46	34	34	94	59	71
25	6	39	6	67	6
16	40	17	91	13	57
4	53	98	20	55	27
72	9	59	76	87	5
16	61	16	79	43	16
90	43	32	32	84	32
45	32	55	2	32	32
12	12	68	12	45	93
59	64	47	94	25	97
95	8	33	75	54	30
33	53	39	44	3	88
43	66	28	51	83	3
18	32	61	26	93	82
48	45	79	93	67	38
80	5	12	44	63	60
97	94	57	43	47	49
76	38	90	77	18	41
22	16	73	48	54	96
27	30	83	36	30	30
20	42	97	20	25	20
91	49	51	24	61	25
49	41	49	91	49	77
52	12	63	86	87	15
20	4	14	64	27	18
62	57	42	43	16	51
44	25	44	69	44	36
85	54	58	60	10	97
53	68	21	47	21	43
24	1	22	61	45	31
50	48	50	24	1	50
27	83	27	53	59	27
35	87	31	35	20	92
73	63	36	41	53	100
35	32	72	32	32	34
48	97	48	48	63	65
7	7	7	39	64	91
60	36	29	17	36	36
77	30	92	18	2	47
89	19	78	39	19	19
40	41	87	46	90	24
50	86	41	16	61	62
93	66	56	32	82	45
90	50	77	5	47	74
32	94	32	92	3	32
80	39	39	39	56	7
80	6	6	67	82	6
8	50	7	11	59	65
51	44	93	22	47	51
63	74	57	72	9	53
44	38	61	2	10	28
21	4	63	35	33	39
74	74	49	39	12	65
74	78	41	55	60	15
22	74	10	37	16	90
39	66	6	14	8	96
88	73	83	84	42	37
83	22	40	25	85	11
41	83	34	57	31	16
2	30	60	81	96	89
5	5	5	94	52	58
22	65	67	7	98	23
20	4	20	54	20	64
18	72	44	18	71	18
14	54	14	14	7	39
1	64	75	34	68	17
50	82	50	94	5	50
24	2	31	73	58	97
61	62	43	25	43	43
3	36	85	63	58	49
56	21	88	11	42	94
27	81	17	9	15	93
60	23	23	23	79	97
39	87	15	88	26	93
75	48	78	64	59	60
33	51	52	17	6	40
41	81	25	50	96	49
56	5	23	44	5	44
44	65	92	7	55	3
95	68	90	53	49	40
42	94	17	67	19	53
76	5	93	94	14	72
28	73	44	2	52	98
68	36	91	11	81	14
53	50	27	27	38	27
79	32	78	32	90	65
35	4	93	21	4	4
49	68	49	92	22	27
31	34	34	72	34	90
69	84	52	64	73	56
93	41	22	37	22	22
66	30	77	95	67	17
41	40	52	5	85	59
70	85	9	99	1	25
74	1	95	3	22	66
76	34	46	10	63	96
50	39	12	99	30	85
78	7	55	93	82	85
34	51	29	24	99	2
12	24	24	24	34	95
62	37	37	37	8	7
84	27	47	47	7	47
49	49	53	49	65	79
69	38	91	5	34	90
78	15	27	84	81	59
64	23	21	21	21	51
74	54	23	76	55	22
6	43	79	27	59	59
92	68	22	25	68	91
83	11	11	11	6	64
9	9	96	31	60	9
73	8	93	91	97	95
84	76	22	56	56	81
49	25	92	45	39	77
16	59	4	89	24	76
67	7	55	10	96	29
21	30	60	31	95	59
20	79	98	92	87	21
75	12	52	88	5	54
32	35	32	84	61	32
55	4	90	99	5	25
4	57	6	22	85	53
14	47	4	85	36	71
1	40	1	46	1	52
75	34	34	34	67	30
28	64	67	25	5	95
43	53	87	74	96	72
77	69	88	19	49	99
97	88	25	65	7	18
96	74	85	54	99	22
17	81	17	17	76	44
12	67	68	99	1	78
78	65	63	75	93	87
50	50	99	83	24	50
77	79	80	26	90	46
12	10	10	10	85	17
42	20	65	20	21	20
29	33	68	77	9	17
4	35	75	51	35	41
11	15	89	90	11	11
71	27	19	28	36	47
94	84	15	53	13	93
78	20	20	20	46	66
6	68	46	38	38	55
87	21	56	79	91	13
6	76	29	54	16	32
59	75	51	92	54	48
65	25	80	89	14	71
9	80	44	19	19	19
42	69	6	25	11	14
92	93	50	59	29	50
52	68	96	32	52	70
62	31	8	63	72	22
4	91	84	7	75	29
5	95	17	7	27	90
57	27	27	27	35	64
65	7	26	22	22	70
34	83	70	31	28	56
55	20	47	59	52	37
52	39	32	57	9	55
63	64	97	90	23	60
79	11	69	12	11	11
25	68	91	23	38	44
64	3	14	45	10	84
22	22	80	91	22	79
21	26	4	4	22	4
49	49	56	61	49	59
47	64	47	47	33	42
48	48	60	7	85	48
40	48	25	51	86	22
73	27	95	72	61	15
25	32	90	92	50	1
43	9	9	60	24	9
31	32	49	33	84	38
87	89	7	46	49	92
96	44	13	92	25	28
58	99	8	8	12	8
4	77	4	4	31	7
59	17	40	89	3	97
81	51	17	43	9	42
96	29	89	93	4	59
3	41	49	17	22	2
83	92	51	31	14	59
4	31	16	1	36	19
53	17	56	7	21	39
14	23	83	50	66	98
88	21	3	3	3	8
4	27	27	41	34	27
6	46	92	26	58	95
3	3	82	3	64	48
81	40	96	24	2	97
85	25	69	91	65	59
34	19	36	30	65	62
79	78	8	16	83	25
56	90	38	22	99	38
64	97	89	57	53	32
58	93	74	36	71	8
72	73	11	75	90	43
69	73	14	63	66	95
56	9	64	31	70	85
69	15	30	62	44	82
30	10	30	12	40	30
39	48	98	13	6	96
32	32	99	98	32	86
21	93	74	56	82	82
88	61	53	64	48	7
72	1	64	30	32	80
7	78	58	36	64	74
48	60	23	95	36	16
49	57	79	31	21	55
16	7	6	69	7	7
88	39	49	65	1	59
5	61	89	54	73	32
76	28	40	15	21	60
60	27	55	99	50	79
23	61	82	16	61	92
25	46	71	28	39	53
87	99	68	82	36	91
43	30	24	29	30	30
59	59	99	37	86	59
25	2	14	12	78	84
99	88	32	8	77	62
5	35	13	87	98	33
24	69	49	17	24	63
70	57	85	92	84	25
8	98	20	14	68	10
51	72	81	92	26	79
26	78	32	43	53	76
51	78	94	60	73	42
41	79	24	44	57	92
18	8	18	82	100	18
9	3	98	6	24	49
71	99	74	54	95	10
25	46	25	62	76	25
25	28	67	13	64	93
70	3	6	6	81	6
96	10	71	30	17	55
33	93	33	66	33	80
29	12	76	6	68	53
49	19	49	66	1	49
100	95	86	92	2	52
46	88	42	97	73	10
8	97	8	8	15	40
26	77	90	26	81	26
78	47	4	56	36	66
15	15	4	86	15	94
18	14	34	18	79	18
65	67	68	56	52	33
79	12	55	35	92	88
74	28	96	7	28	28
25	33	52	94	36	79
64	21	74	59	16	41
68	6	65	9	1	31
56	1	1	25	1	5
73	2	13	6	75	88
16	28	40	35	40	40
20	15	66	56	79	14
82	77	93	77	45	3
6	66	14	42	42	42
24	31	58	49	3	6
73	67	50	35	9	7
80	25	36	9	84	76
63	62	84	58	61	14
46	39	36	82	19	55
41	85	66	20	39	70
83	78	86	4	10	24
87	85	43	30	4	58
65	21	21	17	21	78
2	90	16	45	94	77
46	96	11	98	92	62
6	82	6	83	34	6
100	12	39	91	44	64
86	50	50	81	50	2
5	5	61	97	93	5
8	8	15	92	8	84
74	4	49	74	99	3
28	20	20	90	95	20
33	28	71	28	28	55
70	81	43	43	75	43
23	79	32	77	23	83
97	32	72	19	48	66
4	21	1	51	51	42
2	25	53	23	23	23
11	78	8	1	91	95
24	4	53	75	59	1
87	27	11	41	8	51
49	22	14	65	14	14
84	58	21	48	48	48
85	57	61	9	16	13
12	72	39	39	39	92
2	35	35	49	33	35
56	3	67	75	78	85
58	85	1	54	22	36
50	36	13	88	52	50
36	32	53	29	29	29
22	22	22	100	62	91
89	76	6	7	39	81
50	48	53	92	99	54
81	56	79	62	100	56
28	28	28	20	24	31
31	53	31	60	54	31
27	59	9	10	27	27
61	88	11	1	37	31
47	90	47	47	33	52
10	2	19	95	69	65
19	7	7	7	13	46
31	76	31	31	25	54
91	3	82	100	18	11
4	51	4	4	76	95
39	40	52	99	41	79
14	86	25	44	1	30
54	10	21	82	46	35
15	15	5	60	33	15
79	76	17	66	68	85
10	10	10	16	23	63
48	86	74	80	38	45
34	79	51	90	82	67
93	52	20	2	2	2
31	83	72	94	25	56
58	25	89	8	1	28
80	29	20	20	65	20
78	48	35	89	39	84
26	2	26	29	28	26
70	40	12	7	98	100
43	65	8	37	8	8
86	41	41	41	35	44
70	20	57	37	10	3
8	56	96	55	11	79
38	88	60	84	3	85
73	45	54	80	43	40
35	99	44	62	33	28
43	43	43	16	46	85
79	30	88	38	40	65
16	63	16	86	53	16
76	52	31	8	8	8
36	33	6	47	9	31
88	40	67	52	65	80
45	20	45	45	31	4
18	72	27	79	72	13
42	33	13	87	98	65
34	17	34	72	26	34
62	95	35	11	3	68
85	19	93	70	55	3
64	98	56	72	12	16
7	39	51	98	24	12
47	47	20	26	47	2
42	22	39	7	28	38
48	88	25	68	89	12
96	53	100	94	11	66
7	9	4	26	58	7
14	63	100	1	45	94
57	93	40	80	15	36
14	22	55	85	72	57
82	41	41	9	54	41
63	17	3	86	39	10
34	43	94	9	43	43
16	19	84	86	87	25
3	21	30	54	58	96
89	3	88	27	44	100
59	8	8	53	6	8
57	54	59	78	13	19
13	15	46	14	95	13
83	34	57	33	63	16
41	70	21	100	85	29
23	77	24	86	57	65
36	36	43	56	37	36
60	26	37	56	8	96
78	17	20	40	93	7
32	13	57	93	39	25
50	63	24	24	24	22
9	17	17	62	17	3
45	87	6	83	45	45
13	42	63	18	8	19
20	22	23	56	6	27
47	90	89	65	58	74
18	18	79	18	77	42
22	93	49	40	30	84
62	34	34	16	34	95
47	83	47	55	86	47
66	48	58	64	91	93
84	9	98	32	65	44
51	52	34	14	11	61
6	41	71	51	48	35
31	66	83	31	31	78
8	79	71	70	58	99
89	58	53	91	73	24
3	61	3	3	82	20
77	21	42	15	15	15
51	49	5	99	12	13
21	41	21	21	39	73
100	27	4	27	27	2
25	6	53	3	6	6
22	25	32	74	32	32
67	35	16	60	17	87
57	32	66	38	61	69
94	36	32	4	75	32
15	15	98	96	15	46
39	58	33	39	74	39
37	94	81	36	30	76
55	74	9	74	14	50
58	20	11	7	88	60
97	66	45	86	9	100
4	96	16	39	40	21
98	46	20	56	73	93
91	90	22	57	28	93
3	82	26	32	67	31
73	41	57	97	81	15
50	64	21	12	21	21
99	26	11	11	11	64
98	65	6	37	54	59
47	64	98	77	100	82
97	11	11	93	11	88
30	11	30	67	30	31
96	96	82	18	37	19
80	79	4	46	88	87
78	6	9	76	41	29
68	20	7	2	89	59
85	35	73	40	46	41
74	32	32	48	1	32
8	22	31	31	85	31
40	99	33	3	89	46
39	89	11	99	42	53
4	58	66	4	4	74
46	93	87	8	21	31
37	37	87	24	81	37
20	36	100	11	20	20
31	2	92	31	31	38
12	9	60	18	18	18
80	34	54	92	22	16
18	45	88	3	48	50
77	94	26	74	32	77
77	19	40	31	41	70
83	16	67	9	27	68
25	89	89	15	60	31
40	49	71	11	81	81
85	1	62	79	40	82
91	44	44	18	44	7
16	16	41	16	61	73
39	7	19	39	23	39
34	39	71	88	39	39
42	97	6	17	71	75
87	18	40	21	38	6
99	87	46	12	79	83
94	62	79	80	42	46
41	41	41	44	35	33
87	16	59	18	89	50
7	61	34	47	10	74
12	12	10	12	89	80
91	20	57	45	45	45
25	38	79	4	33	49
93	77	27	21	80	78
36	12	69	22	22	22
58	9	4	63	86	89
32	4	4	88	4	81
19	84	62	93	53	1
45	63	32	37	57	98
41	22	4	19	49	17
89	10	95	67	51	86
45	63	5	29	8	21
16	8	66	85	33	16
47	28	61	39	54	81
11	87	65	74	84	74
15	98	15	8	15	86
17	72	27	27	76	27
59	35	4	60	32	69
88	37	3	49	10	15
90	54	52	64	43	28
18	44	32	18	88	18
24	86	46	24	24	32
33	44	33	33	13	48
92	46	33	59	56	86
5	64	90	36	56	64
8	8	46	8	39	57
66	14	37	64	38	40
58	35	35	12	35	6
65	44	13	44	44	97
9	53	20	23	23	23
4	49	99	77	85	30
87	99	69	70	14	25
77	98	12	55	20	62
40	77	40	84	25	40
24	72	88	24	5	24
21	21	15	36	21	39
84	11	33	43	75	20
16	93	44	85	33	47
30	56	70	71	48	60
30	20	74	17	75	17
92	30	68	54	4	50
31	2	31	42	72	31
30	31	38	36	87	73
93	56	35	35	10	85
21	10	80	57	63	54
30	72	32	31	30	30
15	15	76	26	29	61
44	89	41	67	19	35
75	90	46	91	94	13
62	23	41	67	62	93
56	44	37	35	19	49
73	27	74	77	97	37
8	91	45	52	86	62
6	24	17	13	77	84
32	49	9	4	45	53
20	51	85	5	14	60
82	13	33	2	2	2
36	36	57	36	78	98
27	97	61	90	64	88
47	42	73	15	53	46
52	50	73	54	28	46
39	47	31	81	38	88
44	61	5	71	51	61
69	56	14	14	28	14
51	76	52	29	39	7
49	49	71	11	67	49
99	91	68	56	63	40
58	83	74	27	37	62
1	1	84	29	1	66
29	17	34	93	91	37
11	99	73	23	19	44
63	30	38	30	30	47
12	69	25	61	76	51
21	40	60	95	5	42
77	1	91	12	78	22
82	95	100	72	9	48
83	62	39	92	3	43
68	29	29	20	30	29
82	62	100	43	83	42
54	53	63	27	13	98
26	33	3	72	21	19
43	51	43	43	23	35
43	47	89	43	43	99
93	86	65	63	74	23
63	7	42	67	42	42
50	21	1	59	15	66
49	9	65	95	97	51
31	53	28	2	31	31
46	28	2	20	56	34
48	44	13	91	94	46
36	36	64	95	25	9
14	35	82	58	95	62
4	79	57	41	58	53
12	95	30	23	12	12
34	53	5	97	5	5
50	94	18	37	37	37
37	37	37	16	97	84
1	81	73	77	14	92
9	20	84	1	73	52
88	80	84	77	2	38
77	43	54	91	42	49
38	7	34	7	91	7
14	28	100	67	28	28
5	93	38	23	58	50
94	66	41	41	41	36
1	66	48	36	33	50
47	69	9	50	83	99
14	84	23	14	48	14
22	55	68	22	50	22
94	28	34	70	15	57
75	16	3	60	86	38
20	45	81	27	9	59
21	61	83	16	52	69
71	38	73	23	81	75
11	10	10	97	74	10
92	26	41	10	37	8
25	51	95	100	58	25
26	24	90	6	33	76
81	21	7	1	77	53
71	48	26	30	90	11
38	38	6	98	77	38
91	79	12	12	14	12
5	27	10	27	19	27
79	71	85	86	1	6
70	92	86	61	27	76
19	52	19	26	83	28
75	79	67	41	92	63
6	6	25	6	2	62
65	95	1	87	62	20
61	35	35	26	68	35
8	35	43	79	15	76
93	32	24	78	11	56
86	82	54	60	41	54
54	22	25	60	99	71
59	95	90	87	89	81
46	21	46	95	29	46
84	36	35	12	43	97
47	13	72	61	70	4
15	2	17	2	2	53
58	46	71	28	78	28
24	56	17	18	84	42
10	14	14	14	12	31
7	7	7	83	16	100
50	35	58	50	50	27
87	9	65	9	66	9
96	53	17	11	56	44
78	89	38	12	47	70
66	41	71	37	37	37
70	43	43	16	11	43
81	46	3	43	86	53
13	6	52	50	79	70
1	90	25	73	64	33
52	36	36	29	17	36
53	62	77	60	98	16
8	16	22	17	67	23
52	85	42	5	5	5
5	63	7	98	39	73
40	61	76	19	80	44
45	47	75	58	32	69
63	80	2	9	18	46
39	42	29	56	29	29
83	29	50	50	74	50
67	58	25	28	98	13
54	33	96	69	71	66
17	52	28	60	44	34
30	67	26	26	82	59
89	46	19	37	59	86
95	8	11	8	44	8
21	59	39	69	36	99
22	17	35	68	6	83
92	29	89	64	95	18
22	53	20	91	21	9
52	62	97	73	23	92
17	32	9	75	7	96
93	74	89	72	89	65
55	59	81	40	31	6
4	26	6	40	83	73
7	18	92	93	8	23
11	51	11	11	57	100
94	58	84	4	86	22
56	58	13	25	3	80
20	35	92	26	20	20
86	18	17	17	17	16
92	23	22	42	64	75
75	28	98	3	82	97
10	43	53	56	85	14
98	7	5	69	56	1
27	40	85	55	69	65
20	32	32	32	75	89
91	96	30	70	66	42
44	70	81	85	41	49
27	35	35	90	35	66
61	4	12	43	70	75
59	86	80	55	100	89
44	99	44	58	44	84
43	65	68	40	84	80
74	42	78	44	72	20
12	79	12	99	6	23
19	35	35	88	35	62
16	60	44	32	47	37
33	82	25	29	9	3
39	73	5	39	32	39
98	37	49	1	72	54
67	84	36	91	67	6
8	98	82	5	5	60
39	39	95	34	96	29
6	57	94	45	47	68
50	49	1	45	72	96
100	88	89	97	15	32
8	8	92	30	98	8
51	95	85	3	22	44
78	78	95	40	32	63
94	14	22	50	60	30
46	100	30	7	30	55
33	41	7	41	26	26
93	59	82	54	70	99
81	49	35	40	40	40
67	27	15	74	84	24
34	34	57	78	10	34
76	54	63	71	10	1
39	4	82	99	87	4
19	39	14	19	19	1
34	68	77	43	84	40
83	88	64	74	36	75
25	48	7	11	80	23
39	87	64	46	42	75
21	76	75	78	86	80
28	13	89	95	39	30
8	8	96	5	8	31
40	32	98	37	85	100
30	74	30	61	83	30
99	88	5	90	79	50
1	78	57	97	9	49
85	15	15	97	89	15
77	65	40	5	40	40
1	3	40	3	3	31
29	73	88	43	36	38
95	17	41	31	41	41
13	24	80	50	55	25
90	35	55	17	46	92
61	89	36	70	11	33
13	25	12	57	10	86
95	97	45	86	32	54
49	80	32	31	47	44
57	32	59	17	18	22
59	22	65	23	14	9
69	89	29	83	76	25
81	48	48	48	56	62
41	10	25	99	100	14
36	89	53	50	73	49
58	50	7	64	16	28
29	16	76	60	10	4
34	92	19	46	35	60
36	17	17	61	17	48
50	34	14	31	76	10
89	4	10	19	29	58
31	61	14	43	12	63
92	76	66	14	2	95
72	64	48	53	19	91
36	59	86	19	64	99
11	3	9	92	92	75
33	63	12	30	39	62
7	30	63	65	27	92
41	15	65	27	56	83
26	41	12	20	23	19
49	21	74	84	14	33
18	14	15	94	89	38
99	92	83	34	11	39
29	51	67	36	60	77
40	40	40	53	72	98
91	95	18	12	96	43
47	20	20	20	86	93
25	9	79	19	65	53
35	96	32	99	23	3
99	70	56	68	3	29
58	70	71	50	40	51
5	71	48	12	83	75
95	95	52	83	4	63
55	42	42	42	48	85
92	78	78	44	67	79
50	38	50	50	39	58
36	36	1	36	13	48
13	67	10	13	39	13
37	67	89	1	8	4
16	67	47	73	83	30
96	13	100	13	48	13
17	83	22	21	22	22
17	53	43	89	97	17
1	45	5	66	17	100
86	91	39	13	33	100
97	100	7	77	61	72
98	41	66	31	5	79
4	56	4	47	8	4
43	32	44	82	57	62
48	43	57	43	74	43
30	55	5	84	97	85
71	56	39	92	89	23
18	18	64	41	18	74
51	75	46	64	80	74
62	80	11	50	6	53
29	75	69	54	72	17
34	22	46	77	92	5
7	93	31	7	7	69
13	54	95	56	56	91
18	20	2	20	20	11
84	96	34	84	14	2
83	71	70	40	58	67
86	87	6	6	10	62
24	16	83	19	73	42
32	36	52	28	9	21
25	7	6	42	81	69
37	49	7	43	7	7
21	92	90	20	55	52
19	91	36	31	23	10
87	8	89	100	87	88
44	10	44	32	66	44
31	28	43	30	95	11
22	22	43	22	62	30
45	47	45	18	59	45
74	37	54	12	29	55
54	25	88	82	69	20
4	46	76	29	11	43
35	78	68	31	24	89
36	83	8	94	99	82
83	83	74	64	74	32
29	47	19	37	78	17
34	64	13	75	87	71
86	4	91	33	69	44
50	52	80	98	38	77
11	8	11	45	47	11
79	52	78	66	30	80
13	27	13	13	36	57
10	42	14	98	68	71
39	56	1	39	59	87
63	4	39	66	21	34
31	31	14	88	31	8
10	37	37	7	37	79
94	56	90	95	51	21
22	60	37	47	71	78
75	33	7	63	58	69
47	26	19	26	6	26
3	74	3	99	3	56
22	75	73	18	88	17
26	27	80	34	11	80
71	70	42	64	52	96
32	3	23	71	61	71
79	40	30	45	22	25
9	90	42	7	21	53
58	79	29	27	37	37
66	69	56	62	79	92
31	31	86	81	31	59
38	96	24	20	54	54
34	64	22	94	99	69
47	47	38	22	84	47
47	80	38	47	59	47
38	78	38	38	86	54
48	17	17	74	17	91
43	72	5	40	20	61
63	20	29	20	20	82
18	18	91	64	18	24
41	40	18	31	78	94
15	8	47	9	71	2
7	83	59	82	19	94
35	63	21	2	6	74
81	36	36	3	36	44
15	51	28	95	40	94
37	24	28	24	24	42
97	69	41	92	55	63
1	52	84	76	64	3
41	18	81	41	41	26
97	92	41	20	89	49
89	15	35	40	36	11
16	26	26	61	45	26
90	83	66	80	21	21
48	20	8	20	55	20
66	12	75	50	12	12
43	79	15	25	25	25
32	52	32	32	8	60
66	85	42	98	63	79
70	36	33	73	1	74
17	15	65	45	51	82
44	77	66	100	61	58
37	74	82	35	71	10
77	31	8	41	63	86
55	73	82	30	67	24
24	20	99	29	52	72
12	66	10	32	83	39
52	31	17	10	27	46
29	97	87	6	35	96
45	71	10	11	10	89
40	30	23	84	7	38
69	98	72	36	37	63
20	65	1	20	20	62
96	95	74	67	33	39
30	9	76	55	22	57
96	72	7	23	73	67
13	12	11	36	87	71
44	53	14	3	14	14
48	13	88	76	33	91
95	97	87	21	79	100
6	88	6	6	46	77
97	27	78	100	2	75
40	48	23	22	5	6
41	27	27	93	78	27
4	88	4	4	94	18
36	11	40	62	38	34
15	58	1	92	48	6
89	19	95	68	66	19
59	89	92	2	18	97
29	29	29	39	90	63
15	93	44	82	94	49
97	34	51	93	89	17
51	14	53	32	94	30
63	54	77	11	24	25
99	22	68	94	74	96
27	6	39	15	66	57
17	8	19	8	93	8
33	37	91	90	41	45
56	81	97	2	24	37
89	17	17	72	17	63
46	33	29	86	33	33
91	92	87	5	87	51
79	29	82	22	29	29
30	57	48	92	26	11
26	73	79	68	59	4
16	12	16	76	1	16
83	4	71	24	54	80
5	5	28	79	70	5
47	56	35	60	32	55
95	74	65	11	40	88
20	20	56	64	20	19
50	95	32	32	68	32
26	73	53	26	26	57
67	88	2	30	11	26
7	97	67	7	7	78
100	8	88	28	38	66
24	91	26	6	11	22
52	46	94	67	16	70
61	37	80	1	37	37
41	41	41	88	72	81
84	14	42	3	18	76
45	87	34	28	57	38
59	98	84	28	12	26
1	79	23	20	39	36
22	44	86	24	78	87
48	46	21	12	67	77
45	61	55	68	33	40
70	29	29	29	69	74
73	84	18	38	8	52
9	55	7	7	17	7
39	52	25	62	57	59
74	41	93	55	85	34
83	15	15	15	69	47
61	55	58	72	7	6
48	49	69	49	49	73
41	87	41	41	39	95
71	15	41	59	29	51
45	64	4	16	5	47
46	26	56	50	60	67
43	79	73	45	30	28
74	19	21	91	55	24
2	5	3	50	74	17
34	23	25	19	31	96
33	54	80	4	42	33
7	36	50	7	60	7
21	88	94	73	6	65
30	58	17	51	17	17
28	93	28	38	21	28
94	81	22	40	37	20
21	75	37	17	93	22
63	58	5	77	91	66
56	26	9	54	42	73
81	92	63	86	82	17
9	93	23	24	93	34
59	42	99	21	33	51
65	56	51	99	69	54
12	12	17	12	25	84
46	38	89	59	46	46
27	84	59	7	17	65
23	88	70	83	46	31
18	18	14	2	35	18
79	14	86	65	57	43
38	1	25	55	81	48
18	53	26	41	17	57
69	34	11	23	41	24
82	74	66	92	6	42
100	99	38	17	9	25
61	82	35	7	26	9
35	61	80	35	100	35
81	55	48	63	92	14
25	25	5	25	10	39
58	63	8	37	27	32
38	26	38	62	32	37
97	43	82	73	45	9
45	96	90	45	45	31
15	29	1	1	30	88
16	57	40	64	55	48
79	85	30	77	4	100
24	33	98	67	53	95
23	93	48	43	50	94
73	60	2	39	93	2
44	44	44	15	20	97
48	32	90	77	72	75
80	92	19	18	36	27
88	42	38	94	72	61
97	11	39	77	48	18
73	36	87	4	62	3
35	4	96	94	41	43
42	98	19	15	84	2
49	2	22	5	24	26
63	39	52	67	24	3
25	93	88	84	41	58
26	5	32	62	18	69
55	62	63	5	54	11
10	48	46	28	69	2
10	23	10	10	93	92
58	29	91	86	59	81
51	16	43	22	99	90
50	8	24	79	99	72
3	12	1	13	3	3
35	72	5	15	30	46
67	40	89	7	41	54
41	11	87	11	11	82
32	53	94	31	31	31
15	54	15	15	8	56
82	79	55	22	85	74
92	11	34	34	36	57
35	35	64	56	6	35
38	39	67	66	89	34
51	79	79	60	63	55
94	83	53	6	11	51
100	21	95	60	41	55
63	79	29	24	98	42
24	91	82	92	46	72
49	37	37	37	72	74
34	95	72	25	31	89
47	37	50	52	95	52
13	46	46	2	46	52
56	57	4	4	61	4
7	73	6	7	7	57
60	2	68	22	37	62
100	39	45	92	82	64
30	30	52	63	55	30
36	100	65	98	78	17
44	62	49	59	18	30
78	92	34	29	33	65
64	83	12	11	67	39
6	22	87	95	6	6
71	93	39	27	77	78
85	60	63	15	76	40
95	46	13	18	18	18
3	3	22	97	3	9
71	32	25	93	2	37
96	20	100	81	20	20
52	5	97	28	79	21
63	47	31	2	18	79
32	83	68	60	32	32
49	85	42	18	44	82
33	21	86	55	33	33
81	89	90	42	42	42
36	36	19	63	36	72
25	23	70	12	70	48
74	41	89	25	5	93
95	36	29	57	48	4
1	48	28	62	93	61
55	68	15	51	15	15
36	94	29	23	2	17
84	24	9	12	24	24
34	91	15	42	90	78
26	53	56	71	38	65
20	4	29	20	22	84
77	6	62	45	85	33
31	34	37	45	37	96
82	85	46	32	71	23
67	47	82	72	93	48
52	93	28	85	84	64
18	3	6	93	48	13
38	96	25	13	24	100
24	92	5	34	51	45
47	22	79	91	98	92
11	98	3	98	62	22
19	27	28	28	28	61
42	90	74	89	78	69
45	45	43	4	45	66
1	72	67	49	22	86
4	4	61	4	53	24
48	48	29	24	49	48
36	44	52	20	18	65
91	39	47	85	42	76
72	59	51	3	71	92
43	19	38	38	38	95
68	76	52	62	77	34
93	50	41	79	38	27
28	79	4	20	47	96
97	36	47	15	52	92
58	79	60	24	49	24
84	35	61	19	46	58
39	19	2	19	37	69
16	51	80	82	45	33
51	61	83	97	90	32
9	9	9	62	48	22
76	16	98	26	34	84
90	65	84	98	7	83
100	68	10	28	99	21
61	10	36	37	10	10
87	23	100	81	15	75
2	17	6	47	86	85
64	99	33	13	38	75
59	23	13	87	72	100
25	52	9	69	97	52
32	66	3	60	28	17
15	10	15	100	15	29
43	16	43	42	43	10
48	66	18	74	60	64
21	65	46	74	81	1
42	32	31	32	32	97
8	70	32	46	2	60
21	24	42	24	47	25
28	54	6	18	35	40
20	41	32	38	57	34
53	9	38	8	96	82
71	12	47	28	68	43
25	25	78	25	27	24
90	41	92	73	49	82
93	42	42	42	57	32
74	11	70	52	11	11
99	78	63	44	44	44
95	32	5	32	83	32
34	14	26	53	54	18
44	98	19	78	84	49
18	63	23	47	66	55
95	18	14	73	75	52
5	21	73	17	7	60
44	59	77	73	9	80
8	23	66	33	25	85
15	35	69	96	15	15
18	18	18	75	27	85
38	53	87	82	12	2
68	14	11	82	21	53
42	54	42	50	13	14
80	62	60	59	21	9
11	2	87	70	1	63
19	47	88	76	53	90
45	25	72	70	45	45
9	89	95	7	88	96
22	69	1	88	100	73
5	90	77	18	73	89
46	83	44	18	93	82
41	36	67	44	67	32
3	46	90	70	76	96
46	63	47	12	65	8
85	65	64	71	33	99
12	84	38	82	20	18
59	18	43	19	32	34
18	49	83	41	71	49
53	18	42	71	12	76
9	9	47	44	53	9
2	65	11	56	3	72
6	20	80	75	33	43
83	77	70	64	53	19
67	15	80	67	96	52
28	37	77	88	19	89
24	66	72	39	88	12
39	35	83	2	18	19
5	30	94	20	33	24
51	1	35	71	7	52
65	93	9	44	94	90
66	1	69	1	1	61
80	41	64	2	59	25
75	2	7	16	18	31
3	19	49	26	72	97
32	87	79	91	40	72
65	92	65	81	18	54
21	26	1	21	98	21
98	30	30	20	55	13
50	99	50	14	45	50
86	59	8	40	65	58
65	2	98	88	21	43
50	10	68	33	57	26
14	57	42	42	42	37
49	49	79	49	50	30
27	98	19	71	42	93
84	31	100	31	31	88
35	13	54	96	94	11
69	95	34	29	94	96
27	49	50	74	92	13
67	4	11	11	30	11
43	21	7	52	47	43
22	34	42	62	16	62
57	56	30	85	78	4
75	66	70	6	100	75
60	77	11	98	87	11
89	71	85	18	4	69
20	16	24	41	24	24
49	14	41	5	41	41
72	6	54	11	26	63
95	30	93	73	88	88
41	41	26	41	9	99
80	46	58	46	46	84
42	59	49	54	43	2
60	96	7	7	7	75
5	46	42	5	57	5
52	41	26	5	44	99
39	2	2	55	31	2
29	15	1	9	1	1
23	65	38	93	63	39
65	28	47	96	56	20
34	34	53	34	48	2
66	20	53	77	20	20
6	40	8	53	4	43
97	59	95	6	23	90
51	66	85	78	93	54
67	19	57	12	5	87
27	27	88	21	25	27
41	40	50	82	26	50
56	4	54	27	7	91
46	85	38	43	50	25
63	10	4	91	14	100
26	26	77	99	26	94
48	27	32	15	84	58
33	21	11	6	41	74
4	75	33	4	36	4
91	34	97	72	77	24
37	96	98	86	17	13
28	31	39	10	40	47
28	78	42	97	95	4
24	69	15	24	37	24
63	8	98	43	83	11
77	93	20	95	37	40
52	8	7	52	68	87
34	35	3	21	37	48
39	37	87	17	92	77
57	10	20	60	65	85
17	17	17	19	97	62
56	14	22	37	17	50
26	26	53	26	8	81
3	73	49	67	3	61
7	7	7	82	9	65
37	32	79	31	93	88
95	73	32	79	78	30
3	59	46	81	27	88
62	52	95	60	97	72
84	38	65	99	14	7
2	69	2	84	2	41
13	13	26	5	13	63
17	54	71	40	4	52
34	90	48	60	70	81
25	70	77	99	97	58
13	13	12	100	28	13
30	10	52	88	62	88
49	71	4	88	57	48
40	90	47	47	47	78
97	3	26	5	5	5
92	66	66	32	94	79
42	97	79	3	62	40
81	82	72	42	56	14
80	63	37	99	23	20
32	82	81	91	93	95
28	29	99	97	23	26
81	61	74	52	34	57
10	42	38	53	11	65
4	44	63	67	4	4
45	77	13	60	3	1
12	22	12	12	86	34
44	44	88	44	20	68
15	30	49	85	75	60
49	27	49	28	49	14
86	13	64	72	82	10
5	70	10	90	21	84
96	99	18	38	50	4
22	55	96	60	64	95
17	71	2	25	96	29
33	89	67	77	56	14
38	73	17	48	21	49
14	19	74	12	36	57
60	32	92	95	90	44
37	14	37	69	37	43
3	25	62	45	7	3
10	32	10	79	99	10
91	74	75	2	22	33
56	43	91	79	43	43
71	50	17	100	52	98
87	16	77	9	16	16
10	98	40	32	61	23
13	90	10	28	20	61
41	11	35	79	7	6
97	50	57	6	18	14
19	23	9	83	94	7
24	86	18	90	12	43
15	78	42	37	34	23
70	100	91	95	58	55
58	27	85	4	100	42
98	14	62	6	61	95
91	85	26	20	27	18
94	70	39	35	35	35
4	63	30	47	4	4
91	72	88	74	77	24
90	56	23	29	35	3
95	20	24	20	45	20
12	59	97	65	44	57
84	99	54	86	27	100
67	48	48	48	36	87
94	27	88	9	29	30
47	64	2	72	40	6
47	41	41	75	70	41
24	20	92	62	9	93
34	97	40	45	94	44
86	45	34	14	62	27
88	37	95	9	32	4
83	22	72	89	8	53
66	86	97	64	41	15
96	52	27	5	27	27
100	81	59	44	84	47
80	98	42	79	65	89
58	66	34	72	34	34
81	19	20	37	72	47
23	92	92	30	79	39
24	24	82	71	66	24
65	43	4	100	59	13
70	39	22	79	98	99
21	3	93	92	13	61
15	75	76	84	26	97
78	83	38	3	83	13
31	93	31	78	31	36
25	78	84	86	79	15
6	54	26	43	66	45
6	41	41	63	41	30
79	23	9	21	2	63
10	34	7	7	89	7
83	19	81	26	15	12
25	92	85	43	52	29
76	8	65	66	68	81
88	8	99	69	72	97
19	58	2	44	39	42
25	24	82	17	9	16
58	92	97	14	39	30
85	17	28	75	28	28
36	19	70	94	10	37
5	34	31	93	71	83
48	36	81	35	35	35
31	78	12	15	98	20
53	47	47	67	47	5
8	8	14	75	8	96
74	10	99	10	10	50
52	37	47	72	28	94
31	13	22	29	90	95
54	11	7	26	42	6
20	62	88	68	66	60
98	69	47	39	50	61
44	1	18	74	36	23
7	31	66	38	84	56
9	81	78	33	64	93
21	11	72	56	55	72
69	25	57	9	25	25
18	100	82	46	84	2
49	34	42	73	3	3
10	60	35	21	30	78
10	69	79	10	77	10
66	81	18	18	73	14
90	50	89	57	91	9
78	89	33	44	69	90
26	26	26	39	84	93
30	23	23	23	72	2
48	1	5	8	82	9
11	57	11	24	11	37
66	84	64	30	33	47
41	12	36	88	74	7
60	85	73	51	78	81
4	32	53	55	92	93
4	48	10	57	65	14
50	16	16	49	83	16
40	98	27	6	22	38
24	12	20	30	97	87
99	79	48	36	96	16
92	36	19	79	17	57
30	33	28	59	43	22
14	14	75	69	14	59
60	5	20	72	36	82
26	99	82	87	87	4
6	25	73	52	85	33
2	1	82	87	16	7
74	78	15	15	15	43
20	13	13	89	43	13
100	39	99	3	48	93
33	90	48	72	33	64
31	65	61	30	57	8
14	53	19	60	92	50
5	4	95	24	85	91
79	29	29	29	45	33
88	54	18	6	49	48
33	92	81	21	4	69
19	25	50	100	76	80
75	94	17	1	74	90
35	27	33	17	27	19
33	27	20	33	85	33
19	45	49	30	89	23
77	37	80	32	39	29
30	9	50	62	43	1
18	1	58	1	37	74
5	44	6	72	88	46
23	93	67	99	15	61
57	55	8	36	29	21
88	10	19	64	10	10
12	74	81	50	56	38
24	55	24	24	48	6
12	12	93	12	38	81
14	45	12	94	74	2
78	23	92	48	96	46
30	23	30	30	25	96
58	92	69	41	43	63
29	51	19	47	47	81
84	35	4	69	89	64
83	56	58	98	22	94
47	94	27	85	53	43
93	91	64	29	44	3
13	13	63	90	13	68
15	15	7	83	15	64
26	54	35	26	26	46
29	26	64	36	74	77
26	78	18	18	18	95
16	85	35	91	96	15
66	82	80	54	97	6
40	92	49	80	40	72
2	63	2	2	38	20
96	98	27	27	27	83
13	92	50	89	91	67
24	23	23	93	26	23
88	59	14	24	90	39
10	97	2	28	2	2
13	13	5	48	53	13
58	56	20	79	31	29
100	32	32	72	32	80
4	32	32	32	97	93
13	13	34	31	13	26
11	13	13	31	49	90
2	58	94	21	2	79
69	43	63	57	84	84
48	56	24	24	24	8
23	55	73	81	55	48
38	32	2	52	11	93
76	46	56	50	97	64
11	18	18	17	18	12
46	96	80	78	59	100
55	8	83	5	16	49
77	74	55	17	10	35
41	70	30	74	75	88
62	95	84	94	49	6
87	31	31	45	31	27
2	99	47	100	2	2
76	87	66	7	19	43
18	66	7	18	8	18
73	69	50	41	41	41
1	8	95	46	59	19
79	49	49	49	56	66
36	25	36	35	70	36
90	62	57	35	91	44
54	89	61	36	5	40
90	56	97	55	48	88
48	49	45	4	54	26
61	83	75	12	22	47
36	81	74	22	2	99
3	84	3	3	51	37
21	26	46	15	46	46
97	47	47	66	47	83
42	65	42	67	96	42
53	38	87	12	94	96
79	42	32	1	78	22
68	48	22	47	22	22
79	55	49	61	20	40
31	84	40	40	1	15
38	52	50	50	58	95
19	25	18	61	45	87
6	13	53	56	65	98
15	18	90	75	42	88
3	37	13	10	92	30
17	96	43	9	27	38
81	31	44	59	76	40
88	82	70	41	19	55
34	23	74	3	18	13
94	12	54	80	66	96
35	64	57	96	73	50
47	95	47	2	91	47
15	56	43	53	25	67
67	75	15	16	12	56
74	70	42	100	89	7
76	17	36	98	20	42
65	89	1	76	22	3
18	24	50	21	19	65
23	51	22	44	5	49
56	98	72	82	2	55
94	12	61	77	45	7
41	51	47	32	93	68
52	91	91	65	22	18
42	11	11	31	11	10
79	93	10	51	87	92
29	55	31	90	82	35
16	56	34	98	8	68
49	40	24	49	49	15
35	17	41	36	5	76
84	19	18	18	18	46
19	100	4	63	1	56
38	58	6	15	10	1
38	73	2	2	2	43
7	30	66	85	2	38
83	31	91	66	54	70
39	29	17	30	23	51
97	70	91	4	89	42
58	97	44	12	76	75
86	1	81	12	12	12
42	98	18	68	18	18
82	82	45	46	82	78
87	38	67	30	41	13
79	8	24	47	49	21
88	48	48	98	48	6
65	42	23	23	43	23
41	85	41	41	79	96
30	33	97	80	33	33
12	79	41	15	25	69
24	60	24	91	18	24
70	68	11	30	35	99
60	86	88	91	44	62
84	92	67	24	86	75
29	6	49	60	79	78
15	15	51	77	15	94
51	37	3	3	3	35
41	41	39	41	12	82
79	81	35	34	98	87
58	38	38	52	67	38
97	83	44	60	70	7
91	89	98	82	59	55
66	25	85	19	12	76
16	12	24	4	17	25
93	7	7	40	11	7
86	8	94	89	87	32
27	27	8	37	27	29
21	59	100	25	73	67
32	32	34	43	59	32
43	55	86	36	48	58
46	17	33	63	37	32
84	1	28	68	70	97
82	75	65	18	61	59
4	99	4	63	98	4
10	22	21	63	73	52
75	63	36	86	10	82
51	46	77	76	67	43
4	14	42	95	62	51
22	16	16	20	57	16
98	52	44	22	91	20
33	87	39	4	33	33
86	89	28	32	5	49
80	97	48	14	84	53
25	85	58	79	21	34
27	3	27	27	88	50
78	82	77	48	48	23
9	46	98	18	41	6
42	21	36	20	30	36
1	22	5	30	16	83
2	92	34	47	56	96
72	38	4	38	55	38
61	28	86	59	1	49
96	87	36	16	40	72
66	62	9	97	28	7
22	22	9	54	22	27
8	39	72	97	39	39
96	8	28	7	7	7
41	80	41	81	41	48
21	80	96	53	84	23
46	32	46	86	9	46
46	97	46	49	46	65
39	55	75	58	64	90
56	51	13	13	23	23
44	96	53	49	70	3
18	18	18	3	88	52
56	15	82	19	53	25
29	60	10	80	67	81
85	97	26	24	4	36
77	38	30	22	30	53
94	93	27	54	95	60
19	53	26	65	72	2
75	7	91	46	85	48
12	89	6	55	82	32
46	10	71	10	10	38
16	78	77	4	62	34
53	9	30	50	2	19
49	59	14	15	58	91
82	55	23	51	57	17
65	18	84	77	52	40
22	47	76	12	49	51
1	97	79	51	47	53
83	74	10	16	45	32
17	44	78	17	62	81
30	4	4	82	32	4
74	40	31	24	40	26
28	83	88	27	37	33
16	84	77	48	34	68
34	61	73	83	90	62
83	56	46	31	80	61
48	48	80	48	8	2
20	20	40	12	20	98
42	42	42	45	58	41
29	62	55	18	95	47
31	30	68	31	31	11
89	32	99	56	79	4
87	65	60	17	56	78
87	27	86	27	11	65
21	46	96	17	68	69
18	45	36	45	45	98
4	82	9	7	78	1
99	10	53	20	39	98
40	64	52	45	15	90
13	95	69	80	28	64
100	84	48	44	94	67
33	69	69	93	89	27
68	62	54	16	81	41
40	98	39	11	52	38
61	8	9	30	2	59
96	33	38	82	33	42
44	32	56	84	77	79
49	35	10	94	49	49
58	91	73	87	28	55
23	99	9	85	35	33
71	10	10	10	36	16
13	9	81	73	75	76
9	57	48	39	9	9
26	36	85	32	66	67
36	31	59	7	15	57
39	38	28	32	21	47
61	39	10	60	85	71
98	35	51	28	41	23
10	68	57	4	39	25
90	98	97	77	77	6
11	95	85	33	48	15
13	73	26	54	57	16
45	45	45	1	28	29
94	32	79	73	8	54
3	21	12	12	10	12
34	77	79	34	35	34
21	32	32	32	40	9
82	47	17	58	38	14
11	11	99	11	21	52
15	58	15	63	15	78
18	71	39	72	45	75
30	76	16	6	18	14
68	97	17	93	76	59
28	26	50	70	28	100
40	53	41	55	80	9
33	16	85	73	58	16
91	70	1	54	44	64
90	12	26	33	89	26
57	23	41	4	4	4
72	67	40	41	94	16
18	50	96	68	79	42
22	78	85	64	36	16
53	91	39	21	66	53
43	57	12	43	99	43
93	28	62	43	44	51
84	20	78	54	19	94
50	45	50	50	14	97
16	16	8	50	17	16
28	30	30	49	64	30
90	46	6	54	32	49
15	74	28	59	96	57
14	91	29	44	93	5
19	22	2	3	55	94
37	96	37	37	70	68
99	96	67	90	66	4
15	78	39	24	30	34
42	3	79	21	34	29
48	68	6	63	4	92
65	30	71	99	32	69
84	13	88	17	1	84
89	9	90	39	15	37
68	43	62	43	55	43
11	12	77	12	71	73
48	49	85	6	96	73
28	15	44	39	77	85
96	10	30	24	72	100
37	70	69	37	37	2
73	59	19	62	100	30
22	22	60	38	22	91
67	38	30	23	16	32
34	42	3	81	50	51
55	76	10	59	91	42
5	10	97	40	93	99
73	52	78	70	75	85
98	97	94	45	51	80
27	27	13	27	77	3
29	45	86	10	38	39
47	8	12	8	8	86
21	83	16	79	39	64
3	89	56	31	89	77
3	47	52	76	92	42
67	43	82	7	21	34
24	24	36	73	24	93
27	44	63	100	16	49
48	48	47	48	17	38
97	83	96	68	80	56
99	36	44	94	44	44
19	24	9	24	24	39
32	93	65	20	11	56
69	2	34	76	86	22
48	48	84	69	48	77
34	6	41	49	5	85
70	21	46	66	35	15
88	36	23	83	84	4
40	40	40	83	50	63
55	11	34	89	15	64
92	75	20	76	16	34
15	3	34	3	24	3
6	14	5	40	6	6
13	3	3	31	3	20
69	73	16	26	43	29
51	25	64	60	73	88
55	51	56	8	53	82
64	23	51	23	23	54
7	31	87	66	49	4
67	24	90	38	46	8
12	47	24	11	91	75
22	22	72	81	35	22
5	5	5	67	89	33
15	96	89	99	89	85
39	39	39	62	91	92
59	23	23	23	58	84
58	92	45	88	83	76
38	38	68	40	58	38
72	82	96	31	91	100
32	49	11	2	46	29
88	42	99	72	25	22
37	59	43	35	29	56
62	61	37	46	34	56
7	69	11	81	20	7
28	28	60	18	28	42
99	53	39	7	1	75
8	5	54	85	93	88
40	26	42	40	2	40
20	66	11	25	51	50
30	23	86	18	74	47
32	33	88	32	32	64
54	17	85	84	70	72
36	48	36	85	36	87
88	33	4	33	78	33
70	38	48	90	20	30
15	14	2	34	15	15
50	64	43	27	56	72
17	13	79	66	60	7
53	62	51	51	35	65
19	15	60	19	19	67
2	55	27	39	47	59
2	23	3	2	2	78
26	29	15	26	36	26
42	80	53	12	35	63
85	66	79	50	16	80
93	58	1	14	14	16
11	3	16	24	59	72
10	20	80	80	28	45
31	16	39	8	3	55
36	2	9	84	88	72
77	23	37	71	3	76
87	9	8	24	9	9
13	64	21	90	3	83
16	22	29	91	40	57
48	41	53	20	20	20
60	15	20	32	98	38
64	66	57	86	78	27
60	53	75	78	93	100
21	16	29	29	39	29
96	63	79	25	27	87
68	98	67	8	29	17
11	74	53	11	16	11
43	98	72	44	53	41
87	98	42	54	39	75
34	19	38	64	62	55
99	3	62	61	86	53
43	28	12	79	72	8
43	28	82	15	2	2
33	50	29	91	33	33
8	82	60	27	68	98
96	23	26	68	13	46
23	8	80	53	43	95
33	10	74	81	99	78
6	33	13	78	72	51
92	45	45	72	45	76
56	33	2	31	8	23
95	91	56	91	92	64
1	24	57	10	82	76
67	16	99	83	49	89
28	28	32	4	28	72
73	63	47	56	85	38
59	16	8	98	78	82
8	92	84	7	57	84
51	31	31	48	29	31
50	38	44	72	69	25
21	87	100	48	10	80
18	89	88	52	71	40
36	76	30	72	18	15
21	21	21	19	97	61
11	11	78	11	87	85
69	82	73	73	16	52
84	10	65	14	65	61
24	56	47	66	26	66
75	15	70	15	15	39
75	43	57	35	16	83
47	21	36	36	73	36
89	45	45	77	45	11
48	80	30	86	15	44
60	53	63	57	93	86
27	85	42	35	82	39
90	77	59	77	51	55
35	55	35	35	10	73
75	41	41	41	90	42
60	76	30	71	90	55
35	81	9	73	24	59
31	6	6	6	1	49
56	57	37	37	37	69
76	69	48	70	2	29
36	100	2	36	93	36
83	10	73	100	16	84
84	46	46	46	49	27
71	53	36	58	45	33
61	43	20	20	20	59
46	27	46	22	100	79
85	28	33	28	12	28
79	26	70	39	26	26
18	96	16	70	55	79
13	25	13	41	13	8
83	27	49	84	26	42
45	3	83	22	45	45
39	16	1	35	44	54
16	23	82	16	55	16
8	35	53	23	84	91
25	72	60	91	25	25
6	6	89	55	1	6
9	52	34	34	34	91
21	48	60	5	78	100
68	34	60	75	40	32
38	50	71	18	24	86
29	49	30	30	78	30
48	1	14	52	27	28
54	84	90	83	58	40
68	66	42	2	69	70
31	64	31	39	73	31
54	78	60	92	69	45
71	85	45	1	68	52
17	5	59	5	5	98
18	41	96	41	41	34
29	68	29	29	44	31
23	43	79	41	32	9
87	6	30	67	32	18
39	44	99	10	48	61
75	28	88	13	93	6
57	8	83	7	62	44
48	62	85	13	10	83
45	71	94	39	28	30
39	39	25	74	51	39
55	52	64	44	72	91
3	31	1	1	1	48
89	25	19	56	25	25
20	65	98	76	11	23
38	26	43	43	72	43
20	92	5	7	43	69
27	49	70	49	49	13
43	45	29	58	70	62
97	89	50	33	89	68
19	87	30	30	30	25
18	39	61	39	39	47
65	60	79	32	25	82
49	14	83	99	62	47
3	21	21	21	40	68
16	19	33	60	97	17
57	11	47	53	47	47
20	20	20	72	16	51
72	48	82	91	24	95
33	87	81	33	33	96
14	70	96	43	93	37
72	51	82	24	73	21
48	35	24	94	2	32
64	46	65	45	48	93
22	27	55	97	72	41
39	89	4	99	61	51
50	49	43	49	38	49
100	51	50	75	64	20
20	7	20	20	60	17
20	43	2	71	20	20
4	62	28	87	66	18
18	69	38	46	4	41
83	79	71	91	49	78
50	33	27	6	19	17
68	1	6	4	82	92
86	91	5	90	82	85
82	54	14	8	46	12
9	19	35	63	22	55
1	29	32	26	32	32
63	71	38	72	35	90
18	9	69	48	88	44
32	99	46	29	25	41
75	55	35	39	18	21
19	94	92	10	29	35
27	51	89	52	96	13
78	22	38	82	52	13
73	65	43	24	39	88
29	79	60	45	30	5
95	11	5	75	95	98
58	87	88	80	21	27
81	7	56	87	31	85
15	15	57	15	14	1
3	24	29	72	57	72
39	83	99	7	97	5
16	16	74	64	16	77
3	30	46	30	58	30
56	38	100	40	40	40
77	22	4	40	5	50
4	95	93	34	65	48
82	25	60	63	31	37
34	95	14	65	67	78
29	82	29	59	29	75
42	97	28	52	92	1
6	17	72	82	1	33
29	12	2	15	40	68
63	87	9	16	98	2
74	29	62	53	83	77
44	99	44	49	68	44
38	24	68	80	48	75
12	75	12	38	89	12
52	41	72	18	41	58
27	48	70	37	15	51
6	60	6	6	37	94
30	36	2	76	13	6
8	77	79	15	20	49
37	31	50	18	52	39
1	30	62	57	41	12
51	3	26	95	36	92
22	91	4	81	95	38
87	44	37	94	17	30
5	17	74	97	12	64
87	66	96	85	85	28
12	49	77	31	83	61
42	2	34	57	6	92
90	83	81	100	19	2
100	68	65	62	49	31
25	35	78	51	38	75
16	49	16	74	16	83
6	56	6	6	37	93
5	73	6	84	75	13
46	24	12	80	21	45
41	81	48	14	41	41
94	95	70	8	91	52
27	29	68	24	44	10
25	85	31	25	73	25
98	60	43	86	29	64
49	12	1	9	72	87
85	59	77	67	96	36
51	48	63	82	73	98
13	74	44	52	44	87
79	20	97	99	25	21
9	94	48	8	88	46
92	100	42	93	47	88
99	20	20	98	20	22
21	93	15	29	48	8
31	58	14	9	34	19
5	5	92	73	5	19
44	91	7	74	61	65
69	12	50	50	54	50
48	48	75	48	11	33
34	72	81	70	75	52
51	36	65	36	36	7
9	21	68	31	30	92
38	76	10	79	6	29
60	88	37	69	74	32
88	51	53	23	58	31
49	49	57	49	68	78
12	82	40	40	92	40
68	68	82	15	15	21
28	5	65	10	5	5
99	79	69	18	96	74
68	85	48	37	65	43
62	5	57	94	82	67
18	41	49	25	14	90
25	25	5	20	91	25
49	29	74	33	31	47
41	20	20	4	20	24
6	46	64	16	30	62
82	64	100	5	92	60
54	29	13	29	29	89
77	93	27	50	76	80
65	41	4	71	1	5
25	64	18	86	87	3
19	95	9	56	84	61
75	81	28	80	74	32
96	76	52	23	38	11
82	38	38	65	42	38
66	56	10	38	7	90
19	39	39	28	17	39
67	37	9	62	75	35
24	48	63	95	23	26
29	98	4	29	92	29
15	15	62	93	15	25
47	50	99	60	47	47
54	45	23	78	28	14
34	11	5	68	11	11
91	72	19	51	46	15
28	32	46	11	29	8
19	19	19	94	1	93
48	1	28	30	30	30
27	27	61	27	56	9
51	3	16	51	37	83
84	10	16	10	43	59
31	14	49	78	31	31
63	39	17	61	93	70
71	68	24	95	79	93
1	85	35	3	37	84
43	13	8	13	13	10
62	54	44	28	28	28
65	71	87	51	91	49
46	46	18	54	76	46
33	42	66	15	29	15
8	31	63	69	74	84
88	49	92	62	54	8
16	24	71	89	93	91
33	85	50	59	93	99
29	83	29	7	51	29
79	9	1	96	17	48
92	44	48	15	9	81
16	76	39	45	83	12
66	40	49	6	81	76
31	8	8	50	68	8
72	17	55	17	17	86
49	47	69	86	2	89
21	64	20	51	49	20
94	10	56	89	70	64
51	4	91	53	4	3
4	48	25	35	4	4
2	4	18	15	2	2
70	49	28	45	82	61
61	69	63	89	79	86
42	28	78	59	5	89
32	30	30	34	30	2
76	48	5	5	10	13
88	70	46	24	64	76
33	21	52	21	21	3
76	100	25	88	57	12
17	17	59	69	63	17
27	27	27	78	14	6
34	34	34	26	58	44
22	39	6	71	14	82
50	42	93	90	50	50
30	30	30	56	43	72
86	99	91	34	64	95
63	11	78	70	22	96
15	14	11	72	64	27
7	32	17	80	62	34
6	5	13	58	95	94
25	40	38	40	57	40
91	28	69	48	48	48
49	85	77	32	45	11
67	100	91	85	17	43
96	2	34	7	49	3
3	36	91	3	3	72
16	50	16	60	93	16
45	48	57	67	22	85
60	26	57	8	44	63
58	78	42	31	80	45
3	86	17	59	24	76
56	79	59	90	95	28
45	16	81	75	71	3
85	38	48	65	87	71
19	90	94	25	65	65
16	16	71	84	20	16
36	36	20	36	72	71
31	77	69	49	72	100
43	72	9	63	74	67
64	10	44	79	10	10
39	35	64	44	19	60
75	81	92	76	36	83
38	49	67	66	51	90
50	38	82	3	62	13
83	55	36	64	16	4
69	87	83	46	30	93
32	93	44	45	83	65
54	22	22	1	22	58
70	39	93	24	98	88
93	8	8	39	8	51
1	18	32	42	92	80
11	6	89	2	21	95
44	27	95	73	53	66
97	12	54	28	85	61
25	29	14	72	61	48
43	22	39	92	39	39
59	52	14	11	83	72
80	98	42	11	11	11
19	48	97	21	86	17
75	18	67	60	48	18
2	26	5	4	83	70
47	35	14	81	19	74
93	54	23	51	16	34
77	34	30	97	63	40
91	89	83	60	49	24
98	77	20	36	63	44
12	27	80	5	89	34
86	6	6	6	97	73
26	62	38	13	18	25
81	43	18	43	43	58
85	32	12	32	32	60
14	14	44	31	14	8
4	3	66	18	87	42
77	46	46	70	26	46
74	67	11	11	85	11
20	45	65	20	30	20
52	12	84	6	2	40
82	74	63	39	37	51
42	36	64	31	36	36
16	2	67	32	63	1
11	87	80	27	40	32
39	17	85	31	18	71
38	25	64	95	82	90
11	38	82	21	54	1
79	74	42	23	91	46
95	86	63	56	5	8
51	90	89	9	11	35
43	43	41	70	43	88
26	26	4	35	50	51
73	45	45	45	66	51
23	4	7	7	51	7
77	61	83	83	94	83
92	64	39	1	63	88
68	4	10	2	26	54
54	45	1	37	76	79
93	35	63	53	8	89
37	86	97	5	86	77
64	7	63	67	23	31
84	84	30	78	50	93
48	49	49	89	49	54
46	57	89	46	46	39
74	90	2	46	11	99
17	53	3	85	86	14
89	3	98	49	48	78
91	58	8	97	74	22
63	61	54	33	4	61
82	42	42	42	27	69
6	75	35	22	35	35
47	14	47	5	47	69
66	41	58	85	46	24
55	40	47	37	15	55
86	80	21	57	61	42
42	1	45	15	19	28
97	98	14	77	18	87
28	82	13	59	61	2
39	26	26	19	18	58
7	88	5	47	53	97
50	74	50	2	34	50
11	84	8	27	10	50
81	35	6	26	13	41
4	82	57	73	64	61
82	9	20	96	98	62
32	10	32	32	80	92
25	5	59	63	83	68
38	45	61	14	55	60
32	65	38	84	47	31
36	38	18	42	87	76
93	36	94	98	66	100
76	63	95	20	95	45
30	16	45	31	75	67
27	26	57	7	78	39
90	74	92	22	43	32
21	99	58	97	97	77
64	64	90	60	16	55
9	23	27	30	44	23
13	15	61	22	22	22
67	84	48	51	19	25
49	87	99	83	76	19
77	24	65	60	77	8
91	16	16	72	69	90
27	27	37	53	52	27
56	10	92	98	14	2
79	65	34	21	44	24
24	81	9	30	39	46
56	37	35	61	49	50
27	92	27	37	27	52
50	37	7	63	70	33
39	56	3	39	34	39
91	67	23	1	65	73
42	7	7	7	90	11
57	22	52	92	95	98
40	79	46	60	97	48
19	76	100	41	87	2
29	29	15	27	69	29
35	35	30	35	97	45
5	35	88	35	90	35
52	93	82	47	51	20
47	75	47	47	26	1
29	53	88	52	29	29
89	98	41	76	55	40
18	97	96	62	94	87
28	48	35	48	50	48
69	55	20	64	53	67
71	54	1	30	88	93
32	64	23	75	67	95
6	63	67	5	63	57
23	29	29	29	12	37
80	91	21	95	50	60
44	5	45	68	37	77
35	13	91	24	99	51
48	91	96	99	51	49
29	4	78	14	30	60
51	63	10	41	100	36
89	27	65	27	27	64
91	100	75	96	52	73
7	85	66	24	9	55
68	67	61	65	2	36
76	1	100	54	55	50
81	44	68	81	61	63
66	91	4	75	13	93
23	60	23	16	23	99
39	95	53	26	82	7
17	64	79	58	36	37
45	46	43	43	43	26
82	62	37	20	97	98
82	23	6	71	61	68
13	13	7	68	13	8
48	43	77	67	48	48
80	63	62	13	79	30
31	37	8	8	8	67
13	3	66	42	13	13
24	20	30	79	97	38
69	94	15	66	96	82
21	14	24	34	72	81
15	67	55	72	77	78
17	26	36	79	83	58
36	50	96	36	81	36
74	64	47	30	30	30
1	14	14	14	81	74
100	75	93	29	43	41
75	12	43	14	82	71
94	12	45	39	47	31
33	6	12	11	36	41
67	79	42	61	78	51
40	76	65	55	15	29
2	73	87	2	2	86
47	47	46	8	47	53
39	71	14	16	70	54
4	81	7	5	5	5
80	55	62	67	90	24
31	22	31	93	31	100
31	98	73	10	24	24
54	98	54	64	29	19
96	58	16	88	100	89
58	48	42	98	22	59
35	2	35	39	30	35
59	10	94	25	3	15
56	100	50	69	73	20
96	78	28	98	24	33
13	13	34	2	13	33
59	96	83	42	13	36
36	41	35	1	32	49
97	88	58	15	82	16
79	21	29	16	17	61
63	15	77	43	2	10
73	23	12	69	95	68
100	99	75	32	64	29
65	98	7	7	7	19
46	4	13	66	83	48
16	43	47	47	47	85
74	32	31	76	66	20
72	86	6	6	6	88
20	50	64	6	81	30
82	7	100	7	7	19
45	89	37	27	33	54
3	51	53	18	87	87
27	80	71	61	94	65
96	17	40	51	3	26
41	94	92	71	41	41
48	48	20	97	28	48
34	4	34	34	60	38
82	53	30	89	37	33
5	6	51	34	35	5
57	9	22	22	80	22
27	71	70	27	7	14
33	86	71	8	18	59
53	66	56	36	72	35
50	39	58	70	78	87
45	19	69	29	25	62
62	41	78	41	69	41
70	5	31	17	61	30
56	59	46	15	83	72
93	63	92	46	55	14
22	37	22	60	3	22
99	86	94	42	38	3
26	4	79	72	26	26
74	54	84	95	54	5
96	76	87	50	58	26
37	9	51	25	25	25
27	27	30	8	27	17
32	96	32	81	32	60
1	34	87	2	34	50
87	100	45	7	13	71
39	18	39	47	78	39
47	75	13	84	51	13
70	10	33	33	46	33
20	14	63	81	94	5
36	38	66	34	57	21
11	97	4	56	72	31
51	65	18	80	76	19
26	84	26	25	7	26
61	50	22	97	94	3
82	75	61	31	69	29
90	42	10	88	16	49
75	64	48	74	46	71
16	16	20	16	19	39
47	28	70	6	48	43
70	54	62	99	35	47
51	38	41	43	17	30
77	9	37	80	87	29
72	54	74	42	37	9
50	63	44	46	64	5
29	71	73	49	98	6
74	65	21	29	77	99
76	71	93	60	53	55
41	27	84	24	83	26
21	31	60	12	83	39
35	38	4	9	4	4
9	78	26	29	73	88
74	6	14	14	91	14
67	15	67	24	96	52
78	70	22	85	73	3
56	62	66	8	99	21
26	75	70	4	84	59
64	73	83	51	45	79
80	12	25	13	25	25
48	48	60	5	48	71
96	5	99	82	82	17
42	71	86	28	52	36
51	21	33	90	24	61
56	20	38	35	91	78
45	91	45	19	89	45
93	78	95	34	79	15
55	95	48	45	30	48
51	82	71	27	29	95
57	4	19	62	7	37
61	23	63	49	84	91
23	20	55	55	95	34
64	73	35	1	20	88
68	66	81	42	79	31
5	84	7	5	5	20
44	44	14	44	25	90
13	13	64	21	13	59
15	23	30	50	18	80
94	14	6	6	6	22
62	46	92	46	46	56
73	52	76	85	94	36
68	69	57	51	61	51
52	66	27	98	53	30
47	86	17	49	39	66
27	16	34	27	9	27
33	18	47	56	5	66
26	58	16	75	4	25
67	26	26	26	17	9
38	70	25	31	56	19
6	98	44	10	17	31
19	31	80	11	91	49
22	19	22	34	81	22
15	97	39	78	22	45
29	10	25	63	76	47
4	26	4	66	4	43
28	94	28	28	9	37
70	78	75	77	45	64
40	44	3	7	32	58
92	46	46	42	84	46
15	38	12	34	33	4
42	8	58	7	39	27
86	26	45	88	44	67
9	90	11	90	49	19
23	63	52	26	17	14
25	43	49	36	73	2
23	66	14	45	70	44
96	17	68	52	89	84
65	13	77	36	20	19
77	49	65	71	97	30
6	83	15	39	48	93
16	43	37	76	8	91
20	10	35	20	20	1
9	64	16	93	29	39
47	80	67	4	92	88
94	52	25	56	70	6
27	27	64	51	27	12
3	41	78	74	32	30
32	26	35	99	53	92
19	34	34	44	38	34
13	42	20	33	32	69
29	29	29	74	62	68
21	66	3	87	43	20
91	53	58	99	23	21
50	9	96	67	96	51
25	30	57	69	92	12
34	26	30	28	49	61
66	3	46	46	44	46
15	70	26	82	60	61
3	43	3	53	62	3
3	60	8	5	16	33
89	57	27	40	20	34
62	93	3	33	4	10
37	91	6	33	50	86
44	25	18	90	82	70
95	26	34	26	41	26
13	10	86	84	92	54
78	100	95	89	16	52
72	8	89	8	79	8
16	63	65	68	36	25
63	48	41	7	36	99
74	32	57	41	12	83
25	25	25	17	47	55
57	76	13	46	30	20
9	65	95	54	55	87
13	62	14	1	55	20
30	47	45	40	12	8
99	52	27	57	44	4
36	53	36	95	54	36
66	31	31	97	37	31
37	100	11	98	85	97
16	72	100	85	33	15
31	86	14	36	36	36
87	24	11	11	85	44
68	96	8	89	60	69
31	50	78	90	35	40
38	75	53	69	91	28
22	78	3	80	91	87
46	78	46	7	44	46
97	88	51	39	33	93
34	34	67	34	61	38
46	27	26	13	65	59
47	74	88	64	16	33
31	25	94	74	69	64
11	1	25	80	1	1
4	4	100	4	27	51
7	14	21	43	51	54
53	4	86	33	33	33
74	6	63	100	81	72
33	55	33	33	82	97
43	4	94	33	78	90
15	65	55	30	32	15
44	94	18	91	33	22
25	33	22	63	73	59
51	74	27	67	42	42
92	31	89	5	25	65
26	79	44	31	52	99
77	36	88	37	27	24
16	29	29	89	18	29
62	54	62	24	43	29
74	70	22	60	59	26
58	30	84	34	41	40
6	89	87	56	42	22
87	1	18	53	97	54
75	54	53	64	53	22
19	19	63	89	74	19
56	41	48	89	66	61
37	37	48	61	27	37
51	45	67	19	48	27
73	23	63	31	1	64
11	11	50	2	11	45
12	18	73	10	36	24
83	66	76	69	71	51
79	35	67	21	70	59
34	6	77	6	6	14
87	91	62	27	54	88
7	10	54	4	15	82
86	2	57	57	64	31
6	57	6	54	6	56
64	83	46	29	22	91
40	11	47	56	11	11
97	16	82	20	70	25
11	12	3	11	11	9
37	16	94	31	20	30
13	39	86	6	3	55
40	72	9	20	84	83
50	5	59	55	59	9
24	95	30	40	98	91
91	96	90	60	9	41
82	98	42	97	93	61
86	34	97	55	21	100
28	37	93	85	83	69
92	9	15	8	48	63
4	99	18	36	19	75
15	77	60	18	53	78
9	5	55	9	54	99
64	90	29	68	100	13
24	2	13	54	64	36
57	98	38	36	48	97
31	50	29	38	29	29
99	30	68	47	28	26
38	50	62	40	19	57
8	92	36	70	15	68
64	35	17	35	83	91
7	91	36	36	60	36
89	85	47	17	73	24
20	20	67	30	20	11
98	36	35	31	18	29
46	99	12	2	20	47
9	7	27	7	89	7
73	32	44	32	32	38
69	53	19	82	46	6
6	46	44	93	88	17
7	46	86	15	100	41
68	98	99	42	6	72
23	7	21	48	40	45
84	20	45	50	36	53
48	27	22	6	88	88
14	71	11	78	8	3
15	80	39	45	9	96
36	1	1	15	10	96
81	96	28	93	16	20
9	9	45	13	90	9
37	37	37	95	24	81
59	26	97	40	97	4
52	65	80	95	60	71
63	1	45	13	54	29
29	50	92	21	72	57
39	6	96	97	80	74
79	83	72	88	20	18
20	82	20	31	95	20
29	87	37	58	75	51
61	84	17	94	17	17
71	77	69	43	99	54
48	13	90	67	87	35
95	60	52	77	97	47
95	80	28	90	26	78
18	5	60	5	39	5
11	79	81	21	30	48
21	20	92	28	42	9
98	45	34	41	62	94
60	21	84	54	60	60
72	90	78	15	77	46
74	88	1	41	41	41
28	23	31	34	34	34
33	49	49	50	9	49
90	33	18	33	65	33
4	4	52	17	86	4
6	9	29	78	95	12
74	54	13	36	64	30
3	3	3	84	91	11
67	70	8	63	74	1
16	71	26	52	39	95
68	14	15	84	7	90
3	15	4	40	58	85
36	39	30	21	81	36
46	18	26	34	23	95
42	12	96	12	10	12
8	95	86	39	88	24
89	86	20	100	97	52
41	41	86	41	65	89
71	83	18	5	22	83
87	17	50	79	72	59
75	54	55	30	67	24
24	9	75	12	24	24
76	78	25	25	91	25
39	31	38	98	100	80
92	31	29	83	15	51
5	97	21	21	51	21
91	10	39	10	55	10
34	28	28	55	72	83
23	29	5	29	39	29
74	71	44	26	3	63
29	65	29	29	15	76
14	21	21	94	21	62
33	43	8	33	33	10
10	80	92	2	65	89
24	46	81	20	38	76
23	67	23	23	88	75
41	19	55	41	12	41
61	21	70	21	69	21
10	10	40	80	93	10
11	31	75	76	41	99
24	10	15	84	55	55
30	36	50	36	49	36
36	27	35	27	55	27
1	97	44	99	44	78
45	43	96	44	38	37
80	48	27	27	27	63
64	43	13	92	29	29
87	75	42	49	34	28
40	87	69	40	40	55
44	86	81	27	57	16
62	37	36	36	4	80
2	2	79	2	54	100
48	87	44	99	19	11
86	51	54	42	59	85
71	27	6	5	82	99
44	65	7	48	90	63
10	10	77	96	10	23
10	94	84	20	10	10
32	99	14	68	73	76
99	30	72	50	77	90
15	15	60	15	44	6
22	29	45	49	9	75
48	98	51	53	79	50
66	54	28	34	22	47
83	87	36	62	24	97
39	85	74	57	20	14
79	10	73	49	92	33
1	54	19	19	19	40
51	73	24	13	92	52
86	58	19	43	21	56
34	2	2	2	1	5
25	14	11	50	50	50
15	8	35	26	42	69
94	31	15	24	15	46
81	22	2	70	98	86
49	28	17	28	28	42
45	45	45	82	91	99
85	75	47	88	12	7
17	27	91	38	96	57
40	40	40	13	74	72
7	62	10	18	86	86
63	37	75	37	62	37
86	55	63	25	20	65
58	12	4	100	22	9
40	6	97	28	3	36
82	55	64	7	55	84
45	45	45	90	2	17
38	3	16	40	61	92
18	46	1	27	29	41
7	26	7	16	7	18
45	45	52	25	45	83
16	93	46	16	1	16
62	18	25	8	8	32
5	16	29	3	29	70
82	36	36	36	81	43
51	78	89	31	38	89
24	24	25	83	82	45
13	8	13	50	1	13
57	26	43	70	32	49
36	2	46	58	95	69
57	89	87	63	11	23
82	4	23	23	18	23
61	93	2	87	58	21
93	5	84	77	50	100
42	40	49	57	8	63
25	25	14	85	86	56
34	15	54	15	15	63
98	5	46	33	49	82
59	49	9	22	82	88
33	61	53	74	78	68
98	38	31	74	31	31
26	14	2	26	26	18
56	32	73	2	71	34
6	14	7	40	17	19
22	49	62	58	14	57
3	41	73	69	37	82
18	55	25	25	43	25
35	94	60	70	80	35
21	78	18	33	21	21
25	81	24	73	28	96
63	70	32	3	86	17
90	94	99	80	60	24
4	5	98	4	96	42
89	76	89	48	64	7
80	8	43	89	38	33
98	22	99	36	27	90
90	12	93	97	19	57
81	37	3	94	3	3
40	7	47	49	22	76
1	20	56	47	70	8
23	35	29	61	60	19
7	27	19	96	19	19
14	20	60	65	58	55
15	43	61	42	80	35
42	60	97	45	59	52
79	24	22	55	50	18
87	36	36	55	36	15
76	15	2	88	55	29
23	4	66	34	88	52
44	84	56	31	95	82
32	24	27	32	96	32
97	65	32	33	59	34
43	71	41	62	72	74
36	32	36	22	36	63
93	30	12	12	12	55
8	95	26	88	45	77
33	88	51	94	32	96
22	12	6	100	55	40
10	56	63	6	24	57
38	45	6	7	31	30
42	99	42	29	42	16
54	31	6	94	60	91
7	12	100	12	12	47
3	49	3	68	3	78
2	57	45	42	53	65
32	22	19	22	22	65
29	43	17	25	46	77
51	12	69	100	41	9
24	42	14	10	50	68
84	89	44	71	92	42
25	74	75	32	80	41
72	5	9	49	28	32
89	98	53	5	84	90
56	18	23	85	73	90
6	26	77	24	9	89
44	72	79	76	4	10
22	2	10	39	85	74
55	4	93	93	7	91
60	31	31	31	8	62
71	11	37	46	12	92
83	12	70	58	100	89
72	48	23	25	52	99
32	46	54	72	18	30
46	89	79	46	46	45
15	52	15	15	86	42
62	47	47	83	47	72
5	30	76	85	57	88
3	39	26	46	95	35
88	93	41	88	51	53
86	4	60	4	92	4
41	85	56	41	41	57
96	8	40	38	36	62
57	71	11	90	70	59
23	39	78	80	32	75
14	98	76	40	28	67
15	48	11	11	11	91
35	21	52	90	99	92
89	49	25	3	64	56
29	18	59	33	55	98
100	73	60	53	29	86
56	56	43	63	86	100
65	84	7	77	29	59
32	11	11	100	26	11
32	76	74	39	79	87
17	24	15	33	73	19
28	83	95	58	32	53
27	49	82	72	2	10
21	51	6	21	21	36
32	44	27	10	98	63
87	41	65	46	25	58
9	67	34	26	80	3
9	40	14	69	95	8
66	37	53	84	35	29
30	34	15	68	95	34
49	36	49	79	99	49
45	28	33	52	50	26
96	32	68	68	25	73
30	52	20	71	55	60
85	19	6	59	64	47
57	33	40	68	10	8
37	24	32	71	23	39
50	55	77	50	50	40
61	57	90	48	77	4
18	76	18	59	39	18
7	58	7	7	65	74
70	23	80	26	34	94
72	31	9	9	80	9
81	21	9	60	91	17
32	56	56	3	70	52
9	99	13	88	4	9
1	27	1	1	21	7
41	95	41	78	41	67
45	25	1	56	45	45
1	22	92	71	57	16
35	83	84	8	28	24
95	66	25	25	11	25
57	63	6	41	32	52
27	78	83	57	27	27
34	41	30	12	12	12
9	68	66	94	2	56
73	42	3	4	4	4
44	78	77	98	96	37
50	82	16	82	62	2
42	72	19	23	23	23
5	42	66	57	15	22
96	5	50	32	71	49
23	77	95	22	23	82
10	8	16	8	87	8
6	30	97	30	30	48
98	20	45	45	23	45
3	40	84	38	56	34
75	37	76	4	97	6
43	13	46	87	71	18
11	72	81	70	7	27
93	11	95	26	34	100
35	79	27	11	11	11
24	42	76	48	23	93
45	99	97	88	67	31
97	14	47	5	31	72
49	38	90	94	46	87
80	48	37	25	99	71
68	1	1	55	1	16
29	36	29	47	73	29
28	36	83	20	36	36
62	36	10	81	12	74
33	33	98	44	33	80
23	74	17	1	17	17
94	58	95	78	52	94
58	31	35	25	27	30
44	61	68	44	44	24
73	42	41	16	32	87
29	17	70	21	53	96
15	15	93	15	24	35
80	15	70	4	2	66
91	61	2	10	39	64
9	42	79	51	74	67
58	20	93	61	84	97
44	89	44	42	15	44
98	48	68	68	65	59
16	41	74	33	27	45
50	59	33	79	99	87
92	40	88	66	88	40
72	61	95	69	85	30
96	20	50	50	50	19
23	2	82	60	29	7
25	85	19	66	35	62
72	71	91	4	19	20
31	33	15	61	80	59
63	39	8	39	39	92
1	10	75	71	27	81
55	37	37	6	13	37
20	1	81	62	50	87
13	53	40	9	7	14
84	46	58	84	72	56
29	10	78	48	82	4
29	41	22	78	17	100
46	45	36	47	46	46
87	23	49	23	48	23
45	50	32	88	32	32
6	88	95	16	16	16
89	54	71	40	45	24
98	21	55	10	75	41
59	100	63	32	32	32
19	19	67	19	2	66
23	23	8	19	22	31
80	20	5	37	37	37
39	27	82	34	12	35
22	21	68	61	27	58
11	79	16	57	84	14
98	99	56	28	88	75
60	64	50	21	92	80
7	7	29	61	7	42
12	97	73	38	68	85
12	25	62	66	67	60
63	96	16	72	25	32
5	16	27	83	63	60
34	39	7	39	21	39
35	52	35	35	57	24
14	71	49	19	39	93
9	9	32	71	9	39
96	96	56	86	10	53
97	58	24	79	69	37
8	74	8	91	8	28
19	68	19	19	86	40
80	25	45	16	45	82
15	54	98	66	44	99
69	17	57	57	76	8
25	65	7	62	41	88
25	54	7	37	99	68
24	53	65	30	12	88
100	86	60	95	44	68
47	10	55	60	89	8
34	43	71	6	52	32
36	68	39	1	54	94
28	74	14	6	41	53
55	21	17	97	87	33
2	2	10	74	2	95
12	34	36	71	75	69
18	74	44	51	12	50
100	15	53	73	69	49
74	38	23	43	24	62
31	63	41	41	59	51
67	86	28	94	69	54
36	37	94	49	78	54
76	51	45	11	11	72
20	81	85	61	32	65
19	36	36	36	66	87
66	12	6	53	90	37
72	65	82	12	1	96
36	46	43	24	58	76
2	60	22	97	40	60
81	8	54	7	84	60
25	7	35	35	35	2
27	82	73	15	9	79
96	25	78	89	16	99
3	35	69	86	30	55
75	27	9	87	96	89
18	75	89	60	43	78
17	77	4	98	95	32
35	22	1	6	70	59
24	27	94	32	18	10
4	74	44	93	71	61
65	79	6	38	95	19
3	42	88	96	90	65
38	93	2	78	64	7
19	27	3	85	39	28
59	36	50	49	5	1
22	22	33	89	40	22
13	18	23	61	16	12
12	88	27	27	27	84
43	28	40	19	74	8
23	68	99	53	49	74
100	5	13	2	13	59
14	2	90	1	29	42
64	76	2	29	2	95
51	24	7	70	3	45
83	28	61	20	30	76
68	54	50	80	19	13
31	31	6	69	70	31
54	71	34	74	34	34
29	76	29	72	5	43
99	72	1	34	36	39
90	89	100	94	34	42
84	98	56	38	5	60
41	4	3	3	28	4
7	64	57	96	53	77
26	76	23	86	43	26
54	3	37	71	8	45
86	7	62	80	73	16
8	33	7	43	36	78
12	11	11	11	24	16
52	50	75	46	40	77
98	46	59	41	44	91
55	79	26	20	22	20
72	17	44	66	35	25
49	25	78	88	15	43
88	53	4	75	29	59
43	43	82	55	5	43
39	77	40	39	39	62
61	34	82	90	19	14
32	16	46	44	40	73
2	2	100	96	41	2
56	39	5	5	5	75
36	55	3	3	3	96
6	94	16	26	37	81
95	21	80	37	80	79
7	53	41	58	90	52
78	22	100	25	98	24
3	10	11	80	74	20
24	8	16	32	74	59
36	85	69	20	79	30
35	19	74	12	21	7
97	61	28	7	7	7
69	98	8	66	47	51
38	37	65	11	34	78
50	19	50	92	7	50
13	14	59	14	22	75
70	48	55	87	50	20
17	12	77	13	13	13
83	64	47	41	75	100
88	43	47	7	92	77
74	80	19	18	84	43
68	20	28	20	79	20
2	2	83	81	2	8
27	22	22	62	22	38
15	7	5	84	48	63
11	6	29	38	18	1
26	4	14	14	14	48
81	8	96	85	26	82
23	30	75	88	78	71
69	27	92	62	73	71
22	68	79	22	1	22
29	45	31	28	45	45
93	25	42	30	98	11
73	28	7	88	97	50
72	93	79	54	63	63
95	94	30	95	15	17
93	44	30	95	81	94
63	87	36	74	36	36
81	76	60	37	35	45
50	84	24	62	26	67
25	25	68	16	38	25
19	86	7	73	20	68
82	69	97	37	62	58
2	25	78	58	25	25
9	60	16	74	70	70
75	23	39	33	51	91
98	15	84	81	53	16
12	44	82	44	91	47
10	5	72	13	69	41
29	100	39	29	8	5
16	10	91	86	95	16
31	80	38	58	14	41
23	42	78	34	36	16
2	66	21	21	45	21
63	19	44	86	83	34
38	46	19	40	44	29
85	20	20	73	20	29
35	4	79	72	4	4
6	61	35	42	89	13
1	62	7	41	45	93
18	18	73	55	18	42
62	22	28	29	31	62
8	89	88	13	9	38
32	49	59	49	24	49
46	83	85	74	46	46
74	88	81	56	28	13
66	95	98	76	87	45
79	89	8	62	95	3
53	93	84	58	68	13
26	13	43	13	62	13
54	42	26	65	16	18
38	60	89	6	42	88
98	85	15	66	45	35
25	16	80	36	58	37
91	67	13	79	26	27
12	11	56	16	31	93
81	100	20	32	82	27
97	8	12	12	45	12
80	19	19	60	62	19
89	67	86	17	21	77
94	92	59	2	86	50
74	30	27	65	39	64
78	42	9	52	64	30
41	41	19	64	53	41
17	17	17	61	1	50
6	37	37	37	75	25
99	74	51	63	8	94
40	21	49	59	62	49
46	58	10	85	3	49
95	80	74	5	73	19
67	97	13	1	78	72
39	3	26	28	25	36
60	37	37	53	74	19
96	91	85	70	43	5
97	79	46	32	88	53
20	49	80	74	12	97
76	15	9	54	63	15
6	6	6	33	92	3
35	99	48	60	45	50
87	97	99	45	66	22
29	29	61	29	91	47
5	26	20	70	92	91
33	17	69	64	91	83
84	12	12	12	83	80
66	36	45	74	76	2
48	48	69	51	85	61
15	64	34	54	47	35
33	15	94	39	39	39
57	57	34	64	41	58
40	38	2	77	33	7
34	24	94	1	59	55
89	54	68	79	42	30
36	8	57	78	19	38
31	84	31	57	31	64
93	39	88	96	60	3
43	31	55	20	42	86
45	9	25	100	89	13
40	42	51	87	70	61
50	54	45	14	17	99
72	16	89	48	46	41
83	36	63	99	79	42
88	66	98	87	6	37
28	17	51	17	84	49
86	24	24	4	65	24
18	60	11	50	18	18
23	82	23	23	58	91
68	26	6	78	34	24
37	11	51	25	7	13
44	44	83	49	9	44
21	1	21	21	25	2
56	12	21	78	12	12
52	2	46	99	46	46
18	47	19	32	27	17
7	25	94	7	59	7
93	18	21	99	83	84
75	28	37	28	56	10
19	100	19	19	4	15
11	11	84	56	11	35
41	72	56	23	26	27
79	70	84	76	28	22
10	84	22	10	10	43
50	39	79	89	63	20
34	34	43	34	80	65
6	69	74	65	74	27
100	17	4	44	94	76
18	48	66	88	7	97
31	31	31	53	3	81
70	11	7	92	62	47
87	26	33	84	95	99
68	49	24	12	30	9
58	93	35	49	54	97
13	53	18	24	40	80
75	57	73	28	21	89
74	35	10	81	84	87
69	98	30	82	63	6
87	4	4	41	84	4
14	93	75	82	75	27
6	80	67	6	6	41
31	31	99	85	31	23
77	33	78	31	8	25
32	4	84	4	10	4
56	45	26	51	75	38
51	13	68	60	31	62
91	98	35	82	14	30
95	11	75	81	14	25
54	25	90	92	60	24
34	57	51	34	82	34
85	5	52	14	67	10
39	48	33	62	10	56
84	60	11	88	40	98
59	66	69	52	8	29
26	26	71	26	23	28
31	52	83	22	6	40
59	14	14	56	44	14
33	33	65	86	33	88
41	10	68	84	30	48
77	93	14	98	84	79
9	13	5	43	5	5
21	64	70	56	89	14
62	27	13	84	54	11
22	11	88	41	87	84
19	19	81	19	43	87
78	58	71	54	29	12
100	40	86	57	80	57
81	15	77	2	58	35
34	87	62	27	16	65
68	45	79	75	54	97
74	23	25	16	48	54
45	18	96	73	31	14
91	36	49	80	66	10
93	29	27	27	36	27
41	78	79	45	9	41
2	57	28	37	70	82
71	3	98	21	18	61
30	86	40	14	55	19
28	61	27	59	50	3
14	61	24	35	24	66
14	14	15	12	79	14
38	38	25	78	38	44
85	95	18	87	86	1
19	60	37	68	84	91
74	95	20	25	49	81
27	27	97	27	37	96
62	48	70	92	17	5
78	20	60	98	1	59
45	86	18	74	85	31
90	81	44	65	7	3
4	85	51	46	27	41
14	1	14	2	6	14
67	49	50	46	46	46
22	45	23	25	66	28
77	32	45	53	26	78
65	42	30	4	44	88
18	18	18	50	86	71
24	93	16	96	5	6
27	27	27	49	80	96
55	1	70	35	50	41
75	56	27	49	21	11
9	2	34	51	54	74
12	23	23	88	23	66
43	77	42	66	88	36
60	83	63	66	75	98
99	2	86	90	45	99
25	43	100	59	3	94
50	32	38	52	61	70
52	59	11	11	11	7
98	62	53	16	20	79
35	11	97	63	75	48
34	15	12	62	34	34
56	64	14	57	62	3
95	49	35	88	9	32
99	55	85	46	32	41
85	55	45	79	81	47
9	100	42	9	9	68
35	47	47	48	33	47
40	94	85	96	7	22
88	83	4	75	25	26
42	42	40	59	42	82
81	11	95	61	49	46
57	63	57	90	48	90
27	59	89	42	53	18
22	37	47	47	26	47
34	25	8	11	80	31
86	39	8	39	39	21
49	40	63	2	40	40
36	41	45	30	61	63
32	94	28	9	67	37
2	74	89	72	10	51
57	90	48	53	34	67
33	84	39	87	80	50
93	70	81	8	35	55
29	29	29	46	50	18
58	63	52	52	64	73
73	40	70	20	80	31
71	57	76	2	51	88
97	23	43	23	13	23
73	17	79	33	56	47
82	19	71	35	98	59
88	23	64	44	67	92
6	6	90	6	24	46
17	28	28	24	28	85
11	75	87	28	11	11
85	16	20	95	11	11
2	12	73	1	48	87
79	8	27	60	23	44
82	81	21	61	20	53
77	74	25	56	9	9
4	65	80	32	32	32
87	33	30	70	15	55
9	26	70	29	26	26
42	8	8	88	8	87
86	16	16	21	65	16
44	44	61	44	94	33
96	6	6	74	6	91
41	46	33	58	33	39
6	88	6	40	4	6
77	16	51	34	24	68
29	36	58	98	41	89
24	15	81	2	10	89
50	6	19	4	19	7
21	12	86	57	36	31
62	22	24	44	21	41
46	5	5	56	5	63
6	41	41	16	11	41
100	49	26	37	48	89
15	10	78	20	64	100
54	56	22	25	84	22
95	29	29	66	89	18
40	26	63	20	20	42
85	47	26	67	99	38
56	95	27	10	82	54
82	91	7	97	15	55
47	91	11	71	35	50
26	84	55	15	51	8
53	17	6	17	7	54
61	60	11	68	93	10
49	98	63	65	74	97
42	96	42	42	59	3
60	7	29	25	68	55
58	8	19	20	19	19
93	88	4	22	18	79
65	26	28	7	8	95
14	14	42	20	14	52
30	30	30	67	91	5
7	2	55	46	29	38
79	99	65	88	73	11
16	60	84	61	68	61
92	89	79	71	94	22
30	65	14	49	49	7
6	5	13	13	69	13
85	5	54	17	3	76
80	51	59	4	41	61
38	65	64	45	69	70
82	79	79	12	76	70
40	38	55	10	3	9
66	30	61	30	48	30
20	99	68	38	50	52
16	57	37	48	40	97
32	48	56	60	66	90
24	24	1	24	4	82
76	97	54	87	12	29
36	62	49	85	36	51
2	100	2	2	80	54
9	65	85	96	63	53
3	3	23	4	4	43
76	26	21	27	27	80
19	78	20	19	68	19
67	30	47	47	75	38
42	19	42	64	77	42
79	18	50	4	23	75
80	49	49	62	49	87
64	90	56	29	50	29
96	78	73	14	100	21
10	44	44	42	44	63
33	33	33	15	68	77
27	42	21	29	60	93
26	34	64	48	36	37
34	35	71	38	35	35
20	93	44	89	23	66
72	20	2	43	2	2
41	42	32	7	14	30
4	36	36	36	20	19
75	77	2	52	2	2
7	43	8	24	61	5
7	91	22	59	16	95
79	48	80	38	45	3
25	28	59	84	64	25
40	52	81	22	73	6
69	27	6	76	86	36
16	7	11	77	9	20
2	16	8	17	30	64
25	62	14	91	47	51
52	36	61	52	73	9
75	84	60	7	35	85
57	97	78	59	93	74
14	29	67	9	26	71
63	23	91	57	68	92
25	9	43	65	7	1
1	95	1	70	18	1
94	79	76	34	64	12
8	65	9	16	47	51
84	39	88	55	26	46
95	5	64	44	9	74
3	18	31	84	44	73
21	6	9	6	12	97
1	81	14	94	32	79
42	17	71	25	28	53
95	48	57	48	48	51
14	13	14	94	29	14
60	11	11	11	8	94
47	99	69	75	20	18
52	75	64	58	20	33
95	6	3	32	94	92
36	36	36	71	37	62
1	95	13	15	18	96
61	17	31	57	98	93
66	96	50	5	19	77
36	28	18	28	28	24
58	67	63	16	88	80
56	31	53	75	60	76
43	50	43	43	54	89
55	19	100	52	72	76
29	23	29	52	29	2
7	58	37	87	7	7
41	18	41	41	21	73
40	39	86	88	41	50
81	6	3	46	92	67
16	23	23	57	5	23
67	6	52	18	20	85
73	38	93	39	61	76
16	56	33	59	33	33
85	5	18	49	99	98
28	90	73	87	88	95
75	12	100	2	49	56
56	11	66	48	84	74
12	68	74	18	23	85
71	46	41	4	73	86
8	58	97	98	18	20
100	18	60	63	20	69
33	65	33	97	16	33
61	38	40	55	8	41
32	32	29	16	32	39
94	32	35	10	39	47
1	27	63	65	13	36
43	51	82	36	43	43
8	94	8	8	89	39
14	14	100	49	2	14
91	30	91	68	67	67
100	57	47	8	55	81
30	18	23	73	15	53
87	20	50	44	50	50
7	20	1	94	77	28
46	100	48	5	26	62
62	38	7	63	38	38
91	53	28	90	3	7
8	92	91	93	37	90
86	20	63	67	89	74
14	47	14	23	93	14
3	96	71	24	47	68
23	82	59	95	91	45
83	27	91	83	90	42
6	96	28	50	58	30
44	6	8	65	35	12
31	55	68	35	48	14
71	20	46	31	43	100
36	14	19	17	68	100
79	95	94	1	51	39
79	47	47	64	47	25
76	13	19	55	19	19
62	75	97	13	81	92
1	42	21	65	75	43
64	82	11	57	43	72
97	62	11	67	64	100
30	60	95	50	75	15
88	79	26	48	5	28
23	51	6	37	56	40
68	36	62	20	42	42
63	53	81	54	45	12
41	15	28	82	28	28
31	39	46	39	39	47
32	34	4	83	37	72
100	56	11	11	85	11
4	93	4	6	4	10
38	38	38	56	47	26
20	76	5	62	65	45
60	80	78	47	68	22
17	67	31	11	80	56
16	67	3	23	13	18
47	19	41	37	47	47
43	25	13	25	25	68
97	97	23	28	57	43
38	32	57	58	91	61
46	96	90	95	20	98
35	14	30	35	35	49
58	46	26	95	79	14
52	14	14	14	43	34
34	35	70	35	35	46
64	41	52	41	41	69
38	68	86	5	85	97
74	97	31	5	67	29
6	47	21	82	50	100
1	16	56	1	1	9
65	74	62	92	32	91
25	28	9	11	52	38
74	73	99	17	26	46
43	35	16	37	92	88
46	5	67	38	100	16
12	79	12	24	12	91
40	98	96	75	99	8
17	42	53	1	56	33
26	26	57	26	51	47
43	18	44	55	58	99
40	4	57	2	65	3
44	31	44	8	44	78
6	4	65	5	1	45
21	46	65	84	94	32
90	45	99	4	4	4
43	93	62	89	98	23
88	15	25	38	33	58
57	67	38	1	73	51
27	25	47	40	97	18
64	62	98	3	21	24
72	72	89	70	66	5
7	82	49	31	15	84
22	28	30	89	70	16
72	97	10	42	94	71
6	60	34	91	49	87
9	93	96	58	88	38
30	69	37	78	29	37
33	23	53	14	65	73
1	44	5	1	1	17
99	42	2	82	2	2
10	57	52	83	31	42
22	22	59	32	57	22
12	96	77	14	1	55
10	51	83	87	18	29
50	17	67	50	50	43
93	16	82	97	95	13
56	29	20	12	48	5
37	5	5	85	68	5
98	79	8	6	41	84
90	45	45	45	17	50
5	44	27	21	5	5
59	31	35	58	77	65
18	96	19	73	21	19
71	48	9	37	50	52
88	99	57	11	10	78
34	34	52	46	34	5
96	2	83	20	3	96
39	96	13	46	46	46
8	33	78	71	26	82
51	91	56	41	2	1
81	82	38	72	72	7
44	47	59	96	7	70
27	29	7	81	35	20
34	34	70	34	14	89
42	16	53	62	22	36
31	97	53	55	2	47
10	10	35	10	54	71
40	96	8	2	62	41
46	84	55	96	72	98
19	41	73	95	6	68
11	20	6	15	6	6
6	98	16	40	29	40
86	5	8	100	57	40
16	23	26	69	44	18
60	97	67	23	24	62
98	14	80	82	42	28
92	94	76	95	95	48
92	14	15	78	10	83
48	79	57	16	90	64
70	29	52	29	29	27
4	4	92	17	66	4
91	86	24	35	79	93
38	3	30	98	3	3
61	9	9	90	4	9
27	27	27	16	64	54
3	3	73	41	3	65
21	91	46	71	77	58
78	50	12	55	83	5
44	75	5	76	83	37
83	68	56	44	52	51
43	7	2	40	26	61
88	38	38	38	36	70
58	32	70	13	18	11
61	12	12	3	45	12
54	97	40	91	93	83
55	85	14	33	79	32
82	76	38	38	77	38
62	1	47	69	82	22
15	84	92	56	98	46
51	2	52	78	79	33
87	3	2	74	66	14
38	22	35	57	41	59
71	68	61	26	95	65
15	15	25	15	96	44
58	4	1	15	52	6
61	27	7	71	75	95
12	12	12	64	82	69
47	47	61	29	31	47
17	75	81	29	87	35
74	67	26	38	1	98
24	69	81	44	58	35
61	51	73	74	28	27
59	79	63	71	20	12
24	74	55	72	2	45
65	2	6	42	33	64
13	13	68	64	13	75
87	55	87	66	80	8
94	45	6	13	22	34
24	31	32	48	90	43
54	100	69	98	11	81
28	42	63	3	95	64
20	57	91	72	81	53
84	16	58	20	84	100
44	44	1	3	44	19
81	23	42	14	48	89
17	19	44	49	41	40
61	17	48	43	8	6
2	42	66	38	42	59
36	1	11	36	36	86
81	83	17	92	69	47
22	27	86	37	37	37
43	26	83	88	31	91
78	60	18	37	98	3
87	48	62	48	58	48
34	1	36	33	94	15
93	100	82	25	43	71
44	25	49	14	50	38
18	65	36	78	59	84
51	64	58	52	82	12
58	3	97	46	3	5
70	55	40	19	4	51
4	96	35	52	10	50
47	70	62	57	79	55
86	47	47	33	48	89
70	45	26	22	36	98
50	46	96	46	28	46
8	82	7	15	47	16
64	94	69	3	37	17
3	3	3	5	42	75
43	53	45	90	6	56
86	43	71	1	60	88
35	50	50	97	49	50
56	87	11	79	90	42
35	75	59	51	93	79
58	7	47	9	8	17
25	19	1	99	12	64
48	18	46	48	48	22
37	73	35	37	37	83
11	60	42	58	93	87
98	28	79	53	30	89
81	3	5	22	45	84
25	25	88	24	46	25
44	44	5	44	29	46
15	42	15	4	10	15
39	97	39	39	80	8
6	35	60	20	16	62
9	57	95	39	26	16
47	55	8	8	8	86
18	40	7	53	29	76
94	29	96	69	23	65
78	36	38	25	2	26
67	16	63	23	99	100
52	33	74	23	96	56
47	60	46	24	76	54
45	45	58	45	56	62
8	18	48	18	18	63
61	43	100	84	47	24
22	97	96	22	70	22
5	91	49	77	61	92
59	87	69	85	89	30
3	56	35	37	7	84
29	79	49	94	77	7
14	81	38	34	13	98
11	47	49	11	43	11
61	84	74	19	31	69
60	81	83	75	12	64
98	53	89	21	70	42
98	47	94	91	33	88
97	18	59	18	30	18
26	9	9	99	9	86
12	77	55	26	8	95
45	10	52	24	20	43
54	75	22	22	22	56
75	3	57	28	65	71
44	6	80	33	91	38
26	86	20	20	42	20
26	79	47	26	86	26
8	43	70	30	65	41
2	1	88	29	50	46
35	99	35	35	98	11
54	76	5	96	74	10
60	26	24	91	11	53
68	69	69	50	69	11
96	40	17	17	17	64
48	3	37	12	32	74
22	85	14	10	42	10
87	87	31	21	88	66
22	64	22	5	73	22
13	15	75	98	72	4
26	41	22	73	22	22
10	21	14	14	68	14
7	47	19	45	11	98
45	75	5	45	45	99
70	33	62	2	48	92
48	16	43	85	28	4
13	74	50	50	50	75
97	76	39	57	62	24
63	75	44	45	28	54
80	8	55	69	8	8
66	51	67	47	53	7
65	25	55	86	14	79
35	5	55	20	77	80
18	29	51	76	3	100
23	31	66	38	77	84
37	41	2	28	50	10
48	91	91	9	33	81
8	51	8	8	79	19
15	76	73	14	66	91
9	7	26	59	26	26
54	35	91	86	79	8
27	88	27	76	95	27
13	14	62	16	50	54
39	39	28	39	74	61
55	69	60	77	99	24
86	30	12	87	75	19
11	51	21	4	93	73
8	27	39	74	33	77
32	76	78	30	47	8
53	8	52	67	49	93
47	47	1	47	38	43
73	34	77	82	3	13
20	58	20	20	43	76
69	36	31	4	49	84
90	8	99	91	45	53
19	58	77	35	89	69
59	76	75	91	54	23
100	19	36	33	18	21
64	12	2	5	53	82
61	100	52	82	86	22
100	86	75	3	54	67
18	14	85	59	9	94
26	70	99	82	100	2
70	43	70	75	89	63
64	8	35	89	24	81
8	35	82	41	41	41
57	95	10	69	16	12
20	80	96	20	20	13
99	67	22	53	49	31
82	99	53	63	91	54
7	60	5	29	42	51
18	8	23	62	13	33
36	13	84	57	11	80
46	39	37	79	39	39
29	29	14	75	29	37
13	60	68	49	5	26
24	82	47	54	75	26
35	35	35	61	82	53
37	22	22	22	90	89
39	39	39	89	82	38
29	47	53	63	61	25
53	35	35	35	16	43
69	45	22	29	16	77
21	42	35	55	76	54
4	54	36	83	50	79
5	5	49	5	64	76
84	2	68	2	58	2
34	52	77	30	41	27
75	99	6	6	78	6
88	100	22	66	70	21
82	93	81	35	80	22
80	24	58	4	4	4
93	40	30	100	81	14
57	81	29	18	64	58
93	49	81	49	15	49
68	64	61	86	59	44
48	21	21	74	87	21
45	22	22	4	79	22
31	35	35	74	35	86
10	10	53	87	60	10
57	36	45	23	27	100
46	5	28	12	4	11
13	41	22	10	41	41
97	16	9	69	78	18
49	49	49	86	55	75
45	19	34	94	16	41
31	83	1	55	68	54
25	28	73	74	51	74
37	37	51	50	28	37
34	7	94	48	62	73
82	41	11	12	97	64
48	88	50	28	95	11
17	17	62	97	17	60
6	31	72	24	6	6
13	64	11	28	88	98
23	48	45	23	64	23
51	10	66	78	73	77
32	34	32	32	58	60
68	10	80	91	10	10
97	43	90	35	70	14
96	66	1	96	90	2
93	37	54	96	63	60
54	44	44	27	21	29
20	61	20	20	42	64
94	21	21	13	35	21
57	56	46	18	87	24
25	59	91	31	35	6
47	47	8	47	91	72
8	100	24	63	93	91
45	36	41	100	88	70
49	54	15	92	43	1
47	80	16	22	88	5
4	4	46	86	7	4
40	40	20	40	18	49
80	34	8	26	58	59
2	5	69	89	18	90
65	82	82	62	61	92
17	17	17	48	29	47
3	30	57	54	77	43
89	96	41	16	42	24
65	53	31	16	60	30
70	53	10	27	85	58
20	36	9	2	31	51
23	48	27	88	36	9
77	64	51	63	28	42
75	15	49	64	91	41
99	11	56	95	85	95
51	41	52	36	78	67
65	37	4	70	2	99
45	45	4	6	45	9
1	33	45	66	48	58
49	82	74	92	51	43
77	58	18	81	20	78
42	42	42	23	19	98
35	95	35	94	35	47
7	99	36	66	66	50
14	14	67	29	14	62
30	90	72	39	29	13
88	9	8	79	6	42
45	77	33	55	33	33
9	25	32	54	10	59
51	91	42	1	1	54
41	62	48	100	40	51
64	20	45	20	20	88
9	65	12	25	29	54
1	90	33	4	47	48
85	37	49	44	80	19
68	24	9	9	10	83
98	31	22	6	98	9
18	59	5	23	23	23
40	30	40	76	73	40
26	37	26	26	95	89
7	44	44	44	11	99
78	96	83	29	7	78
33	43	61	69	86	23
12	29	50	71	40	90
63	49	79	49	19	49
58	25	25	26	81	25
41	99	46	61	26	91
11	50	92	26	70	78
4	3	4	73	4	11
30	30	37	6	95	30
94	50	10	44	58	87
46	72	74	28	75	80
52	79	90	3	29	62
6	67	66	98	6	6
17	50	36	95	31	33
29	42	19	13	67	22
56	81	38	57	13	97
15	9	28	92	12	93
15	89	49	17	26	64
95	41	30	36	35	66
10	42	7	14	19	34
97	5	3	5	5	7
25	68	18	53	53	61
100	47	27	21	90	26
9	48	30	31	30	30
62	94	49	9	27	7
48	48	48	91	3	29
33	68	76	73	94	94
5	60	70	84	8	92
2	65	50	2	2	95
72	28	2	47	40	80
43	43	94	96	43	53
87	77	20	35	20	24
100	60	8	72	31	17
100	45	51	92	23	63
12	25	53	62	80	8
65	24	26	24	5	12
13	25	23	25	28	25
99	13	10	95	10	10
42	87	34	42	42	23
80	38	2	38	29	19
28	30	7	7	7	68
75	31	6	28	20	54
1	51	79	38	56	64
79	9	54	17	61	4
25	24	42	74	22	18
12	98	6	12	32	86
34	32	11	24	38	9
68	80	52	15	39	71
39	70	84	87	61	49
95	100	31	78	73	18
40	40	54	86	40	55
22	20	12	20	97	20
77	23	36	26	4	10
47	52	83	17	86	83
2	98	6	80	6	6
56	58	43	28	27	80
100	10	10	29	10	12
43	2	52	40	90	96
48	34	90	4	22	55
47	28	58	68	12	51
33	35	54	25	35	35
20	15	50	72	50	50
31	80	31	62	31	85
22	28	30	22	13	22
10	30	30	72	40	30
66	92	99	100	42	87
91	25	34	43	100	10
16	16	16	94	62	35
85	73	60	5	70	100
71	33	87	43	70	70
6	17	5	18	82	73
68	30	30	30	10	80
90	9	8	47	8	8
97	16	19	87	70	41
32	72	71	30	2	88
63	34	39	2	60	20
99	95	17	66	47	7
23	72	33	85	93	48
82	7	7	28	7	76
42	99	14	66	56	35
6	73	95	55	17	87
54	83	74	61	90	60
63	59	16	77	98	53
79	27	46	34	70	35
69	30	19	19	92	19
26	26	32	26	99	53
6	90	34	100	35	84
72	8	51	34	8	8
85	17	5	17	19	17
19	53	37	12	82	23
57	98	57	82	97	97
30	13	100	42	30	30
72	100	18	82	70	69
47	38	24	18	98	62
51	46	38	31	80	54
77	11	27	58	78	20
13	44	42	41	79	20
65	91	33	23	16	36
55	34	70	61	20	81
72	60	53	9	77	91
64	23	69	6	82	53
45	45	22	94	45	27
50	75	7	73	6	90
67	90	51	58	82	86
12	12	12	75	57	100
82	88	28	85	54	53
67	5	36	51	11	51
33	14	65	55	18	45
8	52	67	85	11	14
25	93	3	22	66	37
29	74	28	66	9	8
32	65	70	64	46	62
16	14	20	95	62	72
22	66	20	36	34	40
29	32	2	64	26	77
49	42	47	78	87	2
8	89	33	8	95	8
39	41	27	27	27	7
86	78	97	83	35	58
60	71	48	26	33	94
58	35	54	100	32	39
71	81	9	60	65	23
26	44	31	100	93	70
79	26	37	26	29	26
7	53	73	29	59	93
25	69	37	92	37	37
48	37	37	11	90	37
19	63	61	65	52	2
21	3	93	50	94	90
4	12	12	30	39	12
98	72	44	61	74	4
22	64	48	9	32	28
45	84	88	69	17	8
16	92	4	77	63	65
75	34	74	41	20	46
75	81	51	69	84	55
50	35	61	30	51	41
98	21	18	89	32	65
89	80	31	47	17	35
98	39	4	70	39	39
44	9	77	44	44	100
13	19	1	12	12	21
10	12	66	96	83	77
63	38	37	71	52	40
1	83	15	27	18	52
70	30	37	13	93	35
62	8	30	57	37	38
2	7	73	34	66	87
10	95	63	79	93	19
60	93	62	35	86	61
5	62	56	64	65	21
80	85	97	92	11	80
8	90	8	82	33	8
86	12	60	44	55	7
56	57	67	88	73	57
40	2	49	100	68	78
25	25	35	43	25	83
86	48	60	46	9	18
21	6	32	72	31	63
12	12	12	26	79	10
94	18	18	18	14	62
85	54	30	30	30	13
35	93	35	5	35	55
34	1	19	11	1	31
27	51	2	65	62	26
63	48	92	3	12	75
26	48	16	26	2	26
10	54	85	10	10	8
89	62	43	76	78	95
59	59	97	97	16	79
7	74	7	9	7	89
69	54	59	38	29	5
68	83	70	45	16	26
76	15	2	21	87	29
83	48	11	76	13	79
6	41	92	43	10	2
73	82	28	77	89	2
98	75	54	22	77	29
5	12	12	60	99	12
13	19	38	79	58	84
22	36	6	66	44	95
19	19	76	92	88	19
70	56	91	54	4	87
48	8	36	96	91	82
2	89	2	12	2	74
89	79	19	32	19	19
65	73	88	18	81	38
59	39	61	14	60	37
32	70	12	45	52	34
100	60	11	35	40	82
67	5	32	48	82	32
98	25	23	29	89	40
28	100	8	6	83	60
98	21	60	15	30	95
50	49	4	2	71	83
82	12	12	12	98	48
2	48	99	30	18	24
44	89	46	35	82	48
31	31	98	31	90	37
28	32	19	67	19	19
91	50	76	70	21	15
53	76	45	86	45	45
44	76	97	95	38	77
21	59	1	55	42	52
93	32	73	47	3	92
7	5	77	5	5	19
5	22	75	5	5	38
38	14	76	33	92	85
17	28	6	22	70	38
7	7	43	7	70	88
2	77	50	62	6	78
52	74	21	32	52	20
38	91	44	48	78	26
63	54	31	66	21	65
84	82	6	43	24	94
94	7	65	7	77	7
2	85	36	17	51	46
30	51	97	32	86	9
57	35	5	35	35	11
88	89	33	33	61	65
12	40	12	32	12	19
38	68	50	31	65	77
64	16	52	69	91	66
63	72	52	27	50	3
55	67	37	29	82	67
65	95	25	56	79	3
73	84	58	96	37	98
72	45	46	2	13	3
40	84	50	30	89	9
66	32	4	67	1	79
39	65	39	57	40	99
65	13	84	1	44	64
75	22	91	79	21	83
6	90	6	10	32	6
96	43	9	43	43	49
28	46	94	44	9	15
3	3	3	70	45	15
34	53	55	57	34	34
51	94	61	57	13	10
20	12	12	33	12	69
25	46	90	46	76	46
54	19	59	4	65	70
41	58	33	35	93	50
77	23	72	91	57	26
30	100	30	94	2	30
61	39	86	28	5	76
99	25	28	45	45	45
77	4	86	86	91	77
66	26	83	65	91	40
51	8	74	33	89	22
63	45	39	67	62	50
64	47	81	31	38	56
66	22	13	60	78	58
59	8	12	96	12	12
25	26	74	19	93	43
11	60	32	31	47	98
35	97	53	89	33	75
30	78	89	30	30	56
69	34	47	9	70	16
34	85	53	4	98	71
17	83	50	34	85	82
71	23	10	100	36	82
36	28	71	76	12	40
23	34	82	55	83	13
45	68	93	37	90	52
23	64	11	35	57	8
35	32	40	32	32	98
99	96	5	45	45	45
35	61	43	20	13	20
62	3	31	24	94	98
86	37	37	52	37	27
16	49	52	41	41	41
2	68	97	21	88	68
74	15	43	25	43	43
15	15	15	67	37	40
37	36	22	11	22	22
47	74	47	47	29	24
34	93	49	41	79	24
34	77	35	34	34	93
1	39	93	42	61	98
7	7	7	56	32	96
26	2	88	22	22	72
43	46	94	12	46	46
98	37	54	77	16	64
6	95	55	6	33	6
10	82	8	76	66	47
23	23	33	45	74	23
1	1	93	49	1	52
29	84	42	29	29	19
11	59	4	96	48	75
19	19	87	19	14	18
51	97	32	86	48	100
88	67	4	84	48	6
90	52	94	4	54	69
9	31	90	52	31	31
6	18	90	57	88	89
30	49	65	72	46	55
48	48	58	48	4	69
3	3	58	67	5	3
47	13	13	13	25	79
59	36	36	1	42	89
94	15	29	29	34	29
59	17	66	94	2	25
22	35	38	42	65	52
28	47	47	72	40	47
75	86	17	34	4	91
51	10	10	38	10	24
92	92	19	39	4	61
30	82	58	35	23	2
87	64	77	32	12	14
59	59	11	54	39	70
94	2	6	86	32	94
21	40	11	28	3	54
34	72	72	68	77	79
77	25	17	45	94	33
17	48	51	66	94	22
56	21	51	32	64	94
82	9	9	94	9	10
32	2	94	13	2	2
95	52	82	100	48	98
97	36	33	65	24	15
19	95	44	34	54	100
36	34	74	92	11	67
20	92	20	20	72	18
84	47	20	47	82	47
16	14	30	30	81	30
36	31	5	9	76	86
100	83	90	57	67	8
7	37	12	84	90	40
35	56	83	48	49	54
43	43	54	57	43	24
67	27	1	92	97	96
70	92	8	8	15	8
72	23	28	39	51	85
36	36	36	5	70	37
33	57	73	49	83	33
78	23	23	74	87	23
65	45	63	20	12	19
13	86	20	81	20	20
85	55	11	94	82	72
15	41	17	49	88	33
94	21	66	21	21	85
35	26	36	36	78	36
4	88	21	13	72	97
40	56	14	31	100	71
55	52	33	9	40	59
48	26	26	63	71	26
23	41	85	94	18	67
83	23	77	93	66	79
19	1	87	15	78	82
63	88	3	32	95	82
51	95	31	70	76	53
81	80	53	59	70	1
1	81	1	19	1	5
68	96	32	76	68	74
26	79	44	68	77	23
88	46	93	24	70	85
82	17	17	12	84	17
67	28	47	22	75	78
47	35	71	36	29	14
13	47	6	88	86	7
36	38	38	68	38	50
88	31	31	58	31	72
52	61	14	14	14	80
46	36	87	46	77	46
7	38	13	89	7	11
50	50	50	54	93	90
61	58	57	43	6	2
11	37	73	15	37	37
7	17	7	7	10	22
24	48	48	48	59	22
38	78	69	99	43	11
69	41	48	9	27	45
37	37	87	27	16	37
32	46	10	74	47	63
88	77	9	86	20	56
58	46	33	46	46	32
3	12	21	78	29	65
67	43	100	12	40	48
42	87	30	59	5	1
26	43	26	26	61	18
24	94	81	57	68	23
82	57	17	88	87	75
20	92	16	5	70	45
96	15	15	40	15	63
31	64	99	95	27	66
32	50	1	78	4	88
61	90	96	78	81	9
52	29	26	28	26	26
75	44	63	23	30	64
97	57	82	26	68	16
90	44	35	44	62	74
50	93	50	50	62	42
63	55	83	89	67	2
47	87	23	22	69	43
95	63	86	51	86	29
52	63	34	3	4	33
32	50	32	89	32	17
40	1	52	74	35	44
73	73	29	3	60	76
28	27	33	33	62	33
37	79	37	72	37	25
26	9	9	76	9	70
65	53	24	46	61	96
81	56	59	56	74	96
77	81	85	81	50	79
44	35	11	15	5	59
19	18	36	15	90	48
73	79	21	26	59	32
38	5	96	24	71	53
98	21	64	21	21	37
65	72	33	67	1	97
49	94	49	71	46	49
35	35	23	5	35	75
89	78	28	99	100	55
23	63	94	23	23	20
26	26	26	79	10	53
48	38	12	10	35	77
26	94	26	10	83	26
7	92	54	41	2	83
77	21	9	74	73	17
75	13	13	13	63	85
31	9	63	31	4	31
60	31	23	86	36	60
59	82	69	58	85	60
34	59	19	35	14	3
52	12	12	75	12	70
85	96	48	65	92	99
76	49	84	31	44	47
51	1	52	83	9	35
67	56	91	51	70	51
29	53	99	29	75	29
62	87	3	72	23	80
51	86	74	58	52	87
11	25	95	63	91	78
49	37	64	78	37	37
2	68	93	37	60	71
33	21	81	51	73	50
81	93	82	32	80	2
55	20	18	29	95	87
24	32	6	60	65	40
62	93	27	26	26	26
36	38	21	57	76	36
66	86	63	60	65	89
7	63	7	7	13	71
74	45	45	30	3	45
44	31	60	31	39	31
49	23	2	100	64	21
46	34	23	91	22	57
93	57	90	9	47	48
83	35	88	69	45	42
20	64	17	30	6	31
55	99	18	17	17	17
61	10	95	10	10	30
61	29	71	94	16	29
6	1	27	98	77	92
94	64	71	19	21	78
56	96	8	69	13	92
3	3	55	84	3	2
92	91	43	34	94	67
35	36	98	97	90	9
75	63	12	80	69	31
81	63	50	75	87	11
13	81	42	13	13	37
95	3	71	20	3	3
88	7	51	85	62	23
2	41	92	73	45	99
72	9	38	72	6	98
67	40	39	21	4	1
49	29	12	49	49	20
70	50	93	77	27	5
33	5	58	14	83	41
41	80	75	30	69	10
18	27	80	88	22	41
19	76	54	59	27	83
14	10	11	34	76	78
28	74	93	62	83	54
31	45	72	37	78	63
62	38	8	38	59	38
31	19	87	91	52	54
99	80	13	31	22	64
99	20	4	86	74	79
40	51	58	49	77	80
13	26	5	37	56	30
34	84	58	25	86	34
36	44	21	44	44	26
84	89	67	93	97	92
95	5	52	95	67	29
34	62	52	62	15	45
96	36	50	36	36	2
28	19	96	48	31	59
100	72	27	93	3	57
40	41	78	7	10	75
75	77	28	19	17	5
100	72	48	91	20	88
40	93	38	79	40	58
35	80	69	93	78	54
69	61	57	52	71	11
20	83	53	20	30	20
8	68	29	18	73	72
25	97	12	40	32	43
85	46	56	12	73	20
33	17	28	98	68	97
67	79	40	73	49	8
77	26	59	50	75	80
9	20	80	42	6	78
91	15	61	48	86	77
39	64	10	8	40	57
54	30	72	91	70	6
75	1	43	78	86	27
25	34	39	47	91	90
58	76	83	63	100	64
53	91	85	9	43	5
65	62	99	14	7	13
60	94	31	17	73	18
60	21	92	68	88	37
20	71	59	80	77	17
84	89	44	8	28	76
17	83	36	34	18	62
53	52	64	100	75	77
73	63	90	91	19	36
1	37	14	26	73	64
19	53	59	26	97	70
34	16	78	66	89	14
36	18	43	36	36	80
81	26	26	52	26	84
83	30	31	82	69	79
14	11	38	35	1	44
5	69	47	44	17	45
41	33	1	24	84	66
25	87	90	20	22	17
99	43	96	43	43	15
32	7	44	92	57	1
97	87	34	61	60	9
37	26	32	37	47	73
14	34	47	2	3	20
96	56	93	54	12	44
47	50	25	50	50	96
41	33	33	60	46	33
26	37	16	61	13	10
81	100	30	90	92	80
21	85	35	99	47	24
16	8	16	23	1	16
68	97	45	50	38	43
58	63	9	37	71	44
54	60	58	1	76	71
91	12	100	36	12	12
86	8	10	20	47	18
56	13	80	89	85	12
58	49	49	7	3	49
29	62	57	7	86	58
55	11	46	37	38	87
28	28	28	51	3	45
1	57	84	16	1	1
14	40	40	66	40	16
82	88	44	37	77	22
29	92	85	29	33	29
58	90	53	3	65	4
9	98	57	64	45	22
98	42	21	42	63	42
97	66	27	8	12	39
19	49	79	10	19	19
6	95	2	2	2	13
4	36	33	36	78	36
50	91	35	92	15	19
93	85	33	86	33	33
99	74	62	34	1	23
15	10	22	7	52	60
61	57	3	19	55	28
51	29	96	73	19	79
12	74	43	97	83	78
39	10	37	23	79	18
65	62	89	51	16	3
79	37	9	16	95	31
64	54	38	21	63	43
84	10	55	78	57	50
41	47	67	44	53	75
45	84	51	85	27	33
64	38	68	12	98	64
95	88	62	11	99	61
17	22	78	31	29	73
74	6	22	79	32	98
7	67	85	99	33	22
16	5	50	94	33	39
23	54	17	75	85	45
60	49	36	49	49	32
88	57	36	57	57	9
72	28	28	44	82	28
91	50	93	12	11	3
47	76	32	14	80	42
35	32	31	48	77	70
69	29	3	97	55	53
80	94	73	10	89	11
54	6	6	76	6	16
18	78	32	57	37	77
28	31	74	80	15	91
90	29	73	80	22	65
19	94	98	16	91	46
56	11	74	74	98	9
12	1	1	25	1	6
65	35	21	61	78	92
14	65	98	26	84	88
3	3	80	44	70	3
4	29	31	38	23	11
20	13	90	20	20	50
74	11	64	11	75	11
61	81	14	14	18	11
73	34	81	96	10	34
76	52	71	51	46	80
84	10	80	78	55	13
9	67	66	71	62	78
26	61	26	26	77	62
10	90	68	14	55	3
81	93	12	62	37	26
63	74	23	96	57	7
95	1	82	22	11	98
37	75	65	23	69	97
14	11	74	55	8	72
47	26	5	6	24	57
87	31	69	76	78	88
39	75	8	21	61	33
55	24	14	82	52	78
64	24	29	56	47	6
15	89	25	45	3	51
8	88	96	1	49	35
79	22	49	91	56	50
26	33	96	48	26	18
73	14	28	12	63	4
13	72	35	45	48	86
93	14	7	7	7	50
70	73	62	60	81	87
42	17	57	60	18	67
70	35	100	64	71	97
78	68	19	25	75	39
24	36	98	41	41	41
32	95	30	32	80	32
53	23	23	56	23	93
52	4	12	3	22	85
25	93	25	80	76	25
47	95	26	47	57	47
13	81	30	66	81	11
7	43	89	96	93	50
99	65	78	16	83	96
7	74	38	42	87	31
56	48	68	49	75	8
74	20	25	4	54	37
83	70	79	72	14	28
56	34	48	94	79	66
30	37	37	34	8	37
18	21	8	19	61	50
94	8	51	82	12	47
31	38	29	65	51	7
84	93	35	86	99	27
94	62	24	21	67	47
69	48	42	72	60	100
30	30	15	96	9	30
73	53	4	41	43	13
38	67	67	1	59	88
84	77	49	24	79	73
21	67	74	87	1	58
46	62	90	48	37	24
14	65	47	47	56	71
26	1	15	59	36	88
52	1	5	69	5	60
10	44	94	37	27	27
55	80	32	90	63	33
100	33	97	21	53	7
19	60	15	6	62	30
64	11	11	38	61	11
25	98	25	25	56	87
15	84	3	95	66	19
51	99	84	97	85	97
28	30	72	27	13	38
25	51	88	38	38	38
49	49	49	76	95	68
85	55	59	3	37	93
15	42	42	42	85	64
46	46	50	26	83	50
20	60	20	11	20	48
31	27	68	2	7	57
5	63	13	44	94	71
22	22	11	22	77	16
69	61	50	95	20	83
91	17	7	83	98	25
8	59	37	66	16	36
62	82	76	20	5	60
11	28	42	48	30	6
2	14	14	33	14	34
39	65	84	17	17	17
99	8	14	48	69	16
48	46	51	90	69	34
96	58	46	21	1	83
29	72	92	49	65	66
4	29	20	66	8	30
87	95	45	96	54	35
82	71	21	91	43	95
33	56	52	33	79	33
94	75	57	14	75	50
22	89	17	5	81	3
57	77	93	60	95	94
14	44	19	57	19	19
67	47	99	61	74	15
68	70	84	44	8	66
78	19	34	22	80	46
86	50	83	97	6	12
33	92	98	79	21	33
16	97	87	29	32	70
58	68	66	22	32	35
38	99	11	49	12	75
51	97	1	11	6	3
20	47	55	56	89	16
1	85	56	3	70	12
60	20	47	48	4	17
16	48	19	19	92	19
15	33	59	32	22	87
24	31	36	16	5	4
31	22	22	67	22	57
13	13	5	13	38	59
7	9	50	98	5	19
27	21	32	83	4	74
93	23	24	24	24	36
35	67	45	2	87	75
79	68	24	56	92	59
26	66	40	5	66	25
43	43	30	65	33	43
86	71	49	47	49	82
19	42	42	42	48	17
43	88	8	100	95	43
88	54	13	14	78	59
33	70	16	88	55	62
22	84	66	9	24	62
30	25	25	76	25	98
65	99	6	13	26	75
75	30	31	45	44	40
80	24	72	2	29	35
5	89	16	1	59	47
43	16	99	82	43	43
96	22	22	76	22	42
84	21	8	96	80	77
83	89	41	17	49	10
29	100	37	11	70	68
56	99	83	71	58	40
84	84	85	100	16	68
54	53	60	14	77	37
46	75	53	76	68	55
14	7	27	88	74	30
34	4	47	84	96	44
70	11	23	56	97	87
53	72	71	51	38	56
11	18	30	26	27	24
84	72	92	58	22	78
62	38	3	3	3	51
97	29	35	95	75	20
79	11	41	50	76	43
17	91	6	17	97	17
93	82	82	31	24	10
95	13	72	90	23	36
69	76	27	29	64	90
5	25	32	25	16	25
27	43	27	38	5	27
36	67	86	94	86	80
24	8	3	18	93	65
79	46	31	68	93	75
12	13	85	62	69	28
16	4	35	21	58	43
23	51	40	81	83	42
50	71	41	98	70	42
35	12	12	94	12	30
40	64	36	98	3	78
78	75	23	22	35	68
23	66	98	50	68	21
22	15	61	15	69	15
42	25	34	34	34	66
75	80	11	31	100	85
41	86	72	18	48	26
10	10	20	5	36	10
53	81	43	43	10	5
13	8	18	89	68	42
53	92	77	92	55	32
29	41	15	12	79	32
93	49	13	34	49	49
18	18	18	96	59	69
18	34	36	34	34	15
28	4	4	19	44	4
72	9	94	19	89	100
36	98	45	16	21	57
97	95	83	21	74	34
25	16	3	68	94	19
86	47	69	79	17	12
44	9	77	12	43	74
28	28	63	28	62	68
82	3	40	41	92	47
50	37	54	39	38	60
82	5	21	69	77	77
21	65	70	66	57	92
65	47	57	13	82	27
48	97	29	63	2	85
78	98	89	59	3	57
69	9	98	9	56	9
76	66	24	29	32	20
87	15	84	30	35	91
16	14	24	23	58	33
1	12	87	37	16	96
45	45	57	45	92	56
58	91	32	6	50	25
56	33	40	95	33	24
34	70	95	26	26	26
74	73	66	61	82	30
19	15	15	73	4	15
40	89	71	26	39	97
35	41	34	61	85	42
70	98	81	12	6	50
32	33	4	27	32	32
23	40	39	39	95	39
59	69	83	41	47	44
39	4	39	96	17	39
50	48	73	32	57	50
43	35	15	52	1	43
19	41	50	40	9	89
66	3	51	2	81	77
6	6	86	65	6	33
66	86	16	41	51	61
38	27	24	20	28	47
58	38	47	85	46	88
13	22	7	85	78	75
43	99	53	73	27	51
13	44	47	61	91	25
38	3	45	45	45	2
5	47	23	98	34	64
21	12	4	25	48	10
27	66	86	20	47	78
12	61	83	46	96	6
65	85	11	8	63	49
5	93	66	78	72	88
22	70	21	22	40	22
45	12	84	1	45	27
44	77	60	64	80	19
16	11	74	5	16	16
55	62	8	66	87	22
14	26	26	26	2	23
49	49	32	49	74	7
8	17	100	43	43	43
48	92	26	30	36	56
36	84	43	11	83	24
17	26	26	26	35	19
58	77	31	45	92	11
3	5	57	4	20	14
23	19	9	73	23	23
84	51	47	89	9	2
21	25	92	26	60	66
78	21	1	46	46	46
71	38	31	9	67	39
41	22	39	51	79	32
20	41	67	98	52	82
58	11	31	31	31	75
70	5	42	14	85	13
11	32	35	37	80	69
84	53	92	10	87	36
3	99	17	45	45	45
95	10	12	90	2	66
87	33	92	82	70	48
37	70	6	83	99	61
10	83	94	60	69	79
12	73	84	84	30	75
6	56	50	21	92	30
74	32	29	88	29	29
47	26	64	89	48	16
10	62	33	39	85	39
11	61	11	68	11	96
77	79	97	91	2	6
8	61	52	77	98	96
27	8	92	24	24	24
36	47	78	50	70	35
83	66	25	33	62	67
11	11	31	11	10	7
26	80	44	69	10	63
22	40	16	22	55	22
16	71	16	16	84	78
45	11	57	33	9	65
89	98	87	46	72	16
35	43	35	33	75	35
5	25	44	20	21	46
33	5	99	33	91	88
35	6	24	42	78	46
88	64	43	1	43	43
69	23	44	13	11	42
82	44	22	22	22	86
7	98	21	50	52	58
61	61	49	25	55	54
42	100	45	8	45	45
76	39	39	39	44	5
75	67	94	21	21	21
16	15	3	35	63	1
72	91	86	33	8	38
81	2	54	5	3	83
28	24	96	79	33	23
94	17	20	89	55	3
76	14	39	64	31	73
45	29	16	69	7	5
15	29	29	95	29	56
59	17	80	50	68	95
9	37	74	83	21	11
52	93	92	81	92	54
74	12	55	30	46	35
31	41	41	41	33	26
68	80	79	8	59	1
16	73	34	60	34	92
85	35	27	35	35	26
23	23	23	77	47	78
88	7	15	15	15	83
14	30	6	73	57	46
30	35	35	36	35	72
47	85	41	50	91	5
82	5	72	2	37	13
27	27	66	57	32	27
50	63	98	51	20	47
66	16	67	47	10	77
47	47	43	47	45	59
44	7	82	6	95	22
9	25	16	72	46	87
9	9	10	3	9	95
36	57	8	100	42	8
18	20	75	35	35	35
62	88	81	16	72	29
38	68	36	85	53	92
67	35	28	32	13	32
50	88	50	43	50	7
9	38	53	14	19	6
37	34	37	42	37	30
48	58	2	44	44	44
47	47	68	82	7	25
57	94	21	21	21	24
50	10	80	22	13	90
90	68	89	52	3	17
83	96	34	67	59	92
42	75	26	22	92	60
27	8	50	99	64	8
8	8	8	56	9	69
36	23	61	99	84	14
67	14	75	68	78	14
19	68	19	19	16	92
85	15	13	76	32	5
29	13	42	46	35	39
37	65	69	14	90	50
64	27	82	14	38	59
27	98	82	27	70	5
40	62	40	43	40	55
35	44	47	38	30	9
27	13	22	22	22	53
49	15	15	37	27	15
16	72	76	17	71	47
77	96	38	28	6	41
25	68	51	92	92	73
96	31	72	32	38	86
7	30	1	3	3	3
80	11	22	11	8	11
26	49	30	1	45	93
12	45	82	98	45	45
36	37	4	37	82	82
8	12	22	54	8	8
19	69	30	81	7	88
9	33	35	27	21	86
73	38	19	7	32	17
53	61	23	20	29	31
62	47	13	92	47	3
20	17	78	17	87	17
52	44	47	67	65	4
17	69	55	28	94	81
62	39	93	39	39	65
65	60	34	4	72	87
63	16	86	16	16	42
85	54	30	83	35	67
3	19	86	91	39	33
86	16	87	17	31	70
78	8	20	20	11	20
40	64	39	18	16	22
48	59	67	95	75	98
4	41	21	41	9	41
19	90	10	54	60	39
76	62	18	57	63	13
98	18	19	74	1	23
32	32	32	91	48	3
15	98	8	17	77	74
49	90	42	93	77	20
84	63	70	15	17	47
41	40	6	17	20	28
57	46	60	99	38	88
22	49	90	5	37	76
61	89	30	9	15	57
78	82	84	20	50	84
42	19	14	23	28	2
43	56	42	1	51	18
88	53	19	15	53	66
20	53	99	1	27	30
59	52	3	91	73	26
51	33	62	79	13	32
3	61	50	38	24	12
98	57	57	45	20	88
66	26	31	79	94	20
47	81	64	79	28	77
18	18	56	7	18	37
27	46	89	27	27	9
87	68	94	44	45	78
24	24	9	47	66	24
22	90	23	24	23	23
52	63	89	83	3	25
79	85	7	54	57	72
57	4	39	87	95	72
37	74	53	33	52	53
30	61	85	40	12	75
74	74	72	31	85	8
59	65	72	59	53	65
37	10	34	10	10	25
60	69	66	47	30	9
59	20	35	25	69	14
32	23	32	32	86	9
50	21	71	57	9	4
78	95	99	55	85	16
86	50	16	34	16	16
9	96	100	55	27	80
68	68	78	79	98	10
79	69	95	89	41	13
33	98	33	12	97	33
78	98	13	63	95	57
45	81	60	11	38	5
61	69	6	62	20	100
90	80	40	48	97	36
41	36	100	94	36	36
11	12	59	73	11	82
23	64	24	49	7	14
18	44	29	98	30	48
62	82	40	40	4	30
78	5	7	28	34	9
22	68	34	84	60	87
44	26	58	20	85	55
80	28	84	24	26	84
78	83	25	41	75	13
29	24	60	86	46	31
94	75	27	83	4	96
49	7	47	47	69	47
30	43	40	66	71	40
11	94	4	53	8	81
51	28	88	43	19	10
29	71	56	29	24	27
70	80	25	85	59	33
39	77	39	87	95	39
32	32	80	68	41	1
95	55	84	46	26	29
1	50	97	80	65	16
29	43	72	50	10	11
17	6	72	28	63	11
63	74	65	10	32	94
70	73	45	73	81	13
54	86	19	11	19	19
38	34	32	32	78	32
75	63	39	50	70	98
4	16	16	93	14	16
77	22	10	98	19	74
64	16	16	16	65	85
56	7	19	17	30	41
65	31	33	35	58	44
95	81	79	47	57	21
99	44	18	64	87	86
63	50	19	6	89	63
85	62	90	17	18	12
86	90	24	11	95	66
36	61	6	54	90	8
28	96	46	23	16	71
76	89	14	54	12	54
51	74	17	37	97	40
2	2	68	21	84	2
56	97	32	58	44	56
40	40	78	8	84	40
81	16	23	14	23	23
34	61	63	75	96	55
46	22	20	83	69	17
35	24	20	23	51	43
87	30	26	45	79	87
10	69	56	38	35	91
25	78	22	93	22	51
98	41	98	16	62	2
22	28	28	15	28	44
21	11	40	51	100	42
29	23	11	23	15	23
35	5	8	40	1	54
82	5	5	12	77	5
77	87	86	53	8	86
35	75	99	81	93	15
39	39	39	72	55	26
38	94	27	46	78	70
31	31	31	4	18	14
44	17	20	17	17	77
86	65	31	24	43	70
10	29	89	22	60	82
64	62	50	83	16	32
75	18	18	54	39	18
2	3	94	79	36	59
29	29	29	30	73	27
31	14	31	31	64	65
54	90	1	60	62	68
13	19	81	12	13	13
43	70	46	91	46	46
39	22	93	39	71	39
45	54	61	10	73	78
99	76	33	70	10	16
11	89	44	45	83	57
35	74	53	73	99	1
89	40	60	76	95	12
19	50	78	51	50	50
63	36	36	97	36	51
96	64	4	42	16	38
53	73	88	18	69	90
69	46	9	46	46	64
72	11	87	39	55	35
9	9	44	9	32	94
71	81	72	88	29	39
86	9	78	9	93	9
59	50	10	93	3	26
20	15	15	71	15	92
46	91	13	94	12	78
3	16	8	70	76	4
25	15	39	65	23	65
6	14	3	16	66	78
77	63	68	11	8	88
10	57	74	80	27	26
100	52	30	72	34	47
26	36	32	36	36	72
21	23	26	31	36	30
42	9	88	17	52	63
6	3	50	66	50	50
49	10	44	36	83	8
9	45	9	87	75	41
63	73	93	44	46	58
81	29	11	33	36	7
37	40	37	4	100	37
88	41	82	81	78	40
8	70	66	66	31	13
24	24	68	34	24	62
30	88	41	80	11	83
14	48	48	97	31	48
14	14	14	9	98	37
58	66	100	73	85	97
2	17	2	47	96	2
93	69	85	38	63	84
45	1	45	45	47	39
64	10	86	43	6	11
86	47	62	47	14	22
13	71	7	42	14	40
55	54	6	80	79	78
5	19	6	94	27	13
12	28	72	28	56	21
81	88	60	76	88	22
60	99	43	7	92	98
57	1	14	63	58	79
7	44	60	50	9	81
61	24	57	46	46	14
43	98	7	7	91	7
9	14	30	14	14	95
42	45	66	33	88	96
83	22	81	47	26	58
34	90	34	91	34	55
91	45	8	4	38	10
41	38	31	41	41	57
2	62	3	4	26	40
82	24	59	79	36	44
31	39	75	99	25	45
47	47	77	47	36	2
20	58	20	81	20	12
50	10	37	22	51	59
27	72	19	36	53	41
14	14	82	45	14	32
39	39	65	26	39	97
64	37	57	77	87	60
27	13	13	62	18	13
93	33	31	33	74	33
50	50	16	24	56	50
80	29	63	89	9	27
24	95	53	24	24	72
36	14	77	28	36	3
18	58	25	57	53	15
63	73	65	48	97	49
31	24	75	33	10	27
20	20	75	20	17	54
4	53	52	22	100	78
23	23	77	23	10	4
91	66	18	7	4	67
72	22	53	35	76	87
38	99	41	16	16	16
89	62	6	63	46	26
35	19	36	26	26	26
2	19	78	92	42	19
71	57	22	49	26	27
98	21	85	40	30	59
16	34	31	4	57	94
95	11	81	54	20	52
22	89	49	57	37	46
15	53	17	28	32	55
30	30	54	7	39	30
39	8	8	54	23	8
88	50	50	50	8	76
15	29	59	47	45	42
36	28	26	26	26	49
69	81	29	28	35	52
8	8	17	67	8	21
89	57	5	74	29	10
49	13	27	77	58	10
71	78	19	19	19	80
55	50	15	58	94	58
77	41	46	41	41	63
65	17	67	17	17	9
43	43	29	43	81	56
9	7	64	18	19	33
98	50	8	8	8	35
62	96	36	45	48	28
91	80	55	10	22	49
47	11	44	74	11	11
83	42	45	29	34	6
62	14	85	47	41	78
7	35	78	54	75	2
40	94	16	25	7	84
86	28	40	40	40	35
74	62	6	11	18	71
96	77	33	24	94	54
100	18	80	22	30	98
35	32	28	28	28	93
59	18	30	30	30	2
37	99	37	61	37	71
14	47	75	76	75	28
48	43	64	65	58	29
84	52	15	100	1	95
21	21	78	21	2	23
40	10	23	48	48	48
31	36	7	22	37	47
92	4	96	2	2	2
26	92	35	33	26	26
91	20	82	31	87	48
17	80	41	65	32	22
37	46	18	48	10	82
75	64	2	4	4	4
3	52	3	15	85	97
96	8	56	51	94	8
40	7	40	40	35	96
88	25	46	56	16	58
24	88	37	24	24	71
35	12	9	48	21	7
56	59	44	32	8	52
92	67	22	1	1	65
22	15	84	16	94	75
91	42	3	14	52	46
69	85	1	36	6	40
76	7	36	87	90	47
45	32	61	7	40	83
31	81	7	35	7	7
67	91	54	5	81	56
47	45	39	77	53	99
71	32	82	83	84	46
81	11	51	30	99	79
45	48	48	81	22	48
10	43	83	40	29	94
39	9	1	26	36	2
18	18	81	21	18	92
52	66	42	28	42	42
89	24	85	50	5	97
79	68	45	11	12	46
11	65	10	24	85	83
19	40	19	19	93	72
84	21	28	86	2	80
25	91	59	21	25	25
65	3	46	35	74	60
16	34	74	38	94	8
33	65	80	34	9	68
45	33	7	52	36	54
55	14	94	30	14	26
62	39	26	91	100	44
68	50	48	66	10	22
66	46	28	87	41	70
41	30	87	13	75	62
84	8	7	47	7	7
67	63	27	55	78	17
12	34	34	80	54	34
84	56	10	74	52	55
24	16	16	16	94	27
9	28	44	23	64	10
8	34	76	83	70	56
47	28	99	75	79	73
46	16	83	20	22	50
86	62	15	54	67	47
38	28	8	38	38	24
92	39	14	85	11	37
1	66	16	1	56	1
96	21	13	8	69	51
36	52	50	59	87	17
30	41	30	30	95	83
81	45	20	44	85	32
99	1	1	51	22	1
95	43	25	88	25	25
68	37	37	41	43	37
88	38	63	32	78	35
25	46	91	33	33	33
54	73	22	96	97	17
14	3	3	3	13	52
42	55	50	42	42	59
85	59	25	14	18	87
76	95	61	42	5	35
3	9	72	49	57	71
26	38	79	36	28	84
26	26	73	26	36	97
67	66	49	18	21	73
85	77	49	10	11	97
19	28	19	19	31	89
18	74	80	63	58	100
70	71	46	95	11	2
30	45	97	52	45	45
81	7	20	58	14	64
82	59	20	20	20	2
27	10	8	8	62	83
9	9	37	65	7	9
3	48	3	28	48	59
82	34	7	63	61	8
36	26	38	7	2	38
63	53	44	88	19	85
71	54	88	23	79	82
59	19	68	58	74	54
16	85	16	92	19	16
63	52	11	11	91	11
20	14	67	61	44	100
52	67	20	64	72	39
99	46	46	46	38	89
74	2	13	19	71	89
76	43	24	94	48	98
69	3	53	75	53	39
55	12	77	33	12	12
75	92	69	51	72	81
96	66	74	64	56	92
25	19	14	19	19	18
76	60	75	26	54	46
18	41	2	7	18	18
14	8	14	86	90	14
83	87	58	90	71	79
59	54	36	20	40	36
86	5	96	55	5	5
70	17	42	29	67	21
49	7	49	75	49	53
28	92	12	30	50	43
72	22	30	30	30	66
86	43	6	28	40	39
66	79	11	11	11	87
59	88	72	85	14	55
84	53	10	11	98	10
17	23	23	23	29	28
93	100	62	36	72	6
97	99	38	5	42	82
32	21	26	18	36	71
89	64	14	5	5	5
91	31	27	46	75	92
99	98	48	48	58	48
12	43	5	61	20	42
35	58	20	39	56	75
4	17	17	17	54	16
43	19	46	30	46	46
60	32	31	42	41	76
61	97	20	15	3	70
59	77	19	40	48	22
67	56	75	18	53	61
86	64	6	66	95	56
71	32	49	15	64	78
16	85	88	60	17	43
11	67	56	71	20	57
48	36	60	30	62	84
7	58	23	14	7	75
55	61	44	18	8	14
45	45	45	13	54	8
43	22	18	69	21	59
44	44	82	44	59	65
80	53	25	1	57	77
22	32	41	4	69	54
70	62	42	15	4	56
2	22	84	21	71	4
4	48	39	27	43	40
46	48	36	47	23	26
52	3	33	45	32	45
23	66	68	81	60	96
50	88	36	96	87	33
48	72	38	29	29	90
99	17	70	68	19	23
86	94	72	88	41	47
29	78	29	74	87	29
22	27	43	96	61	28
49	8	9	73	90	65
18	34	15	15	62	15
58	22	22	68	22	92
80	17	9	75	54	18
86	13	45	94	26	8
48	48	81	73	40	48
8	33	50	1	58	49
10	60	23	10	10	30
46	46	64	29	95	46
10	76	31	9	14	24
45	45	59	50	28	45
62	33	41	27	25	48
18	39	18	18	25	32
37	41	82	49	60	23
24	1	24	98	24	92
77	7	34	34	34	50
35	35	16	86	35	73
54	46	30	12	38	43
39	26	71	77	21	11
82	25	80	6	13	14
14	45	1	14	58	14
12	37	51	73	31	42
92	12	78	21	12	12
67	13	30	55	70	20
7	64	28	7	73	7
20	25	52	53	6	20
46	56	39	59	91	77
32	50	48	51	8	51
7	34	6	3	67	32
17	2	68	65	42	38
95	3	77	20	15	62
49	36	25	49	46	49
3	3	93	3	54	61
88	7	95	64	83	95
57	7	50	78	32	10
74	91	96	90	82	86
75	26	58	76	84	68
4	4	31	4	18	16
27	97	42	49	98	15
26	5	68	88	26	78
24	46	35	1	68	10
65	64	55	35	14	42
95	3	76	93	87	96
30	24	24	33	78	24
40	48	28	35	35	35
25	74	5	94	25	25
28	18	37	18	18	21
90	45	98	20	97	46
87	58	58	19	38	89
80	86	84	93	68	11
43	91	94	50	9	29
7	83	46	11	90	93
88	2	77	72	49	70
72	21	21	21	22	94
50	96	46	40	29	13
64	1	4	56	4	4
88	54	46	22	55	57
70	60	9	45	85	32
90	22	9	51	83	91
73	57	89	64	80	96
69	5	5	3	51	5
20	62	15	30	90	95
91	87	22	43	66	49
82	22	28	37	26	9
33	76	63	71	6	79
48	80	82	91	23	70
34	41	30	62	77	56
37	100	88	42	57	96
21	47	21	58	21	10
34	82	43	43	43	39
91	80	23	88	71	1
28	60	43	38	93	37
9	51	70	50	30	54
41	51	37	85	24	42
8	25	5	97	66	6
97	94	97	18	65	85
23	17	64	50	30	75
92	47	17	38	42	57
92	75	66	47	88	12
82	59	95	80	28	16
26	38	19	50	38	38
26	69	17	74	40	92
28	5	5	42	89	5
11	11	69	11	41	19
19	26	39	40	19	90
61	75	51	1	37	94
27	29	27	94	27	50
5	24	9	9	81	9
95	29	49	29	29	30
96	32	60	95	13	88
51	40	21	15	98	26
34	34	37	50	34	57
89	43	3	39	34	34
15	79	83	30	51	83
43	15	15	15	28	27
24	58	23	23	21	23
30	93	91	48	48	48
11	28	53	11	35	11
62	23	71	10	96	77
69	41	16	37	84	39
69	74	28	26	26	66
91	89	87	51	7	44
4	40	48	48	48	29
78	57	17	17	88	54
88	86	21	78	21	21
47	91	89	47	14	47
58	3	19	3	3	62
89	56	60	63	34	2
77	38	55	69	58	23
24	79	24	24	27	21
47	57	47	27	47	28
77	1	61	1	2	1
43	5	91	24	91	14
25	76	74	37	21	63
17	68	17	17	15	89
21	98	47	46	36	23
98	84	47	66	92	91
45	25	90	99	2	36
67	7	69	71	44	87
49	49	59	56	18	49
35	35	35	87	79	47
3	38	50	92	47	66
41	85	11	8	34	52
62	84	51	94	24	17
23	48	77	88	66	93
39	34	39	39	1	66
51	18	55	10	35	2
41	88	78	18	48	98
56	32	40	6	88	52
10	91	15	5	39	2
79	16	10	3	11	94
49	43	43	99	81	43
56	98	10	14	84	64
14	22	7	84	40	87
42	13	11	78	6	5
43	53	43	30	43	49
63	52	19	52	82	23
19	48	89	19	3	19
84	75	9	5	95	20
10	89	87	36	96	21
86	43	26	43	43	94
79	17	3	82	43	50
1	17	49	50	1	1
80	62	99	60	63	47
15	11	15	68	15	48
75	69	45	17	10	25
6	62	55	58	36	23
13	80	87	4	98	21
50	50	50	9	51	54
6	7	8	67	61	80
60	63	67	61	57	32
12	37	37	32	85	37
1	30	43	78	22	50
99	47	48	13	23	49
66	8	41	4	95	26
84	66	70	36	24	48
32	98	25	25	47	25
84	92	34	87	89	7
86	34	12	74	77	55
71	63	46	16	18	96
51	53	90	82	66	60
65	53	59	92	75	11
26	1	37	34	63	50
35	37	48	30	9	7
28	96	3	3	44	3
13	48	15	48	48	92
27	53	94	59	49	53
64	56	14	20	41	11
12	86	40	100	85	43
54	78	40	54	62	49
84	77	93	74	35	98
54	70	60	4	83	64
64	70	16	9	66	80
61	74	47	50	50	50
40	73	34	48	45	30
19	92	17	67	53	91
78	5	79	5	90	5
35	1	35	35	63	70
28	28	9	28	25	82
44	95	84	46	90	50
96	89	43	53	73	41
49	27	100	24	96	67
29	96	95	80	36	42
45	11	11	11	41	58
64	51	58	5	20	100
28	23	83	40	85	87
20	68	65	89	81	24
17	37	74	37	37	75
81	89	6	51	60	22
45	33	77	33	68	42
88	26	68	97	45	3
52	3	77	28	35	45
10	88	20	20	20	98
48	85	74	48	48	35
37	6	48	13	63	68
32	92	87	26	79	52
24	100	33	56	62	17
76	8	8	58	9	8
85	48	43	30	35	38
90	1	26	63	93	55
1	91	89	18	18	18
46	46	18	16	46	64
54	31	59	43	86	28
50	30	13	50	28	50
97	15	75	72	88	81
75	72	14	56	79	95
3	3	29	35	3	36
8	8	8	62	73	93
61	94	49	34	89	4
81	66	72	55	28	29
97	100	77	38	52	89
41	77	18	4	82	51
72	58	28	94	86	54
37	22	31	91	48	38
39	81	28	49	47	79
74	64	77	55	75	92
45	55	27	45	45	69
37	38	83	47	71	87
46	37	33	36	15	38
98	33	74	18	20	83
100	25	52	59	3	23
32	21	71	30	44	89
55	90	29	84	91	89
60	93	69	85	31	81
35	20	93	29	58	72
48	48	67	39	48	18
60	42	42	42	36	97
13	13	16	43	13	26
51	7	58	55	55	45
64	83	82	51	61	7
78	12	93	18	71	57
60	24	24	99	24	97
42	36	38	83	27	53
8	59	30	99	85	66
22	38	20	58	94	75
91	28	12	84	61	14
67	93	4	50	21	6
100	9	63	73	85	25
57	95	55	67	75	75
76	85	19	49	75	72
29	90	37	57	20	5
70	86	76	16	45	14
98	89	7	71	47	54
100	23	79	56	2	36
36	17	75	16	64	52
40	43	96	65	44	87
73	77	60	52	71	18
57	36	36	81	36	1
37	37	6	37	40	85
94	68	9	62	72	97
54	81	33	60	62	45
47	47	47	19	90	82
67	37	19	20	20	20
66	71	28	70	96	74
88	11	83	77	22	57
21	21	21	45	18	26
3	63	50	95	4	94
9	60	9	9	45	16
91	83	95	88	60	70
36	27	13	77	73	42
88	96	42	53	97	53
65	54	10	77	20	25
45	35	16	45	45	97
96	47	30	73	88	65
40	40	59	85	40	75
3	49	28	98	74	85
9	89	10	86	56	29
56	24	68	78	65	14
2	71	36	36	36	69
7	59	36	32	63	91
78	90	100	68	15	86
92	3	41	34	40	17
85	65	22	18	16	64
46	46	55	32	46	64
81	76	34	12	8	61
2	73	76	66	50	14
81	96	26	9	25	80
25	96	15	32	24	83
45	77	80	33	65	52
42	49	38	47	47	47
88	46	17	48	6	60
69	84	20	27	4	47
46	15	29	15	66	15
90	74	14	73	90	65
32	51	92	20	20	20
57	75	26	10	56	6
41	98	26	75	62	11
23	29	21	5	10	26
58	10	9	70	10	4
31	16	63	87	25	6
92	62	89	90	41	13
73	25	71	69	61	57
5	1	81	5	79	5
59	21	18	37	9	11
7	68	45	64	4	71
65	72	76	53	35	40
92	13	47	73	76	86
31	28	31	93	2	31
53	13	84	56	35	39
8	62	25	6	7	76
74	64	19	93	66	51
94	88	30	27	97	78
100	69	99	78	32	8
7	18	45	51	67	6
25	97	82	25	25	62
96	58	43	47	22	39
93	50	29	92	50	50
56	80	45	47	86	78
23	43	37	43	43	58
42	25	44	99	8	97
85	93	79	91	21	29
85	76	31	97	44	88
63	92	89	14	90	57
38	78	36	82	34	85
1	65	91	21	5	80
23	20	46	20	20	95
21	28	62	14	91	6
28	41	28	23	91	8
78	87	78	93	45	84
7	62	7	96	7	6
37	95	12	31	21	53
66	25	41	8	17	89
57	79	18	7	18	18
97	2	80	36	32	60
69	16	16	16	29	70
15	10	15	5	86	15
16	25	25	25	82	74
28	81	28	64	28	61
56	89	51	10	43	26
59	10	10	10	34	25
45	30	100	65	3	64
31	74	7	5	46	79
96	11	45	55	90	92
42	70	71	13	93	81
100	60	68	14	85	48
11	30	3	3	3	26
24	85	24	58	24	75
31	76	6	88	71	94
76	86	13	68	37	98
13	20	14	68	15	37
80	77	26	38	93	21
5	5	62	51	5	13
78	43	76	42	42	42
75	99	46	46	84	46
23	47	75	18	94	89
38	44	21	76	94	17
72	9	49	72	16	7
46	13	77	23	32	91
84	15	74	64	95	58
81	5	12	1	30	100
91	83	27	35	40	20
12	70	87	25	97	86
49	49	88	46	3	49
57	82	55	64	18	35
41	24	18	49	90	5
10	75	97	41	36	7
86	32	29	94	38	13
74	73	92	86	50	93
32	47	32	71	32	29
32	96	44	89	28	4
78	69	5	37	37	37
25	75	86	45	18	40
66	21	17	93	38	44
11	6	44	51	6	6
1	7	15	96	68	98
85	3	88	62	94	84
30	15	44	15	11	15
26	58	48	21	94	81
24	7	59	14	24	55
16	16	96	45	53	16
20	28	25	3	52	73
84	5	98	92	90	46
6	36	68	6	6	71
50	50	62	72	96	46
75	4	9	4	79	4
55	7	85	46	52	61
77	23	75	88	78	46
38	32	39	32	32	73
88	75	72	22	67	98
37	96	37	31	100	37
12	63	89	9	46	38
74	13	76	7	38	24
65	24	24	33	14	24
21	65	13	82	77	28
3	59	46	3	3	26
16	22	16	7	48	16
12	28	43	43	43	87
65	83	10	70	45	71
70	45	97	96	24	25
4	75	1	2	24	41
91	94	27	27	27	72
7	97	8	25	24	9
58	44	93	62	93	78
27	17	34	17	17	95
100	49	37	87	92	35
68	55	76	20	76	23
80	83	58	31	16	8
4	76	1	1	1	93
8	59	57	8	78	8
44	44	15	51	14	57
55	6	6	6	38	99
32	32	16	50	24	32
42	78	81	62	1	9
100	78	62	36	93	62
70	66	62	77	58	84
4	4	26	4	41	15
37	10	37	92	20	79
55	17	11	36	65	76
5	22	4	23	11	51
70	26	26	36	34	26
41	43	43	43	4	71
95	4	4	73	61	4
45	74	64	44	51	45
23	28	42	61	42	42
85	86	76	61	35	88
16	37	15	15	15	50
41	41	84	30	41	75
42	96	35	35	34	29
22	39	52	53	88	93
23	98	68	7	29	78
80	85	91	99	60	3
94	15	65	35	44	11
97	26	70	58	12	52
18	18	81	16	18	13
35	63	41	84	59	34
26	34	88	31	31	31
74	17	99	20	86	23
71	78	11	54	67	27
2	18	18	18	58	63
52	46	13	66	46	46
49	61	85	78	83	20
5	75	40	35	99	37
84	47	3	21	24	39
43	36	38	87	38	38
59	84	55	24	7	28
75	24	11	54	9	4
40	65	3	22	60	37
7	90	7	7	24	25
37	74	37	25	32	37
35	89	28	35	4	35
12	9	1	95	23	63
54	72	21	30	52	27
58	87	60	25	38	8
71	21	38	21	21	55
48	32	11	50	50	50
42	38	88	14	38	38
5	83	64	92	46	30
22	36	19	39	10	42
9	91	6	83	58	4
50	51	18	89	4	4
40	98	10	55	40	40
31	12	28	12	2	12
61	35	92	35	39	35
23	16	80	22	23	23
57	10	69	52	34	68
55	42	46	41	35	43
16	96	76	80	10	23
7	11	38	45	45	45
69	59	1	57	99	71
65	77	58	97	68	15
23	89	69	11	1	52
88	71	50	50	20	97
11	35	41	34	52	10
50	21	50	75	95	26
65	89	52	2	88	31
81	74	12	94	53	51
6	31	61	34	67	80
14	87	96	92	98	70
2	90	2	2	24	82
35	86	32	84	72	25
33	100	37	74	1	11
78	42	42	5	89	42
93	23	53	16	68	63
96	46	59	46	88	46
61	89	55	28	44	42
6	67	95	66	3	11
64	74	48	46	88	27
10	52	7	76	47	23
1	29	59	89	85	39
44	89	71	63	77	25
36	36	36	53	83	42
44	83	69	16	1	41
2	52	7	85	26	99
12	33	10	69	59	32
47	58	59	80	39	86
71	69	73	10	61	14
49	74	2	84	20	80
42	13	79	13	13	70
2	88	48	72	44	99
29	97	35	6	65	72
20	95	98	1	6	82
87	4	69	18	8	80
41	75	81	27	36	39
36	85	72	15	30	25
20	90	53	28	90	81
8	71	80	89	87	30
50	32	25	85	11	91
98	92	92	17	82	80
29	27	29	67	45	20
49	39	26	43	11	42
37	77	78	87	92	49
5	67	88	65	39	39
81	26	40	40	50	1
31	17	12	58	26	38
22	86	28	28	28	7
70	30	33	66	98	72
20	95	46	59	46	46
47	95	65	24	68	17
65	44	95	35	63	46
78	37	6	37	43	3
60	100	33	25	67	47
53	28	83	14	50	66
30	100	30	4	80	30
24	85	17	76	17	34
29	72	27	68	50	75
37	43	43	43	88	49
73	7	49	5	7	91
24	46	29	32	91	81
34	34	88	84	34	4
22	22	31	56	78	22
51	56	95	7	20	61
30	94	20	13	14	33
50	44	2	44	84	44
1	6	43	79	82	95
51	100	44	64	47	45
3	16	94	27	71	19
38	31	31	76	94	31
17	74	29	80	8	41
99	21	48	66	13	83
96	62	25	42	78	67
52	19	44	84	95	60
16	53	51	16	63	49
83	56	83	52	20	84
24	2	84	3	45	52
53	85	96	8	73	20
70	55	46	74	65	96
93	78	49	83	63	37
87	11	7	7	7	3
61	77	12	46	45	21
3	7	43	41	5	42
26	37	26	83	71	26
54	18	83	65	85	100
86	82	71	61	91	55
73	2	84	12	72	77
36	95	56	12	37	42
67	50	18	26	26	26
42	28	42	17	42	15
11	41	1	48	41	41
71	43	43	24	97	43
85	35	5	87	82	96
92	56	57	3	70	49
34	10	10	10	86	93
73	97	63	40	78	23
61	53	50	33	18	60
3	19	43	23	75	96
21	94	76	54	67	70
12	45	12	97	43	12
44	30	30	7	33	30
98	47	13	90	85	60
15	12	15	15	80	64
76	83	64	91	62	87
8	70	3	47	14	80
66	22	16	23	68	38
49	49	27	49	20	60
39	41	39	26	39	51
37	35	37	74	37	42
10	65	10	71	10	40
29	71	20	74	11	64
15	36	94	39	18	63
69	31	87	6	99	20
11	10	3	50	50	50
82	54	54	87	81	11
42	39	61	14	66	68
55	41	30	10	58	11
46	77	65	52	90	35
96	28	35	75	47	69
45	99	5	43	29	6
56	39	60	36	75	25
15	95	15	35	15	73
10	1	86	53	12	98
74	82	31	33	95	86
13	34	94	30	85	20
65	21	56	46	60	9
17	89	30	92	79	45
34	34	52	34	36	62
11	44	69	14	57	65
33	81	51	50	60	57
44	32	5	50	8	47
77	35	35	53	19	35
18	67	98	76	82	66
55	30	23	39	92	58
95	89	64	95	12	70
56	30	88	95	17	78
20	31	10	83	42	3
95	74	56	31	60	81
7	94	81	25	73	12
31	12	63	73	63	66
99	26	51	69	63	12
58	54	16	99	15	12
15	35	77	32	100	82
4	21	70	65	61	67
58	30	22	30	97	30
7	74	96	33	89	90
46	27	57	71	29	81
78	97	49	2	68	82
35	29	62	44	35	35
45	22	93	41	95	81
8	13	8	56	11	8
22	20	10	56	1	4
47	47	47	73	38	46
84	76	60	36	5	91
97	87	69	48	14	55
83	21	98	35	55	38
84	65	76	12	9	29
56	88	82	39	80	25
75	75	58	41	5	86
53	8	8	58	78	8
65	15	44	76	55	52
38	8	7	81	25	11
92	100	71	45	38	93
10	18	31	79	10	10
44	44	92	34	44	10
1	42	42	49	42	20
50	91	17	30	92	41
23	10	41	67	92	26
78	54	26	35	86	65
45	50	61	23	41	5
100	42	49	35	83	95
44	28	63	10	26	18
42	21	34	4	35	47
54	10	81	14	80	95
19	3	3	4	3	76
94	70	20	36	9	78
77	100	81	8	35	33
49	34	82	6	5	98
59	8	42	98	2	94
57	97	44	13	35	8
26	26	26	54	69	39
49	23	37	99	64	50
37	37	58	97	83	37
75	6	40	84	92	70
62	96	53	27	16	60
96	23	84	37	36	4
60	93	38	54	47	21
29	49	74	29	29	12
63	28	62	50	20	91
50	87	8	29	89	43
59	74	98	50	94	98
15	95	39	100	53	4
48	45	98	99	66	33
34	71	20	39	42	5
50	80	73	16	51	73
91	14	56	46	30	84
33	3	48	17	32	82
28	28	3	28	31	83
20	16	50	58	78	87
92	19	26	27	42	88
20	81	7	33	33	33
6	22	43	25	43	43
79	39	57	15	100	34
40	93	76	58	88	5
11	31	7	30	39	96
97	50	45	17	37	10
70	8	2	8	84	8
59	53	44	16	16	16
41	43	33	21	70	31
63	90	44	2	36	63
71	50	16	59	96	66
15	83	59	21	94	74
19	39	38	3	22	98
75	16	98	98	8	71
28	26	12	49	36	35
84	13	89	50	93	6
43	17	71	17	17	29
64	48	46	20	18	79
35	48	85	23	4	9
87	91	40	67	94	35
44	27	29	33	77	75
57	9	10	27	26	88
13	6	83	72	58	62
87	14	3	21	46	86
34	46	75	46	36	46
18	14	42	44	39	1
47	38	56	38	19	66
64	44	38	6	8	68
14	1	1	1	67	2
53	19	98	100	45	72
14	65	75	49	78	1
42	57	49	49	37	49
63	94	75	34	30	82
21	86	20	70	98	82
8	14	8	61	41	8
58	38	8	19	16	98
47	57	32	70	15	79
96	21	29	71	39	29
39	84	31	34	85	6
63	55	34	62	95	54
27	7	7	74	98	7
9	92	48	88	76	99
15	68	82	48	72	66
24	35	24	25	98	24
63	46	14	17	70	36
37	86	47	37	28	37
44	31	46	66	44	44
37	13	58	24	61	23
64	86	11	11	6	89
52	92	17	6	2	64
52	7	92	28	87	57
81	99	10	35	80	62
83	61	36	39	39	39
83	100	78	30	55	5
67	41	6	41	79	41
43	26	32	3	64	91
10	59	33	10	10	81
61	54	26	79	52	97
26	81	66	85	7	5
4	66	43	98	44	45
98	16	78	74	2	34
58	36	20	73	34	14
66	30	83	78	30	82
71	20	66	30	80	22
58	60	46	40	40	40
3	99	92	12	74	43
11	46	11	11	59	12
30	55	38	76	47	60
21	67	43	91	43	43
46	12	46	8	19	57
68	14	85	66	93	77
18	69	8	18	32	18
94	100	83	35	55	27
71	88	5	12	46	83
79	93	1	38	38	38
42	37	47	65	3	7
42	39	39	49	84	39
27	46	39	80	18	60
13	48	30	11	8	48
29	19	84	91	13	84
28	28	91	28	81	31
79	45	40	75	46	76
97	49	68	94	3	90
84	100	35	5	92	80
32	20	14	14	82	14
12	58	23	12	32	12
84	51	88	64	41	99
41	54	41	77	41	6
91	35	68	83	35	35
40	17	80	35	19	52
11	11	64	11	41	87
22	63	43	9	25	46
96	49	71	22	93	50
28	63	21	21	27	21
75	48	58	99	45	60
37	27	83	36	55	70
47	4	39	41	39	39
82	35	49	39	10	2
80	50	1	78	2	4
29	82	85	30	48	73
60	23	41	73	91	42
42	46	80	87	45	84
68	59	47	14	7	38
8	42	81	83	26	15
90	9	70	60	9	9
32	1	32	54	25	32
49	39	48	55	48	48
49	49	55	49	26	1
49	32	49	16	37	43
63	21	11	4	4	4
63	53	6	90	42	53
38	16	24	38	5	38
94	2	35	58	62	48
82	36	86	73	1	17
82	6	62	73	61	94
19	60	48	24	79	46
51	66	22	96	25	87
5	80	83	72	51	76
40	22	49	29	2	61
65	11	36	49	11	11
40	64	34	22	33	68
24	50	73	72	14	64
64	31	46	19	96	86
97	20	100	15	52	10
25	99	33	59	32	60
1	1	1	6	17	37
91	8	1	53	68	57
72	97	40	65	60	34
100	100	29	27	41	80
51	4	65	37	80	17
3	77	67	51	29	50
38	92	27	18	91	94
19	7	70	97	20	20
12	3	12	33	80	12
65	5	24	39	19	98
88	51	3	4	33	49
47	72	33	34	74	55
86	95	32	20	59	38
64	99	10	99	68	68
17	31	2	79	59	44
71	10	10	91	10	61
40	66	83	87	58	26
26	86	90	1	86	58
42	86	65	11	42	42
80	73	99	52	96	27
21	98	21	21	75	52
57	39	99	99	49	69
98	3	3	3	8	21
78	74	77	23	67	55
88	27	78	95	65	59
59	51	45	45	23	45
65	98	32	1	65	50
97	42	42	7	42	15
86	42	74	13	55	40
91	65	10	58	22	9
79	27	34	86	27	57
78	95	27	27	27	52
10	25	84	12	72	64
54	45	6	14	30	68
13	44	13	13	28	60
10	39	92	6	98	47
69	98	68	83	43	34
12	21	95	75	72	41
46	90	58	35	17	69
10	39	68	49	73	24
44	11	42	2	26	89
41	56	92	52	70	100
76	81	20	71	30	100
92	80	3	11	17	33
13	83	44	95	51	18
24	60	24	44	69	24
14	44	35	46	50	67
46	4	93	44	43	67
59	13	37	52	46	44
7	41	2	7	82	7
56	20	20	44	82	20
80	49	28	88	77	75
7	86	2	7	7	39
85	48	33	48	79	48
46	32	90	12	58	53
40	3	40	40	76	6
47	64	31	76	8	90
46	41	41	82	41	74
90	91	53	77	56	97
12	10	84	100	73	99
35	25	71	91	99	89
99	86	87	80	16	18
45	78	38	45	92	45
4	9	12	64	15	40
23	99	25	78	71	14
6	70	25	6	53	6
10	10	10	27	66	38
43	74	22	36	31	92
39	36	55	44	13	45
9	48	44	31	9	9
66	99	37	63	11	59
97	71	81	36	44	86
37	96	74	20	18	73
91	49	99	90	32	19
99	85	17	92	87	31
18	18	10	81	18	41
35	97	19	21	1	54
55	4	4	60	59	4
19	65	33	56	93	20
26	26	99	4	51	26
96	59	99	81	96	51
30	13	13	13	89	32
8	83	7	51	78	65
82	98	71	32	32	18
44	24	36	79	24	24
13	68	38	13	65	82
45	21	46	21	21	29
7	62	49	48	96	82
57	28	12	84	66	43
100	41	29	49	14	33
69	47	47	4	47	25
88	50	10	59	33	42
22	22	41	27	22	49
2	90	70	64	40	32
42	21	42	42	74	99
2	1	87	96	63	53
23	3	73	38	31	73
36	70	4	20	53	51
34	96	34	86	34	18
91	63	42	94	50	93
84	43	70	27	59	24
66	34	34	75	48	34
92	17	14	17	17	88
81	53	90	71	56	84
49	34	45	93	87	18
14	86	87	35	90	3
3	68	81	40	79	32
50	6	55	45	25	92
77	1	88	69	76	29
95	83	52	91	83	23
9	32	53	53	7	30
43	59	72	34	14	48
30	29	35	97	65	36
67	57	25	70	41	93
93	4	25	4	4	66
43	49	54	53	76	12
37	84	39	4	39	39
15	14	77	79	64	14
17	33	33	71	33	52
40	84	42	40	40	74
11	62	48	19	3	64
29	46	67	46	80	46
63	47	48	86	100	53
2	17	51	67	8	33
9	40	78	12	88	39
37	12	55	35	38	40
22	31	19	47	33	32
12	51	82	2	56	93
57	93	93	11	15	53
22	15	22	77	91	22
51	97	26	81	98	13
17	73	17	17	7	21
83	79	42	31	66	5
38	16	12	43	95	29
32	81	27	97	34	94
57	66	35	35	94	35
30	64	30	30	2	38
96	80	13	16	3	22
1	82	11	50	18	49
31	6	41	6	6	90
12	63	76	50	49	70
43	25	68	77	28	63
43	43	43	99	9	24
82	14	34	34	59	34
73	21	21	95	21	88
2	89	29	47	10	93
21	71	1	28	88	36
9	51	81	26	29	45
34	8	92	60	56	60
12	73	68	93	85	46
41	64	57	10	76	19
9	27	51	27	74	27
94	44	50	54	53	74
28	68	77	19	23	87
24	7	8	5	92	24
76	72	45	20	69	100
11	38	36	36	96	36
79	57	3	24	9	27
74	34	17	95	34	34
98	66	87	62	13	70
71	92	67	25	81	45
24	35	41	35	51	35
61	98	25	36	71	22
29	30	57	89	30	56
24	60	24	16	13	24
47	77	25	15	11	94
58	74	53	100	83	29
59	50	42	30	97	92
91	67	23	23	86	9
46	17	73	58	31	8
81	90	100	46	63	93
32	46	32	10	100	32
15	30	89	80	75	57
19	31	60	96	41	5
45	36	87	79	32	71
60	37	39	69	27	61
4	71	44	41	2	35
99	10	55	1	30	100
33	30	27	30	30	73
85	27	29	32	9	76
50	39	65	92	68	34
68	84	55	3	32	84
20	22	22	22	36	78
95	59	15	91	4	94
46	68	37	5	49	63
66	68	16	34	34	34
94	48	26	44	26	26
28	11	69	11	11	43
11	50	1	41	65	86
41	76	77	41	41	10
79	26	64	12	31	63
49	33	98	44	46	2
56	22	39	76	31	80
43	60	9	78	57	37
18	18	56	18	16	11
20	23	39	93	86	73
85	20	39	73	24	2
87	54	56	21	76	53
18	22	10	6	45	66
44	70	44	13	99	44
8	62	99	42	71	54
91	6	99	20	84	52
47	48	23	37	48	77
98	80	1	63	26	78
13	47	99	77	91	62
27	6	27	84	27	92
7	42	66	99	60	57
78	53	49	33	11	18
34	35	51	63	74	23
79	31	52	17	75	75
42	40	42	64	42	59
62	45	81	6	71	58
34	39	39	86	12	39
55	45	64	63	53	1
1	38	38	90	70	38
35	7	7	30	7	26
53	89	43	27	63	5
68	37	37	37	74	26
77	5	99	59	12	80
19	77	29	63	23	61
46	28	72	28	33	28
85	43	43	13	55	13
75	34	77	7	76	88
10	10	27	10	51	28
15	36	90	84	99	97
47	58	34	34	32	34
10	13	20	98	15	13
80	92	92	89	53	26
24	24	65	4	24	10
39	27	32	32	1	32
3	43	43	43	89	28
30	30	30	15	22	80
31	70	93	25	22	83
62	34	88	34	34	89
76	72	63	57	66	3
10	63	42	21	10	10
49	21	50	79	52	99
92	47	1	39	40	93
1	55	73	73	24	64
33	33	46	84	33	21
97	64	68	38	45	38
52	69	12	46	45	32
14	25	5	75	5	5
17	86	18	58	24	11
34	83	34	36	34	2
91	99	55	29	99	88
46	62	73	56	42	44
45	10	23	6	94	22
46	41	96	46	2	98
96	66	70	27	99	56
89	22	100	55	40	23
11	26	3	77	25	50
77	50	2	86	29	44
70	85	87	78	15	70
36	34	48	24	25	27
26	77	88	91	28	77
3	87	3	3	96	42
54	60	53	24	60	47
42	34	22	32	61	6
37	44	65	46	38	70
21	21	90	21	51	96
34	67	45	94	40	12
48	57	8	38	20	34
80	92	69	2	47	33
36	60	22	39	54	81
25	16	9	43	80	55
54	31	16	16	55	16
95	39	59	56	27	98
47	89	47	47	18	72
46	42	20	69	33	78
94	43	92	99	85	22
33	39	39	32	39	37
7	6	82	57	38	35
96	86	1	88	2	56
69	5	5	5	86	30
82	1	52	69	32	94
99	15	22	51	30	25
33	100	96	55	68	13
42	85	73	82	34	10
5	99	45	71	9	10
76	27	38	60	66	52
8	29	8	91	34	53
76	64	25	73	8	97
49	99	94	27	53	51
7	46	38	35	17	20
49	59	44	35	62	49
97	81	26	9	16	30
100	57	72	40	5	60
84	39	64	51	34	75
59	73	83	84	22	98
76	31	12	90	6	94
58	18	55	12	12	12
22	6	32	90	57	95
70	48	59	66	85	58
97	28	20	74	65	69
96	13	23	11	8	13
32	59	42	23	88	92
30	46	97	20	69	99
56	47	41	10	48	58
13	37	13	35	13	97
28	41	77	98	28	28
13	13	87	13	98	95
83	30	64	66	11	1
9	38	65	54	94	63
38	28	96	48	39	11
71	100	2	100	85	19
77	96	66	58	57	3
40	37	53	50	30	93
82	44	40	22	27	83
30	30	25	24	23	30
10	10	11	10	39	62
39	88	29	15	34	45
48	72	19	85	24	4
75	22	32	96	63	51
29	46	18	73	23	51
6	65	16	6	98	6
46	46	10	27	46	6
49	21	19	49	94	49
60	76	18	54	48	66
39	53	98	39	39	29
43	9	63	39	35	74
18	80	18	42	18	77
53	16	72	21	77	53
48	31	48	93	50	48
13	13	87	13	51	63
32	98	32	8	14	32
50	42	18	42	42	94
29	75	90	38	25	13
20	70	26	9	26	26
27	49	49	49	55	10
8	22	76	91	26	17
45	45	80	11	16	45
21	11	82	71	96	11
90	65	14	37	71	65
32	55	62	32	32	21
33	53	40	13	33	33
12	74	66	12	12	32
50	74	85	71	74	38
57	73	47	37	40	9
34	32	60	67	16	87
47	89	37	89	89	50
52	40	19	46	59	5
89	92	92	53	81	21
60	84	29	29	31	29
94	35	14	77	78	4
48	33	91	44	33	33
77	1	1	57	7	29
21	87	19	21	78	21
85	48	46	59	26	65
48	27	66	27	60	27
65	65	3	51	70	43
91	44	60	92	73	93
43	20	20	20	72	18
36	89	1	9	61	1
53	81	90	2	100	27
16	55	83	31	59	33
60	9	1	71	36	25
56	18	60	56	38	12
28	28	21	29	81	28
21	85	21	89	19	21
62	47	83	1	49	13
47	15	7	88	86	99
23	23	23	77	1	92
60	39	94	72	18	87
10	30	37	37	37	89
23	93	70	35	83	25
90	64	23	85	30	63
85	3	98	97	79	4
52	18	18	74	70	18
96	44	48	44	44	19
39	20	90	38	1	62
30	64	89	23	41	12
17	12	72	12	50	12
42	16	49	17	43	57
26	45	45	3	94	45
20	4	13	20	100	20
24	85	61	8	8	8
80	63	80	51	76	48
38	8	56	2	32	93
46	5	58	96	60	50
37	99	48	79	27	49
30	30	30	56	20	8
25	100	99	56	23	83
1	78	86	2	80	72
41	67	48	58	24	84
22	8	1	44	48	80
55	25	30	3	15	80
20	20	20	25	40	51
74	9	9	9	20	100
77	94	28	52	4	3
16	36	92	59	36	87
37	28	16	66	23	50
40	15	40	60	40	21
34	100	30	6	87	28
25	41	49	22	58	53
33	21	97	43	76	91
88	64	36	74	97	86
80	54	14	46	48	24
31	37	25	67	99	75
6	50	54	70	95	11
68	55	57	68	17	68
94	48	78	18	89	80
11	11	96	41	11	16
95	7	77	43	91	17
78	12	16	86	12	12
54	45	2	62	83	82
51	48	34	86	1	36
2	2	2	55	7	26
17	78	53	83	61	51
94	50	95	92	49	31
44	3	44	44	90	43
93	72	20	40	52	88
7	43	43	53	86	43
69	72	85	68	11	61
31	97	39	24	28	76
29	93	42	29	29	98
29	95	13	80	72	36
59	99	42	61	73	45
20	14	73	78	58	17
87	26	97	40	51	63
18	51	74	19	34	80
67	59	18	83	77	72
47	3	71	42	91	89
62	75	9	25	98	78
69	85	11	79	13	89
31	33	100	27	27	27
7	51	73	39	94	74
77	74	71	45	1	26
92	11	96	11	4	11
89	13	70	43	65	8
92	49	90	82	35	40
74	85	18	82	30	29
56	89	46	25	52	80
48	45	97	48	5	95
72	30	25	48	16	21
22	79	87	8	77	85
52	31	7	31	31	26
76	58	91	66	46	1
92	49	49	49	18	30
7	35	89	35	14	4
78	67	4	57	27	34
48	91	36	48	88	48
59	95	50	61	24	19
53	79	46	16	41	40
67	45	40	64	92	28
64	76	67	2	30	30
17	33	47	86	38	39
47	47	51	56	73	47
56	77	12	45	39	7
20	20	24	20	88	6
76	70	3	10	54	60
21	99	73	4	4	4
95	43	48	37	87	69
47	23	29	21	90	59
45	96	25	45	57	45
100	89	14	30	30	30
87	62	83	100	82	54
72	15	71	15	55	15
88	46	86	46	46	47
21	7	57	74	70	67
68	3	8	72	7	70
36	90	85	65	52	93
19	98	53	44	19	19
31	13	16	12	12	90
38	72	38	38	76	20
28	20	20	20	91	64
13	85	74	1	29	30
47	47	31	28	47	22
42	81	71	25	55	8
86	22	1	72	42	24
27	35	83	90	52	59
6	30	30	41	31	30
52	93	42	68	42	42
33	84	23	59	97	29
89	23	12	89	70	48
14	13	74	40	29	3
42	74	96	95	42	42
22	40	14	90	30	35
3	92	82	87	3	3
43	86	43	55	99	43
28	16	28	91	15	20
29	78	47	17	89	73
77	24	16	56	59	67
18	18	96	18	24	38
40	77	20	100	19	22
28	22	76	28	98	28
38	13	77	5	99	83
89	94	48	38	17	32
41	81	41	43	41	90
35	99	53	35	35	72
58	85	81	11	7	53
86	28	68	25	42	72
15	15	80	28	44	65
42	42	43	42	94	7
2	17	33	89	73	23
58	51	39	35	32	5
41	41	96	93	36	41
100	48	70	97	66	80
11	25	84	68	55	34
46	2	99	2	84	2
19	3	43	54	19	19
34	46	41	40	34	34
73	65	11	81	77	8
21	50	47	87	83	32
24	35	66	81	57	87
54	17	17	19	17	66
85	49	75	49	49	16
93	67	59	22	94	79
64	48	50	39	94	67
67	14	46	94	32	67
20	51	20	20	93	8
90	78	89	97	10	61
38	38	68	38	98	15
99	98	63	15	72	46
1	1	97	36	73	1
85	1	37	67	1	1
47	33	5	71	84	54
1	80	75	76	100	88
23	89	36	92	53	56
18	63	23	11	36	7
16	86	5	77	73	50
27	24	24	24	11	52
74	85	69	88	77	22
57	73	44	12	97	77
74	4	14	89	91	38
86	51	92	21	47	28
41	24	21	82	21	21
12	36	55	85	97	71
87	22	29	29	29	8
15	98	19	10	15	15
63	51	88	30	85	58
38	38	51	25	77	38
78	60	25	76	64	87
63	81	58	41	28	79
5	97	96	62	39	77
26	43	26	21	26	88
31	23	26	74	27	60
57	68	23	72	8	87
55	21	42	17	45	17
40	36	36	61	36	14
88	1	25	24	40	78
36	76	88	42	81	18
25	80	83	62	79	53
2	22	69	87	57	42
48	44	44	41	44	92
10	52	14	21	35	17
96	4	23	23	6	23
55	52	85	80	48	86
64	24	3	69	58	73
52	47	6	6	25	66
63	69	30	35	44	22
89	86	95	13	100	90
33	12	75	15	72	39
82	56	100	17	34	97
1	88	67	67	99	22
50	30	95	67	24	14
12	76	86	31	17	34
77	75	32	2	46	95
5	5	5	10	71	100
87	66	100	94	42	23
19	55	19	61	19	73
5	5	5	33	63	74
14	26	66	29	76	34
78	54	19	8	19	19
21	27	27	76	52	27
25	71	52	63	1	81
43	32	43	18	5	43
58	56	54	71	28	62
29	60	29	93	29	3
72	24	63	9	9	9
99	8	35	33	48	58
73	59	100	32	7	59
7	76	74	7	100	7
15	28	80	57	26	64
81	97	40	32	35	93
58	49	18	49	49	95
16	74	16	15	16	5
94	2	71	28	5	24
1	17	45	59	45	45
38	34	5	38	85	38
12	10	45	54	60	88
97	17	7	69	14	2
61	70	53	7	11	9
29	29	3	39	29	81
97	31	11	66	62	13
74	17	36	74	54	50
30	30	30	42	4	91
28	5	9	100	71	19
85	54	59	56	70	17
47	75	2	29	73	91
22	45	22	81	22	24
39	93	4	12	38	65
59	29	5	15	32	50
78	43	75	36	68	65
65	99	89	56	90	60
63	57	54	49	2	15
86	37	97	19	53	69
15	85	83	8	20	15
68	97	22	70	81	32
14	68	14	3	4	49
13	78	67	10	52	8
1	86	13	64	33	23
70	45	39	62	95	45
46	46	1	16	46	27
33	35	22	78	45	73
40	31	78	44	10	79
19	35	78	100	21	48
6	40	41	6	6	100
23	40	78	25	40	40
66	41	8	24	37	40
58	43	53	2	17	90
29	84	49	46	46	46
39	75	58	42	25	39
100	40	9	44	77	2
78	20	90	87	100	48
69	34	54	85	56	42
71	41	7	3	25	45
41	31	20	24	24	24
68	75	91	5	96	68
35	2	31	94	56	61
82	19	19	19	11	6
10	90	22	72	79	97
10	10	10	74	62	86
49	29	62	49	49	12
80	26	61	34	20	73
57	49	9	87	50	91
16	75	5	60	68	88
42	93	91	21	39	43
3	56	8	88	7	78
12	65	34	49	57	19
32	58	56	8	22	16
83	81	48	7	89	20
31	96	92	8	56	39
72	99	75	95	92	88
41	33	95	13	81	77
88	77	51	82	85	22
98	36	48	23	35	58
79	3	13	39	62	49
55	81	44	72	44	44
82	22	29	37	2	77
85	26	52	67	100	89
16	29	25	72	58	37
61	55	79	20	15	38
7	7	60	7	5	96
6	18	96	65	13	80
1	44	1	87	1	14
14	11	93	46	16	98
32	18	46	59	48	62
64	28	5	2	49	9
72	89	28	90	96	81
82	35	6	86	19	11
18	18	74	18	1	95
33	75	43	87	16	20
24	8	60	33	52	53
68	5	28	8	40	62
38	65	38	61	78	38
55	33	95	38	100	39
28	24	89	24	24	17
79	13	18	24	47	67
2	28	41	67	95	84
78	93	36	92	72	66
10	97	20	34	97	5
54	29	57	56	25	5
49	17	16	35	49	49
25	25	80	53	96	8
9	92	50	71	49	60
64	41	33	72	54	100
50	99	1	7	88	76
35	18	93	75	50	80
27	59	75	85	29	80
12	12	24	39	30	32
59	18	21	54	92	43
76	62	69	81	98	48
36	88	1	36	36	28
45	26	45	45	28	74
7	7	79	61	7	92
29	73	2	45	80	39
92	31	97	16	37	43
53	15	62	62	24	46
3	2	76	43	3	88
7	89	82	61	20	77
51	49	53	82	48	96
49	2	45	62	57	64
98	16	88	88	47	40
39	98	55	19	32	90
28	18	19	28	95	28
40	53	85	80	53	42
35	25	6	99	29	44
71	53	55	74	13	96
37	54	9	37	37	15
36	10	77	10	10	75
25	52	41	25	67	25
78	70	51	71	22	54
4	1	8	23	98	3
31	92	68	16	31	31
32	32	23	12	68	32
84	74	78	9	18	82
5	34	13	84	7	88
41	83	73	9	52	6
10	11	29	95	93	45
29	81	74	72	69	5
24	73	79	24	6	33
46	44	62	87	84	40
66	85	11	23	70	95
56	80	39	39	32	39
81	89	74	5	33	59
87	45	87	76	28	71
87	24	36	65	24	24
86	66	18	88	73	4
7	26	3	3	2	3
51	45	80	65	36	52
76	67	94	99	72	2
47	42	26	77	99	6
58	55	35	13	62	10
41	24	42	36	61	62
80	34	39	77	39	39
6	21	5	12	21	21
11	11	11	41	74	84
47	47	65	47	20	88
40	22	86	22	22	62
35	90	47	94	30	61
57	53	1	100	5	96
36	73	42	90	7	95
88	59	48	7	84	27
17	47	54	78	37	24
44	10	5	51	93	70
72	23	66	18	56	60
100	70	19	76	45	2
96	2	97	94	2	2
16	89	70	24	24	24
17	17	28	45	63	17
1	77	34	16	45	90
33	72	22	88	26	76
34	32	49	35	52	35
78	50	39	35	83	58
43	70	63	27	24	76
65	22	47	74	80	65
66	98	21	84	37	70
67	94	37	38	71	75
42	87	42	49	42	18
50	16	50	50	22	86
14	77	16	23	3	45
31	90	69	98	23	92
61	53	54	74	18	100
27	23	94	100	5	52
65	39	41	37	41	41
88	62	85	58	82	74
12	42	42	81	42	57
39	49	56	31	46	89
5	93	32	65	96	58
32	36	32	82	60	16
56	26	99	43	34	75
40	74	42	40	100	40
73	89	64	52	78	39
49	92	49	47	20	88
23	41	33	33	96	33
95	11	42	42	8	51
56	50	90	88	18	71
39	66	56	63	97	75
22	3	41	78	72	53
23	42	86	73	7	63
37	11	11	54	98	11
11	63	13	68	95	39
28	47	48	51	6	87
83	62	79	87	71	40
7	31	28	62	18	46
94	69	72	50	89	1
41	79	98	68	75	44
29	24	71	57	64	62
36	62	54	96	75	95
37	26	46	37	37	73
71	76	98	67	95	60
55	99	41	52	56	95
97	85	71	12	27	89
14	62	63	24	27	9
39	39	10	60	88	39
53	97	33	5	26	70
45	36	69	20	30	14
47	57	71	2	2	70
8	10	30	50	56	4
26	91	69	88	8	62
29	14	2	71	76	51
73	14	14	14	77	20
96	25	81	58	13	71
17	17	43	75	18	17
23	27	75	27	27	91
83	17	7	59	52	58
82	69	26	14	95	36
90	68	55	48	63	73
89	50	55	20	46	53
70	90	82	51	14	90
1	33	6	1	18	1
74	91	37	90	70	46
54	87	28	75	28	28
21	58	87	54	45	73
86	25	97	47	12	47
77	88	5	51	65	72
31	50	66	72	2	90
36	36	22	16	27	88
10	63	26	36	100	3
11	40	11	34	6	11
63	60	5	47	61	22
92	69	9	100	36	97
79	54	27	12	80	34
77	97	62	88	90	71
65	88	12	56	45	89
32	46	4	84	46	46
19	27	19	19	74	5
57	42	62	34	6	99
76	42	42	85	72	42
38	17	74	22	67	99
37	30	37	39	10	37
5	38	59	69	49	90
96	75	15	71	61	54
10	8	3	70	68	60
35	77	3	95	19	91
34	64	67	61	16	85
26	71	26	26	11	33
84	20	46	21	20	20
34	47	30	66	34	34
48	48	48	4	61	57
43	95	17	72	22	40
77	84	57	2	66	83
88	16	37	16	16	65
48	39	35	24	34	27
17	48	84	48	91	84
85	100	95	95	18	16
39	94	68	29	75	43
16	39	48	75	55	54
33	49	7	89	6	31
17	96	68	38	45	82
64	49	19	49	2	49
94	19	58	42	86	7
53	92	62	51	15	74
75	37	40	59	20	95
77	96	64	5	14	84
36	9	1	28	85	44
93	56	10	91	45	6
5	84	5	5	63	92
26	85	28	41	56	47
25	31	19	79	17	15
98	83	91	56	73	15
57	45	43	55	70	88
91	39	39	59	58	39
85	36	91	49	49	49
8	34	31	61	58	69
45	5	12	5	5	37
50	23	53	23	23	52
77	54	54	23	66	8
53	26	54	19	81	9
40	10	9	37	96	1
90	92	7	38	99	42
17	33	17	88	21	17
68	2	55	1	48	62
13	37	21	37	37	19
88	52	94	15	15	15
53	24	6	19	82	68
15	91	26	15	55	15
29	87	29	88	46	29
96	76	76	25	52	31
34	13	86	16	53	59
34	44	15	37	39	51
40	8	5	8	8	82
20	39	79	62	91	65
19	73	73	60	95	86
28	89	82	27	65	98
99	50	35	34	35	1
52	91	49	14	49	49
37	96	50	72	29	96
16	16	16	50	24	100
15	82	99	36	41	14
44	23	17	79	15	36
63	31	65	42	43	38
90	40	49	26	40	30
97	34	28	1	38	54
60	48	47	58	40	93
24	17	4	89	47	27
9	9	9	74	51	30
45	81	89	73	33	12
50	36	69	78	50	50
25	80	30	76	53	36
90	84	81	26	73	52
85	78	27	33	89	100
7	7	28	83	7	31
66	53	69	9	7	24
80	25	45	86	72	21
16	81	82	70	19	48
6	9	9	9	18	14
46	86	31	72	85	63
5	23	56	10	41	40
21	24	83	45	83	92
92	35	89	67	35	35
30	30	65	30	89	40
97	93	8	61	68	33
2	41	77	67	26	94
83	96	16	86	72	84
5	6	6	44	75	6
2	2	13	7	55	2
34	65	13	13	13	32
2	2	53	75	11	37
28	28	82	28	5	58
37	16	9	37	84	37
73	25	26	52	45	36
49	34	6	26	26	26
2	32	83	83	5	71
60	68	96	40	38	10
58	22	63	16	16	16
58	30	52	38	38	38
15	11	21	70	11	11
36	8	8	8	5	61
62	30	44	44	11	44
91	83	79	93	84	96
63	88	26	32	8	51
8	77	57	100	23	68
96	58	63	86	43	95
8	16	3	100	56	63
36	37	37	94	89	14
57	61	81	72	80	21
36	45	88	47	71	52
34	4	4	37	46	4
87	69	13	2	13	13
79	85	38	1	97	100
84	10	62	87	19	34
55	17	6	12	90	7
43	68	43	62	25	43
47	34	81	12	34	34
72	40	50	79	35	30
42	80	43	79	86	29
61	45	2	22	11	63
70	73	59	39	50	11
37	99	78	14	26	67
7	7	7	44	60	92
50	73	53	73	9	21
8	89	90	52	29	87
22	53	48	2	7	38
2	49	76	58	24	56
32	5	82	54	5	5
64	14	76	69	19	25
52	69	39	39	59	24
70	74	17	92	24	65
42	83	57	55	66	41
35	43	87	74	94	95
40	13	13	43	13	26
30	30	30	89	72	90
43	20	20	18	20	64
47	37	38	60	51	86
45	55	51	45	45	13
88	66	91	33	70	2
49	52	43	52	1	75
37	37	37	56	25	35
81	42	38	11	60	97
21	81	95	30	66	52
3	98	47	3	56	3
61	85	59	65	91	10
51	93	12	12	87	12
87	23	23	23	80	32
57	21	45	85	21	21
58	14	70	1	19	99
83	4	96	62	33	71
51	40	26	18	91	90
48	48	66	70	48	37
99	52	36	91	17	86
74	72	49	80	61	99
46	74	100	20	97	66
54	30	45	73	45	45
30	36	85	36	36	73
36	3	3	1	31	3
3	3	3	85	67	54
52	33	83	89	33	85
48	76	48	17	48	97
8	91	43	14	37	82
35	20	5	5	78	5
48	10	15	70	97	73
50	61	38	38	88	38
46	1	94	46	46	36
20	45	97	100	47	38
45	1	46	85	20	72
50	80	91	8	88	62
21	89	88	55	52	15
60	46	33	46	65	68
28	28	28	71	87	97
36	10	50	6	51	14
67	57	79	59	14	33
65	6	46	39	42	32
54	59	57	33	88	83
30	43	21	97	33	34
73	1	27	88	15	50
92	58	91	52	45	73
70	90	4	17	86	35
68	90	55	72	81	42
32	14	32	32	9	11
74	71	42	64	42	42
1	59	47	95	51	53
8	40	8	52	31	8
69	9	24	51	44	44
21	95	90	21	51	21
6	56	6	89	6	37
48	48	84	48	8	29
97	14	33	37	10	69
21	43	56	93	19	24
86	28	69	58	76	60
36	38	38	24	38	43
13	41	13	13	23	6
48	74	73	48	48	35
14	13	73	30	14	14
6	68	69	41	65	99
83	20	15	3	68	53
8	23	23	52	58	23
57	41	59	41	46	41
23	67	69	25	47	3
23	77	51	93	56	80
40	100	62	90	1	47
65	48	71	37	10	30
22	80	22	20	22	93
8	16	5	52	60	55
84	44	14	28	28	28
18	61	46	42	41	11
34	8	47	8	23	8
93	66	33	55	90	80
13	2	33	8	97	95
92	56	9	60	21	85
2	16	3	34	56	42
65	34	34	57	22	88
100	92	57	17	75	29
96	60	13	47	47	77
68	78	86	92	39	98
19	71	94	40	68	13
2	30	8	76	30	30
32	74	8	63	83	40
96	3	64	95	18	23
97	67	67	54	97	4
12	15	35	12	12	75
70	88	32	76	32	32
53	34	47	20	26	21
100	6	47	60	95	69
94	15	70	15	54	35
8	99	8	30	36	8
46	87	46	24	23	46
76	91	92	35	30	2
26	87	64	89	77	76
16	97	54	52	34	95
41	38	67	72	35	87
18	35	18	18	65	97
94	77	52	36	11	52
1	76	63	99	48	34
26	3	38	11	3	3
24	72	66	48	94	38
57	40	40	76	40	3
19	19	21	80	19	60
91	63	94	34	74	27
37	79	64	30	78	8
32	32	78	32	51	84
73	12	22	34	5	76
75	20	20	83	20	39
77	16	19	80	7	97
81	98	78	99	34	42
32	33	31	28	56	45
35	35	62	59	50	35
44	38	66	15	15	62
3	10	60	61	3	3
33	1	44	97	39	53
88	52	21	21	21	98
89	44	45	96	48	64
73	6	20	45	46	4
1	64	20	96	43	85
81	69	58	79	99	71
73	16	68	95	13	1
2	86	16	80	22	42
26	13	73	29	60	52
92	16	3	16	77	20
3	19	45	13	28	6
45	84	8	85	45	45
2	92	60	44	4	84
14	14	57	99	14	23
43	64	39	85	35	68
32	43	73	85	57	10
49	36	67	46	94	28
11	44	56	17	44	44
62	26	50	49	68	70
4	3	74	12	24	90
57	1	1	30	1	56
82	81	21	90	90	17
4	68	100	37	43	71
35	100	57	82	15	76
99	10	86	22	17	98
8	31	47	31	31	81
17	83	12	4	65	16
23	83	58	1	12	94
27	50	75	6	8	63
95	13	39	36	25	38
3	84	14	37	65	31
50	82	16	31	39	19
49	30	59	2	85	74
96	84	28	75	22	38
27	21	21	21	30	49
61	49	82	70	55	63
34	80	34	94	3	34
6	53	9	100	90	35
29	15	29	47	57	26
25	24	44	28	99	72
58	58	36	75	88	16
50	24	50	50	68	91
66	15	31	23	23	23
19	98	60	24	19	19
40	22	40	91	40	90
13	13	13	57	27	61
61	18	87	78	75	57
7	82	39	1	1	1
58	34	51	55	70	71
17	11	20	50	66	84
21	9	21	21	22	70
3	3	73	64	54	3
18	3	37	18	17	90
79	95	91	53	35	41
45	45	45	10	56	100
9	64	70	85	66	97
48	71	57	4	54	36
64	39	32	15	79	35
44	51	76	3	54	10
61	71	88	39	62	100
53	64	70	97	13	24
48	47	24	85	8	7
41	71	9	76	79	66
15	34	8	72	15	15
77	76	38	38	12	38
93	72	11	17	97	80
22	29	22	22	36	95
80	70	80	53	28	16
30	37	30	3	41	30
60	40	54	37	37	28
39	79	21	18	97	96
15	59	15	21	80	15
13	65	40	89	13	13
89	70	22	18	97	12
16	8	8	95	28	8
7	47	21	21	24	21
35	53	42	32	49	56
21	6	51	88	56	1
94	37	6	67	35	89
42	99	43	48	62	1
21	55	47	54	46	34
72	34	26	37	16	25
93	78	2	30	18	16
15	89	8	73	81	81
19	40	94	7	67	59
20	43	31	90	37	91
11	22	15	81	61	81
71	23	61	95	85	30
3	16	3	59	20	3
15	15	15	43	8	34
93	11	47	13	73	63
62	67	37	25	47	3
6	53	70	66	66	98
50	33	8	9	96	81
18	37	29	90	13	60
85	12	12	47	25	12
91	33	46	33	65	33
52	67	74	9	29	62
66	79	98	40	41	69
20	76	33	1	5	72
64	41	16	84	41	96
77	58	50	58	13	81
8	49	57	8	80	8
37	32	32	32	56	27
83	72	62	95	9	7
1	31	31	80	67	31
25	88	67	90	44	45
53	48	2	64	39	53
6	78	71	34	95	40
50	50	25	62	13	50
85	9	22	92	77	25
72	43	99	43	43	93
41	38	29	38	38	96
17	36	39	15	39	39
25	14	25	25	42	46
99	68	48	43	27	16
86	94	40	37	92	84
49	60	67	78	67	63
6	24	34	24	11	24
4	99	4	4	6	3
97	76	66	40	52	19
57	75	80	39	81	81
94	35	12	76	12	12
65	8	2	44	29	50
96	82	10	80	59	36
44	67	22	62	49	5
65	13	1	52	35	62
63	84	91	41	9	46
83	50	14	54	47	10
54	17	72	11	31	41
100	89	45	90	45	45
19	43	53	31	24	98
36	69	98	80	14	1
50	96	20	41	6	20
95	27	28	38	26	72
11	11	18	8	57	11
43	34	34	19	77	73
72	67	3	15	26	8
18	25	60	9	70	82
38	31	63	79	82	64
86	4	4	75	4	62
68	55	82	86	24	70
17	6	47	55	6	6
54	67	8	70	23	62
4	57	82	44	4	4
67	54	89	69	26	22
76	61	71	77	96	5
15	96	45	10	23	4
42	38	27	40	40	98
66	18	43	39	38	46
47	87	45	64	40	89
82	46	75	29	7	81
92	57	93	72	53	81
63	26	37	37	37	71
65	20	13	3	63	74
67	66	29	77	46	21
18	78	80	17	86	74
81	87	25	39	25	89
62	37	11	43	37	37
68	10	31	31	7	31
57	51	25	56	27	75
39	36	67	36	23	36
39	39	39	12	73	91
46	46	46	54	60	99
28	86	31	64	82	36
42	42	31	97	42	10
5	35	63	79	18	29
77	68	51	33	66	52
47	31	18	28	86	31
34	50	37	75	50	50
45	93	5	85	92	11
66	26	94	82	86	78
27	78	80	47	16	38
2	1	15	26	26	26
97	44	72	97	89	70
51	84	56	10	44	90
94	26	70	2	19	47
19	12	19	28	47	19
81	48	48	75	87	48
74	60	18	50	91	74
29	29	90	29	83	30
49	47	39	40	55	43
64	99	35	4	92	89
75	35	54	35	35	85
75	7	12	94	60	64
38	26	42	1	36	80
12	12	12	56	5	23
6	80	98	41	47	64
35	48	44	75	70	15
97	84	75	40	24	74
3	14	12	88	43	62
32	29	91	47	51	32
38	68	75	56	53	14
52	45	8	100	41	17
35	100	27	68	30	26
43	16	12	9	14	97
71	59	65	13	28	35
54	55	37	84	54	99
17	17	97	54	71	17
60	21	65	25	69	2
90	46	72	79	33	75
33	33	31	15	8	33
25	35	14	35	67	35
63	46	56	100	77	33
93	49	94	60	43	90
36	37	95	3	18	91
92	8	68	49	49	49
47	65	79	20	79	55
46	29	88	24	15	76
92	12	24	33	98	76
31	51	57	83	41	66
58	36	73	36	36	100
74	34	70	17	61	86
88	45	24	70	21	72
49	94	35	91	24	92
63	46	51	29	24	1
54	8	18	57	63	23
71	82	54	31	90	59
35	77	9	97	99	75
100	22	32	32	85	32
19	31	68	2	43	29
78	5	98	92	95	58
11	34	94	9	34	34
34	80	51	49	49	49
49	7	80	66	71	58
70	38	74	24	86	40
19	36	66	59	82	63
44	64	48	44	30	44
7	55	37	45	37	79
79	79	70	37	49	24
17	23	17	17	86	48
4	4	4	83	19	42
84	17	47	17	74	17
27	3	1	63	27	27
14	52	36	90	92	4
14	93	32	16	100	70
17	10	72	99	13	2
13	71	20	61	47	38
99	90	16	16	16	31
5	19	52	2	5	5
27	50	13	13	13	78
42	37	60	94	29	55
13	84	19	56	43	49
12	19	30	89	98	55
30	43	82	9	65	8
6	71	70	84	100	51
35	59	94	47	26	15
16	60	51	21	18	2
3	85	3	94	20	3
52	15	82	38	7	59
60	5	65	12	93	95
12	84	99	77	50	92
54	65	17	8	30	56
16	8	62	16	16	86
6	97	73	75	4	45
12	27	62	36	68	50
70	69	100	48	38	7
93	90	29	85	34	79
46	64	68	49	7	55
25	25	25	66	15	67
21	19	32	45	18	76
77	59	51	93	28	78
46	47	85	46	80	46
98	45	63	81	34	67
78	23	48	73	75	4
5	35	8	8	8	12
76	73	51	70	21	29
54	37	17	37	80	37
29	69	20	35	79	17
46	21	57	55	3	81
31	38	1	59	1	1
10	97	23	74	45	23
81	80	23	7	81	18
47	54	7	2	22	29
8	8	5	64	10	27
85	39	79	35	61	92
53	36	13	77	32	51
18	23	18	86	76	23
51	4	12	50	12	12
5	74	91	23	36	97
23	1	23	65	83	23
36	45	45	32	97	45
67	88	8	76	25	77
53	60	37	93	80	31
78	13	46	41	53	32
39	31	75	44	24	16
6	6	3	31	37	6
87	8	11	41	49	49
34	22	53	61	3	26
48	67	80	55	78	61
4	3	15	3	74	40
38	1	83	95	71	8
75	55	39	47	88	86
29	61	30	2	29	29
80	26	50	78	58	17
9	56	84	22	91	38
73	57	33	24	33	33
65	49	92	44	75	99
68	84	19	56	12	69
3	7	78	3	3	72
60	79	17	41	28	14
8	46	87	17	35	66
40	70	72	35	46	23
31	22	49	10	84	91
62	52	31	55	99	66
36	64	18	24	92	17
18	31	56	30	86	12
23	15	23	87	76	23
91	34	46	29	47	60
25	87	37	69	24	15
5	5	23	66	5	6
24	88	49	42	42	42
25	84	32	33	27	37
95	1	28	77	5	90
48	71	87	44	26	35
5	91	34	97	77	9
46	51	54	87	31	32
64	89	12	92	23	7
23	97	15	42	56	69
40	85	89	5	79	24
15	54	35	98	64	8
45	49	68	24	94	61
7	75	66	85	5	22
24	10	39	35	12	86
85	51	77	74	7	20
27	78	27	44	27	29
16	69	34	66	54	69
43	67	2	75	20	27
96	52	48	48	48	49
39	7	30	92	39	39
65	82	92	96	59	83
16	81	48	50	79	96
14	23	14	90	34	14
50	36	32	76	63	63
98	85	31	44	63	87
22	3	31	54	86	91
33	33	3	4	51	33
88	1	3	13	8	72
39	97	10	10	10	56
24	33	7	7	36	7
11	98	52	11	65	11
28	12	99	75	1	83
82	22	89	49	14	34
59	54	97	25	25	10
54	75	12	12	12	57
49	97	86	61	29	16
40	27	31	31	31	88
65	7	7	7	16	78
31	31	26	31	27	67
47	54	30	64	47	89
46	77	70	46	46	65
46	61	60	62	54	63
15	34	19	41	81	58
62	59	61	10	22	29
11	18	3	64	71	75
10	21	30	30	78	30
94	66	73	55	31	30
83	46	59	12	35	22
99	11	39	97	91	19
29	54	29	22	63	29
39	19	10	67	20	23
40	61	52	62	96	45
37	2	47	97	66	81
84	60	55	9	97	1
14	14	14	89	93	33
98	52	83	62	68	39
9	36	9	9	43	35
98	36	69	10	89	37
72	98	20	82	87	65
75	60	72	46	84	69
7	23	81	90	88	21
31	40	1	73	96	38
38	38	76	38	22	28
95	11	9	9	9	37
26	26	66	88	61	46
16	73	63	5	64	96
64	62	98	5	7	80
58	49	27	27	32	27
62	7	79	2	69	2
62	36	95	1	1	1
89	100	100	13	16	6
77	20	49	26	88	50
59	13	43	77	73	64
29	65	98	51	1	66
6	71	48	77	12	8
2	2	13	82	94	2
43	43	48	34	46	43
36	84	16	25	26	83
30	38	82	30	96	30
12	57	19	58	4	8
49	4	47	72	88	97
94	67	36	75	29	15
92	77	63	64	88	84
57	25	65	68	61	45
40	11	46	57	75	58
66	40	33	33	33	42
79	48	100	90	23	88
72	6	44	66	91	89
31	6	31	31	4	17
37	72	28	80	80	81
17	83	63	2	61	16
46	29	79	46	49	46
5	57	42	15	61	16
67	74	44	40	74	44
1	100	69	1	58	68
96	36	27	55	79	64
44	5	1	88	61	49
50	57	98	43	27	49
39	76	81	80	39	81
77	9	34	9	41	9
43	47	12	43	67	43
78	95	20	20	23	20
30	84	55	72	78	72
3	3	3	85	81	24
35	77	35	42	62	11
19	34	19	85	1	51
41	41	3	48	53	41
9	93	9	83	28	83
66	36	61	34	3	11
51	37	79	88	65	2
1	7	33	32	100	25
17	86	10	69	59	70
13	19	13	38	13	100
92	18	82	55	82	30
84	33	90	29	91	87
66	61	42	95	19	45
65	55	35	68	59	100
70	62	6	7	51	49
23	39	45	90	85	55
81	49	27	49	49	44
20	50	79	10	5	85
42	17	6	82	13	88
21	32	5	27	41	20
84	5	68	12	8	60
54	62	41	59	98	95
94	12	27	12	12	81
20	99	58	20	45	82
4	100	68	83	45	33
11	62	27	92	98	28
61	75	45	42	55	25
3	44	44	44	60	48
83	95	93	62	71	32
3	79	8	86	59	2
44	75	56	54	33	25
32	46	82	23	54	2
87	51	93	89	87	75
80	25	18	53	66	20
62	1	48	39	89	26
52	55	87	22	18	70
17	34	81	66	90	60
87	3	24	49	68	65
34	10	34	41	34	39
34	48	5	71	54	84
12	63	31	45	63	25
64	100	73	61	71	30
50	34	67	64	68	9
100	97	46	65	32	35
74	82	85	73	66	41
19	56	95	71	19	13
99	28	53	9	31	24
9	9	33	9	59	88
99	94	28	98	58	68
63	72	45	33	70	14
54	85	36	8	86	38
33	1	68	68	53	100
23	26	26	47	26	60
21	71	83	5	88	42
66	70	67	68	56	94
13	99	6	98	20	14
20	85	97	43	3	66
41	8	40	17	27	61
4	9	10	10	10	26
99	37	70	91	78	85
7	14	38	93	94	38
15	94	16	78	60	90
7	59	99	53	22	55
5	56	5	49	24	5
100	70	70	31	30	12
76	73	26	19	97	37
4	98	89	82	35	85
39	23	100	7	33	2
47	75	74	13	47	47
70	25	93	49	25	25
25	50	56	12	43	61
43	63	80	39	72	83
8	41	71	22	41	41
84	1	1	1	77	8
35	80	29	79	47	97
45	73	24	64	80	43
42	66	49	3	21	86
22	86	2	82	20	58
95	82	67	49	51	15
35	40	17	31	8	87
94	6	41	41	57	41
20	56	59	92	32	30
73	66	98	69	19	20
18	77	18	3	67	42
63	88	4	91	77	25
14	68	92	45	65	16
22	82	8	10	88	42
2	2	2	74	26	18
51	69	62	53	26	82
97	75	14	100	5	63
85	62	90	37	37	37
25	31	17	41	92	29
50	57	34	60	80	16
89	98	12	10	37	84
49	1	14	100	14	14
9	84	4	93	84	92
88	71	26	26	26	86
29	87	29	99	29	16
28	12	28	17	28	79
35	98	32	20	48	34
65	32	85	19	69	86
20	63	48	78	10	8
22	70	22	97	16	22
60	73	18	27	57	49
25	25	75	25	31	89
81	93	87	34	17	52
37	11	16	12	57	48
13	16	16	16	55	61
1	1	3	1	36	27
35	69	47	66	40	41
46	14	82	14	14	77
10	46	1	36	94	18
29	29	29	6	28	91
50	50	53	55	50	27
40	15	87	52	69	39
77	83	18	64	48	59
39	74	39	39	28	13
39	26	39	39	8	66
70	7	97	35	39	20
53	43	46	98	61	94
65	41	50	88	41	84
39	39	45	53	38	39
76	48	13	31	20	4
32	52	18	86	98	68
47	28	77	62	23	13
28	28	92	22	28	60
72	29	62	81	52	48
17	14	14	4	79	14
63	65	89	25	25	25
56	43	28	52	17	45
23	23	8	73	43	23
93	97	43	87	64	5
95	37	44	27	86	31
65	77	74	87	95	59
99	93	17	84	17	17
13	19	76	79	52	26
46	86	52	23	66	17
51	23	81	38	77	60
58	31	20	84	50	58
25	91	25	14	81	25
35	2	32	96	72	8
45	12	53	57	30	93
95	80	85	9	58	7
21	70	59	93	34	40
47	53	75	47	82	47
18	22	78	13	14	32
18	67	44	43	48	56
97	65	34	10	86	12
20	25	92	29	57	57
46	58	42	46	9	46
8	12	23	93	74	36
53	49	43	79	41	67
47	96	86	34	87	1
33	79	51	86	50	64
5	5	91	17	28	5
41	37	15	77	15	15
28	33	33	33	13	97
57	10	27	90	60	10
33	95	11	10	94	78
88	38	95	65	40	61
39	47	2	55	59	20
94	93	15	57	36	73
26	38	10	16	9	30
72	72	26	74	77	3
21	21	86	21	49	20
79	42	62	72	17	18
85	6	79	71	85	76
12	47	10	100	26	73
43	26	43	42	43	70
68	87	99	35	35	35
8	8	12	8	81	13
27	23	20	84	27	35
81	41	37	17	46	48
20	73	95	87	14	36
19	31	94	49	65	18
8	71	58	25	86	51
23	5	5	5	59	91
51	99	24	51	16	86
43	15	36	76	100	66
84	50	74	96	65	73
43	73	22	51	11	40
37	61	35	44	62	62
77	96	50	50	87	18
77	95	6	6	4	6
18	21	21	21	95	56
70	4	41	11	29	72
34	79	34	58	34	59
14	14	90	75	3	14
7	77	81	17	80	50
97	15	87	58	47	70
41	3	64	1	41	41
46	7	23	46	46	30
36	36	92	28	43	36
60	8	99	95	51	84
48	6	40	53	56	74
96	75	50	84	41	59
8	8	8	26	18	7
64	71	13	3	93	50
20	78	62	12	94	11
47	44	30	47	31	47
30	25	65	59	33	13
82	32	29	12	41	14
57	59	84	47	85	27
38	1	71	38	38	9
83	5	88	13	12	74
32	37	10	100	14	89
96	4	21	4	94	50
9	46	58	2	65	22
30	30	57	30	62	74
72	76	76	2	65	22
19	40	19	46	87	19
83	67	20	7	95	47
30	30	30	27	49	41
92	17	82	28	38	29
16	63	44	74	11	66
43	31	31	31	71	96
85	61	38	39	27	62
87	53	86	100	10	24
14	86	14	62	14	9
38	6	6	6	41	89
7	66	47	7	34	7
17	43	22	87	31	60
5	14	36	58	32	7
84	100	57	63	35	63
50	88	78	54	63	95
57	48	74	89	65	92
35	31	35	35	8	65
94	11	39	84	49	74
49	10	10	8	10	78
87	86	89	30	30	30
78	77	87	86	32	2
21	49	31	92	91	38
96	90	16	33	1	25
19	19	19	3	91	21
88	75	19	25	4	64
16	14	44	56	85	32
90	20	17	79	6	30
82	41	88	80	13	30
10	49	21	49	8	49
87	16	2	26	85	15
51	25	25	25	20	87
53	81	30	17	80	65
73	81	20	20	35	20
91	41	73	58	68	3
6	70	17	6	6	14
41	24	60	27	87	3
9	36	4	48	71	97
46	46	31	70	82	46
34	88	11	11	25	11
80	73	95	86	50	77
96	3	80	68	78	6
18	89	1	55	52	84
80	62	17	36	29	92
11	96	8	43	70	17
85	30	46	32	53	90
22	47	53	97	70	1
96	75	33	83	20	93
54	31	2	87	40	72
85	51	89	92	20	98
13	96	99	94	17	44
86	37	46	22	22	22
47	77	73	31	82	31
74	86	4	17	20	42
92	63	9	96	25	10
23	4	10	71	66	50
76	42	78	31	57	3
62	32	90	36	46	50
35	44	98	89	54	38
8	25	19	48	32	29
18	47	28	60	79	32
20	55	63	73	86	42
93	77	53	43	6	12
44	70	84	73	63	92
11	89	78	39	78	32
2	52	90	16	49	28
72	25	17	14	71	94
88	97	52	33	6	65
7	96	73	92	49	78
79	13	33	5	23	37
39	32	55	92	39	39
8	6	15	43	97	44
22	5	22	22	95	19
11	91	54	44	44	44
49	96	59	77	35	69
42	54	76	95	59	27
29	28	56	90	30	2
14	3	1	43	98	47
58	90	35	34	73	3
7	32	34	31	75	17
75	37	79	52	65	32
65	43	91	67	87	31
9	100	82	87	19	84
56	10	5	77	83	50
80	13	20	19	57	62
15	68	28	28	7	21
32	49	40	69	49	49
92	39	100	68	39	39
12	5	91	90	100	79
21	63	96	68	24	84
38	17	64	10	92	98
11	91	25	11	11	42
95	84	69	37	16	83
37	86	96	3	29	29
46	46	14	46	85	82
67	56	88	49	71	72
2	87	19	54	8	36
28	1	17	7	80	90
63	70	42	42	42	28
96	56	60	50	92	91
37	7	6	32	42	97
21	64	73	40	27	86
57	57	55	65	27	62
13	12	86	99	100	87
2	87	41	54	75	96
18	76	23	31	18	18
13	25	72	2	58	32
30	7	30	30	88	77
16	66	42	54	5	92
52	94	52	10	77	44
30	43	46	97	68	98
20	23	9	63	88	92
69	35	99	31	37	13
75	50	23	22	66	88
5	9	46	4	26	69
93	1	20	20	9	20
23	89	27	54	21	71
100	24	100	74	44	21
94	56	95	98	24	34
29	7	60	81	46	42
87	77	95	98	10	71
45	64	83	29	65	69
5	5	63	40	5	70
21	69	28	94	90	89
31	65	92	91	52	88
53	91	87	59	7	35
80	55	78	64	23	20
71	14	70	33	63	53
3	66	6	68	100	76
66	51	70	35	29	72
38	94	97	76	1	99
18	90	35	77	8	71
88	100	23	88	8	4
14	14	4	14	45	34
9	69	22	22	79	69
81	94	85	46	49	10
85	40	63	82	75	13
71	35	45	88	49	48
32	67	20	14	9	6
87	54	6	22	74	73
26	6	9	99	60	97
6	24	64	14	69	87
87	42	39	73	100	56
64	37	24	76	79	47
75	57	100	9	10	8
73	66	67	64	83	22
43	3	87	35	87	73
65	88	78	42	22	73
99	21	15	3	15	15
87	19	36	61	5	70
20	9	99	2	83	69
85	87	51	7	41	46
38	83	76	89	96	95
78	14	14	49	14	98
48	100	64	64	87	46
55	99	100	86	86	38
97	99	4	91	37	78
55	15	75	15	60	15
69	62	90	5	28	25
95	31	5	47	53	57
78	96	92	90	48	60
30	71	23	96	57	7
24	59	55	34	52	51
99	25	32	58	58	81
3	31	31	93	79	31
3	5	25	3	3	99
13	74	24	1	4	83
5	23	23	51	23	67
17	7	23	33	22	75
14	30	37	95	42	76
34	82	6	94	96	80
62	19	19	21	19	49
99	10	84	80	99	90
5	29	2	68	47	16
55	41	65	70	41	41
20	57	65	94	31	56
76	78	36	65	81	4
81	21	51	94	29	1
50	11	11	11	14	24
93	73	81	5	82	5
47	8	94	4	15	63
26	87	48	23	96	60
1	79	34	12	29	29
1	94	74	1	47	1
99	87	23	100	59	83
67	94	48	10	39	16
18	18	100	55	45	18
15	15	10	56	15	13
39	39	60	39	18	13
81	37	31	41	72	89
92	1	67	14	23	77
48	48	48	25	23	1
30	96	47	36	83	40
44	57	30	91	2	66
96	27	15	70	15	21
30	78	39	69	96	83
77	34	16	27	98	45
46	67	70	8	91	82
93	90	81	79	58	78
1	80	31	59	10	10
83	62	66	96	2	31
43	43	12	45	8	43
2	94	9	20	20	20
58	76	83	85	1	23
57	25	61	28	77	88
45	37	100	78	24	82
93	25	37	54	53	95
2	91	2	2	89	86
1	2	37	17	34	96
6	11	4	4	4	42
29	39	35	93	35	35
32	99	35	97	94	24
64	36	83	18	35	7
22	28	55	66	46	9
61	70	17	91	20	10
96	1	25	29	97	22
77	96	8	8	80	8
55	96	13	39	53	43
11	10	78	100	92	76
22	26	78	22	73	22
59	3	19	37	3	67
30	51	56	30	30	74
12	61	43	6	19	78
48	48	6	48	44	21
54	95	70	78	79	58
35	14	1	20	5	44
23	77	8	46	16	43
44	4	63	44	62	44
58	45	48	2	67	76
27	27	27	77	50	36
64	43	45	67	47	16
24	66	21	24	24	98
33	27	65	80	22	67
11	54	82	16	10	96
79	97	95	90	13	78
3	3	65	3	8	80
5	99	21	45	54	69
9	17	11	94	17	17
99	91	48	45	34	82
40	40	61	44	86	56
88	11	11	49	32	11
32	72	41	96	78	56
68	61	30	98	18	36
45	99	44	94	49	15
9	9	93	28	16	9
70	46	22	52	5	87
23	44	29	91	7	9
3	3	66	30	3	12
15	4	19	88	97	14
90	34	26	74	53	74
51	64	69	79	77	25
42	90	85	11	71	35
77	19	36	16	32	64
26	52	41	30	30	30
93	49	47	60	42	39
92	3	3	3	74	36
19	24	69	49	24	60
47	43	47	47	5	1
66	30	34	47	56	21
86	26	12	96	77	56
38	36	81	10	8	98
29	54	84	63	82	24
32	32	17	8	32	36
63	68	13	48	48	48
63	84	92	45	79	82
28	41	97	63	53	64
47	29	24	68	53	11
41	25	76	21	5	90
94	22	58	58	31	3
94	24	53	4	61	49
98	17	17	78	17	49
31	31	9	31	51	26
4	20	86	62	73	96
8	81	69	67	39	50
56	81	30	13	45	5
97	57	88	88	56	67
78	52	55	78	68	98
26	1	95	23	26	12
42	42	73	26	60	42
33	2	89	48	84	36
96	36	36	45	89	36
21	42	5	43	24	87
80	82	48	32	32	32
15	66	37	15	60	15
36	21	36	87	14	47
70	97	72	87	84	7
11	24	24	24	63	35
88	39	82	74	8	43
21	21	21	96	55	64
24	13	52	43	63	69
41	61	68	21	98	56
9	45	45	28	36	45
17	39	17	32	14	17
13	13	48	57	13	32
23	30	67	26	62	88
95	95	54	42	70	36
20	70	6	100	51	84
20	49	5	9	99	68
38	3	82	37	4	28
25	33	25	59	25	99
15	64	51	30	30	15
9	10	38	10	10	53
42	31	63	42	7	42
80	92	34	73	9	55
29	77	10	47	61	77
76	37	98	59	94	13
18	7	43	72	18	18
5	45	38	5	79	54
88	12	16	57	47	87
84	25	14	68	86	14
74	88	42	71	98	39
88	24	70	8	92	8
32	90	55	33	6	72
77	64	28	28	28	59
49	97	58	49	96	49
79	91	67	5	57	24
25	35	72	77	85	99
68	39	46	46	67	46
27	54	57	47	55	65
15	68	39	15	3	23
67	6	62	62	70	58
47	7	78	24	8	59
93	62	97	20	10	74
69	56	67	29	3	3
7	11	62	37	7	7
46	9	9	20	9	47
28	60	48	48	53	48
86	38	18	75	89	79
42	9	75	81	56	71
38	86	87	33	42	83
1	19	63	43	39	82
30	72	48	89	63	3
32	22	51	7	76	5
58	26	52	72	10	47
58	46	10	13	84	25
63	56	4	4	75	4
7	89	47	29	53	1
30	63	61	79	40	74
12	51	43	6	89	35
14	90	33	59	8	55
22	72	55	91	90	2
23	98	70	2	56	32
1	1	29	71	1	58
50	43	58	43	43	30
23	71	97	81	58	94
44	84	10	27	27	27
91	12	61	14	24	37
52	85	4	80	49	40
47	32	49	60	32	32
8	53	8	47	94	8
18	62	16	83	70	48
87	17	64	72	17	17
17	28	36	10	29	18
38	17	58	89	17	17
76	57	48	40	58	50
82	96	8	84	82	59
18	35	96	35	49	35
13	73	13	64	13	57
33	17	78	85	72	51
4	38	38	38	11	63
61	38	25	82	79	31
69	20	20	20	7	44
40	40	81	17	40	75
21	15	71	95	43	27
83	13	18	37	7	33
43	52	43	99	33	43
55	4	66	44	18	53
99	52	89	63	69	67
29	13	13	71	2	13
36	26	82	18	76	31
8	22	100	32	58	59
33	33	59	33	39	30
39	14	35	34	77	37
25	30	86	93	98	43
40	29	57	97	49	99
92	74	86	99	42	66
42	42	95	42	79	41
90	15	36	15	15	86
43	1	86	43	43	62
96	45	92	73	85	91
90	46	34	21	54	20
96	66	52	98	14	40
18	81	90	18	15	18
91	100	86	12	12	12
46	44	44	25	30	44
15	38	12	26	64	38
88	73	9	7	27	69
50	32	33	39	23	7
41	81	30	20	56	64
95	95	35	2	56	77
88	59	6	47	53	46
60	22	11	7	96	98
62	93	37	37	74	37
98	37	14	39	90	41
66	38	61	82	3	70
79	17	31	31	52	31
68	7	14	63	95	52
49	27	74	58	49	49
50	50	82	43	50	97
21	80	4	88	21	21
88	33	61	45	88	82
50	38	27	11	37	65
79	82	62	87	48	12
71	96	48	16	4	27
37	19	31	85	40	27
40	20	20	77	20	85
88	99	87	96	70	54
58	46	9	13	50	53
96	37	34	70	64	74
96	81	56	42	11	11
65	76	61	2	68	100
3	40	3	37	63	3
55	43	27	80	51	16
85	57	49	77	7	75
15	88	63	65	31	5
85	18	39	99	21	16
31	23	24	52	41	69
57	85	59	81	94	82
92	27	66	18	32	47
45	54	48	48	5	48
10	83	61	84	86	99
51	63	90	54	18	88
7	56	96	71	31	22
75	54	82	38	80	12
69	34	54	50	72	58
90	26	66	17	99	82
32	51	94	16	7	42
93	73	75	18	29	59
77	31	58	6	79	16
31	95	36	24	53	70
43	41	98	61	56	54
69	67	12	85	78	70
29	25	60	75	26	57
5	21	45	53	11	4
50	54	50	50	96	14
54	4	76	85	4	4
37	62	70	89	65	78
42	16	42	100	42	6
82	93	4	4	40	30
11	49	100	11	11	77
14	14	14	21	95	28
3	11	90	89	65	23
50	93	78	35	97	34
28	37	48	67	15	50
56	34	17	76	66	30
54	50	23	49	88	22
26	76	17	100	97	100
11	76	54	17	66	44
45	8	27	4	100	92
72	53	5	19	45	7
11	60	70	76	18	63
7	29	60	17	21	45
90	91	37	39	39	39
81	23	27	7	57	69
56	15	97	28	13	70
88	14	6	90	90	11
49	90	91	93	63	59
12	40	22	64	22	22
89	42	85	96	58	53
68	16	45	17	80	78
48	10	69	46	29	80
97	97	37	17	76	99
64	9	63	96	34	31
40	65	98	91	32	12
59	47	41	40	43	57
70	70	45	81	77	100
34	63	51	34	34	82
17	8	17	43	17	62
84	6	42	8	70	38
58	58	74	69	66	96
37	94	35	43	90	25
94	38	57	83	63	91
46	46	46	86	58	27
23	23	65	96	23	69
46	46	33	86	22	75
44	24	62	73	96	1
13	68	95	25	48	9
1	88	47	38	87	35
65	77	90	24	6	39
4	44	72	7	47	26
16	23	28	23	25	23
8	25	81	67	8	8
23	78	50	15	94	69
100	28	33	76	72	16
22	22	36	93	22	42
37	8	87	37	12	37
68	57	82	4	28	3
28	8	69	19	93	47
43	94	93	5	64	13
56	2	76	2	2	87
68	5	68	87	2	96
8	8	74	8	41	7
56	35	25	41	41	41
67	23	56	69	8	38
61	30	20	84	17	87
85	33	5	53	92	19
95	26	29	86	91	39
41	27	32	62	93	80
68	90	38	93	49	20
17	33	94	35	10	95
96	39	98	28	97	17
24	67	93	68	2	37
3	94	34	40	4	18
22	32	32	32	70	54
7	6	78	70	5	76
37	41	89	41	41	12
25	25	41	25	36	2
4	81	33	80	4	4
100	76	91	12	15	43
51	92	24	63	3	10
25	25	47	25	79	94
24	32	60	39	60	37
29	29	18	29	23	5
38	60	34	34	25	34
72	67	58	31	17	94
87	64	58	92	98	63
38	50	83	91	55	92
81	95	32	28	56	86
83	76	99	87	29	19
51	85	65	14	41	5
19	71	79	64	94	77
13	18	59	20	50	100
62	94	64	86	19	41
54	58	60	56	10	75
5	5	89	20	5	67
66	75	58	88	88	12
23	100	68	24	65	39
49	53	97	36	2	50
53	100	51	74	82	90
83	30	7	12	74	77
9	67	51	27	49	64
44	91	17	8	34	75
11	31	74	78	100	98
53	38	39	76	38	38
90	16	27	27	27	66
5	33	64	82	26	16
76	26	14	26	13	26
64	96	60	16	16	16
86	19	76	91	54	48
6	64	55	85	79	29
15	24	83	53	15	15
42	20	99	19	56	53
45	22	75	78	96	88
43	4	96	25	87	76
44	57	44	9	73	44
7	26	46	25	5	3
87	69	37	13	22	46
15	68	15	15	24	52
52	75	53	73	53	20
42	100	17	15	52	32
29	37	66	60	2	33
41	36	19	57	79	7
42	77	89	1	53	62
2	35	1	79	48	28
62	21	83	60	46	39
12	43	4	4	4	46
41	85	80	39	70	28
3	88	36	83	89	14
100	34	44	34	34	29
52	13	17	57	20	52
100	70	62	32	4	58
71	63	36	93	57	5
7	47	67	47	47	22
5	64	39	16	54	21
53	95	12	26	69	83
65	76	7	4	7	7
34	1	100	31	75	40
57	14	99	7	72	93
74	20	98	41	33	89
84	61	62	2	40	56
43	19	62	54	19	19
27	37	59	14	98	6
37	54	65	74	73	70
54	47	71	47	23	35
27	15	89	82	60	47
11	41	12	29	67	28
73	49	2	84	33	9
14	24	62	39	14	14
58	7	53	39	5	71
86	27	74	45	43	6
41	79	26	41	41	52
26	91	65	48	91	77
63	16	18	43	56	62
8	10	84	31	35	87
82	30	44	46	46	46
27	44	66	44	44	3
28	19	27	81	70	100
31	90	31	38	31	8
49	24	96	42	95	94
97	1	12	46	78	36
91	31	6	27	30	61
89	15	20	62	15	15
26	50	9	98	24	29
44	10	11	74	89	21
60	49	100	49	77	49
76	17	61	7	70	69
22	38	34	22	66	32
24	3	98	24	21	70
22	52	26	7	86	81
52	34	28	7	16	79
9	42	20	94	94	14
69	67	41	28	84	33
39	72	66	74	86	30
78	69	26	40	25	61
12	24	85	82	65	72
7	1	7	7	33	97
73	18	21	18	39	7
2	33	18	65	97	64
92	88	24	17	1	45
11	99	25	68	16	26
48	9	11	100	85	11
14	24	13	24	54	24
64	58	43	22	94	6
11	8	98	8	39	8
86	98	47	3	59	6
19	9	20	63	89	60
56	5	26	61	41	49
2	3	67	34	72	32
92	51	21	28	51	7
13	87	88	13	49	13
17	83	9	13	68	82
63	48	97	74	99	68
97	21	21	62	21	5
4	8	49	19	17	77
66	34	53	74	62	71
96	3	3	76	16	3
42	52	6	95	38	22
40	58	98	63	94	89
20	45	29	24	54	53
36	43	94	58	40	85
48	56	40	54	35	24
72	73	71	6	72	35
62	7	11	67	28	96
78	93	47	67	64	53
78	93	53	79	33	77
46	96	15	35	58	14
41	1	54	10	73	25
22	58	21	96	38	15
47	74	51	39	82	87
5	46	46	79	86	46
85	51	25	85	38	93
20	46	20	20	40	98
10	53	79	43	19	52
6	21	89	27	78	73
28	33	2	20	11	16
1	4	100	1	1	82
3	64	38	19	19	19
23	95	2	40	25	65
88	19	85	61	19	19
24	100	58	25	90	49
50	81	22	76	5	4
68	32	13	55	32	32
4	50	51	4	4	86
19	79	39	86	58	56
46	46	58	48	98	46
37	91	30	65	75	88
74	54	65	84	48	38
79	79	83	46	62	51
57	14	98	73	33	52
27	96	7	21	98	35
81	14	14	99	14	48
46	65	53	85	38	71
29	26	52	76	37	82
6	37	27	55	37	37
39	39	42	39	85	77
66	86	38	70	38	38
7	7	50	7	68	83
99	79	34	100	3	34
15	49	50	93	25	99
78	26	7	26	12	38
7	39	73	55	99	100
2	4	56	23	90	36
63	1	9	99	56	64
73	27	88	27	61	27
11	60	45	21	67	83
37	87	4	37	37	11
20	8	8	23	47	8
40	22	52	63	3	78
25	4	1	15	100	2
12	12	74	35	12	14
16	90	16	23	16	12
37	88	43	61	60	16
89	80	9	85	64	5
79	77	36	24	28	90
40	60	55	44	10	34
39	65	11	41	96	70
47	58	80	42	18	15
3	15	80	15	15	12
25	68	25	25	80	76
90	35	10	67	26	20
23	28	18	28	28	85
51	65	48	19	19	19
37	19	100	85	26	17
46	80	54	99	37	9
11	27	32	27	95	28
17	32	51	18	85	23
50	95	48	80	7	67
67	23	78	6	82	15
30	90	79	73	100	45
75	39	64	67	100	97
66	39	6	94	44	3
70	33	66	68	2	23
90	21	14	44	87	41
63	41	8	50	94	52
44	49	20	53	23	77
63	97	48	81	48	48
56	19	84	96	36	8
33	90	15	36	77	54
22	64	62	15	34	34
67	26	12	79	25	79
20	12	26	20	20	87
35	76	47	80	65	53
51	1	28	82	46	13
2	36	34	34	90	34
9	2	82	88	30	86
72	17	79	6	6	6
76	47	76	28	56	54
5	1	1	40	1	71
44	53	31	31	31	90
95	17	97	23	19	1
99	26	23	55	43	92
3	87	6	10	57	7
45	12	62	25	96	4
24	1	60	24	24	27
97	79	15	69	85	81
86	63	54	95	50	87
3	98	76	26	23	35
90	82	9	88	9	9
94	61	73	2	22	85
90	31	13	55	80	92
49	42	42	25	42	30
50	80	50	37	16	50
43	43	33	80	41	72
61	56	52	22	64	61
33	10	66	11	98	97
22	70	82	4	53	52
32	7	82	57	92	86
5	55	72	71	39	27
75	41	77	26	52	51
26	24	70	7	50	39
20	20	42	20	66	16
83	1	39	2	80	76
5	11	5	5	66	82
79	66	7	6	82	58
88	8	54	24	8	8
82	14	55	28	19	7
55	71	92	49	16	73
80	89	43	18	82	66
50	85	88	3	65	97
43	27	70	10	52	50
20	59	70	49	58	93
96	13	25	37	54	5
98	73	6	77	27	27
1	15	15	97	15	53
16	4	4	65	4	28
13	57	83	80	11	98
96	77	16	72	57	67
48	57	50	44	8	74
42	76	95	42	42	10
70	79	4	69	60	30
31	75	100	31	93	31
60	100	45	99	66	70
2	15	21	62	98	87
94	60	39	27	30	54
42	68	42	100	4	42
66	28	28	28	95	26
14	7	7	7	73	21
66	8	4	89	8	8
47	27	59	27	27	95
8	76	72	89	94	44
27	27	96	58	41	27
6	63	45	98	93	93
13	23	72	30	83	18
91	1	15	83	70	91
55	70	49	65	19	30
78	56	4	14	16	4
50	99	74	56	48	34
68	9	40	50	50	50
36	93	10	20	55	63
45	69	45	37	13	45
49	46	92	76	51	81
100	17	2	2	2	35
25	69	90	71	12	26
31	4	76	15	79	63
17	32	69	9	72	39
64	25	12	27	39	74
17	5	15	12	11	72
9	9	9	46	73	80
68	54	15	65	30	24
2	51	71	98	28	31
56	47	39	21	94	84
49	16	38	44	38	38
38	79	27	87	8	44
73	86	22	62	16	67
61	100	32	65	68	19
38	16	95	58	97	32
26	60	11	79	21	95
5	11	5	84	5	62
26	26	99	85	26	40
63	61	8	32	12	59
36	41	36	82	36	52
8	18	8	8	58	28
71	18	73	94	37	19
44	87	97	86	30	14
39	69	68	78	16	27
16	85	89	61	8	54
28	75	96	73	52	13
25	74	18	100	13	80
99	41	28	1	83	33
77	10	6	2	47	83
65	13	10	31	25	87
84	36	38	36	34	36
99	48	7	71	76	79
8	35	25	88	25	25
58	70	80	62	17	83
79	95	86	42	93	75
2	23	20	88	87	30
1	1	73	45	82	1
22	6	68	16	61	7
53	65	5	63	12	29
58	20	91	97	73	27
84	95	81	32	88	71
3	73	90	50	13	22
40	49	53	32	60	50
72	27	45	66	99	94
44	20	44	44	4	65
25	78	4	41	87	81
60	50	19	93	38	59
91	1	14	25	43	95
71	82	35	56	51	21
73	98	41	62	15	27
25	64	74	64	47	15
35	87	14	48	93	69
71	53	40	16	51	2
72	7	6	57	38	13
75	18	80	4	81	83
81	43	19	14	78	71
38	51	98	98	5	18
72	20	61	20	17	20
95	18	41	25	44	87
44	36	80	83	50	31
3	69	84	8	40	31
70	47	16	22	77	91
33	84	50	93	37	23
29	26	84	87	33	82
51	8	83	55	6	78
62	26	17	45	35	83
37	40	82	20	95	65
20	92	21	21	21	53
70	77	42	32	32	32
10	57	22	96	84	16
10	10	30	98	95	46
71	65	66	35	29	69
100	87	19	82	41	30
42	29	42	42	68	32
22	57	86	21	58	3
73	79	65	38	70	90
95	12	78	47	44	79
39	52	17	52	93	68
33	74	29	33	38	33
17	82	17	84	17	1
83	84	74	40	13	28
52	29	48	90	92	59
78	93	88	42	99	54
42	90	42	95	67	42
47	57	37	83	98	39
13	72	3	36	30	10
27	99	44	27	8	27
8	96	41	47	11	25
11	59	23	64	23	94
1	85	91	38	71	33
20	78	47	16	77	12
91	3	6	3	3	61
87	3	44	97	44	44
48	48	43	5	48	95
87	86	60	39	60	12
22	22	40	11	99	22
43	79	5	6	50	90
37	63	36	18	26	17
56	64	26	18	66	5
76	36	36	32	36	92
70	87	16	73	80	56
52	12	78	69	99	38
92	14	10	76	19	3
75	11	58	79	22	42
83	29	34	34	34	78
31	24	17	61	81	76
94	17	95	66	11	99
29	29	29	96	8	36
4	30	4	7	61	4
10	33	33	36	15	33
3	9	13	3	3	98
24	76	21	24	25	24
45	44	45	9	45	72
69	65	45	20	57	3
90	45	87	88	100	20
55	8	8	40	8	71
14	13	38	22	87	31
32	50	44	95	54	4
85	93	97	12	39	52
92	54	69	22	58	17
64	10	58	100	65	40
56	15	20	24	46	48
47	61	47	47	42	36
87	87	80	58	15	12
39	98	19	17	1	18
30	83	52	67	85	68
38	71	74	72	38	38
61	32	32	32	66	57
99	60	39	34	100	52
4	74	52	17	79	40
96	100	10	10	83	10
27	74	20	40	64	83
45	23	66	66	27	18
64	28	37	18	85	10
94	90	66	77	45	1
14	11	22	4	3	23
65	16	17	20	26	57
66	12	99	12	44	12
21	42	6	35	91	74
82	87	81	83	59	44
74	57	58	3	76	85
43	77	43	46	48	43
52	94	14	14	21	14
5	85	25	16	9	47
20	20	43	20	18	89
66	31	38	71	69	58
1	4	59	49	52	10
79	66	33	54	22	45
5	88	49	2	18	90
95	27	27	90	27	30
71	76	59	25	61	44
65	54	10	66	58	50
51	7	7	22	39	7
39	31	28	61	51	43
1	36	40	67	42	53
99	97	41	46	68	27
5	53	87	14	89	12
1	85	93	48	57	81
48	59	34	44	69	67
8	15	18	76	51	65
47	5	40	47	47	44
95	45	37	72	15	100
32	54	66	14	87	86
42	1	32	32	44	32
68	64	43	21	17	31
100	29	84	77	48	89
91	69	52	19	5	8
90	91	10	8	93	31
51	91	41	21	60	63
16	48	82	33	69	44
98	78	74	18	100	40
39	39	39	80	98	17
2	15	2	2	91	70
55	42	18	49	86	79
70	88	70	27	13	23
29	31	29	29	24	90
70	51	58	26	23	44
37	91	33	31	44	98
28	46	5	64	34	66
23	58	58	55	21	67
49	28	46	31	20	22
19	26	74	44	25	38
62	83	70	35	21	32
60	70	65	44	16	96
28	16	59	24	36	3
75	22	76	64	86	46
65	49	20	63	11	47
65	83	18	5	5	5
7	91	28	28	28	6
6	10	25	23	10	10
23	25	15	55	4	73
81	52	91	27	30	28
73	16	8	8	2	8
2	70	73	2	57	78
94	25	45	25	62	25
6	49	49	49	27	4
27	27	27	29	66	94
45	20	17	93	80	3
21	60	26	83	33	72
89	43	97	12	36	26
3	70	78	7	46	11
25	97	19	19	19	31
29	89	42	48	81	91
94	47	38	38	81	94
46	14	54	88	14	14
35	58	69	77	8	38
49	7	49	72	49	65
22	76	22	34	62	21
50	92	50	50	99	56
70	89	1	98	95	47
22	85	63	5	71	9
83	60	6	45	95	3
91	99	34	24	24	33
48	54	7	24	90	97
18	68	54	76	54	51
36	69	32	36	76	93
59	90	31	10	82	38
68	72	19	52	55	94
31	44	31	39	85	7
26	15	99	47	84	82
1	52	57	76	90	82
93	3	73	24	14	77
27	9	69	99	65	42
94	43	12	50	29	93
55	19	78	75	19	19
34	27	34	34	43	9
16	66	5	5	95	5
36	79	26	40	13	6
87	80	49	17	51	61
83	62	74	74	80	30
80	20	48	41	28	9
22	22	79	22	34	24
46	3	75	1	11	71
45	30	70	13	29	91
63	35	56	24	7	62
7	98	7	7	32	35
11	96	18	50	11	11
6	38	56	25	87	70
92	42	42	79	42	86
6	14	14	43	78	14
70	58	98	85	63	17
80	98	24	74	32	86
64	67	18	2	78	27
21	89	66	14	54	68
15	8	31	30	85	86
4	44	89	21	24	86
46	46	46	58	85	98
44	50	98	44	81	44
99	58	85	54	11	85
12	32	32	38	59	32
34	20	34	71	34	2
87	66	54	27	50	80
63	99	50	4	54	49
61	29	11	76	59	73
47	22	59	90	74	47
98	21	23	99	15	43
52	15	15	9	28	15
87	12	71	12	12	34
82	46	8	4	59	3
59	71	11	98	89	35
51	5	11	46	6	87
3	17	3	98	3	2
97	98	32	10	42	18
77	75	89	30	75	2
28	65	38	61	19	5
9	75	22	64	73	75
36	70	29	11	9	44
19	18	19	31	30	19
40	8	70	34	40	40
34	29	79	82	19	29
36	53	36	94	36	72
41	81	64	33	64	20
18	9	72	18	33	18
44	52	69	79	14	39
59	42	20	29	94	34
95	5	5	13	85	11
33	33	72	27	33	48
74	71	94	4	17	22
93	43	69	78	45	80
16	79	44	75	34	39
87	8	63	17	17	99
15	15	15	34	43	42
68	86	33	61	23	32
80	21	57	78	100	78
33	33	55	36	33	88
42	75	6	6	6	37
100	80	53	56	100	17
75	63	59	1	1	96
27	61	65	51	35	61
83	64	42	32	84	78
11	15	11	11	27	37
19	61	83	55	96	24
66	49	11	64	87	1
83	54	38	58	97	57
32	85	17	41	12	72
60	27	33	38	63	60
22	31	88	3	39	18
93	3	18	3	39	3
82	38	42	62	10	14
24	72	86	37	45	32
11	25	14	46	25	25
81	35	14	30	65	13
72	40	28	74	49	11
87	69	25	98	44	46
21	69	48	60	2	47
82	47	10	67	72	44
59	93	21	45	67	61
6	13	47	31	35	46
17	42	100	72	3	17
45	6	66	67	16	23
26	26	89	26	16	61
36	2	68	29	81	62
35	45	79	68	73	98
49	15	32	61	68	57
93	14	62	4	52	65
64	65	97	97	37	41
4	40	28	70	2	94
40	59	81	2	68	3
33	2	47	4	47	47
51	35	16	59	95	71
52	13	2	30	4	99
32	66	32	61	42	32
31	25	36	94	31	65
51	11	51	95	36	12
30	30	2	30	28	78
93	2	89	58	92	99
50	50	50	31	62	88
74	68	14	7	100	9
54	84	94	71	41	9
25	25	44	38	78	25
12	27	12	54	12	88
66	43	67	92	1	25
68	52	100	82	58	6
14	46	4	70	56	66
43	43	43	70	53	66
35	82	35	35	4	2
33	6	51	32	72	43
39	44	44	50	44	88
13	13	7	61	73	13
19	21	39	14	78	46
100	15	98	60	56	74
26	26	40	26	20	47
45	3	67	10	57	54
56	54	26	65	37	7
33	25	37	12	30	21
75	16	20	30	73	96
43	92	5	62	17	63
60	90	20	58	37	15
90	21	4	35	90	40
44	11	42	56	40	92
51	89	60	58	51	9
28	79	16	30	21	61
65	25	25	92	28	25
100	83	64	58	46	39
69	7	26	8	44	35
30	30	30	70	51	92
16	7	7	58	7	22
44	56	58	5	44	44
47	57	90	12	47	47
74	2	90	29	76	15
28	28	28	93	39	20
13	13	13	48	21	54
93	71	87	54	17	93
26	43	78	51	79	65
84	37	23	4	95	24
24	24	24	41	25	39
86	45	36	49	30	7
73	80	67	1	56	72
59	17	57	72	49	61
5	49	45	38	71	17
90	67	91	95	50	91
72	37	46	80	26	92
75	11	7	100	24	8
51	44	87	35	75	81
10	89	68	17	46	25
99	52	75	68	73	28
94	43	3	4	53	6
9	38	87	72	41	35
63	30	30	30	27	79
16	16	16	27	51	38
61	20	12	71	71	12
17	10	74	3	57	86
74	93	71	18	74	91
56	37	96	22	26	89
88	54	53	86	56	81
5	58	89	35	68	24
24	98	32	69	15	17
48	4	52	22	48	48
8	80	72	52	96	51
89	67	84	4	5	79
38	40	38	62	27	38
41	36	94	41	24	41
9	61	62	60	37	79
90	47	79	26	80	40
88	9	9	9	34	92
98	31	64	31	31	43
8	37	15	78	89	68
95	22	68	97	22	22
64	62	62	25	36	39
8	55	97	41	19	34
19	68	26	44	74	75
25	30	38	14	52	52
9	22	36	94	34	14
35	59	64	17	35	35
67	67	77	9	20	10
12	95	12	12	58	47
46	77	45	88	36	100
100	48	31	48	65	48
31	17	17	67	17	19
23	80	93	23	5	23
43	54	30	79	47	80
40	40	67	40	79	25
3	30	30	71	57	99
5	64	49	33	5	5
82	78	29	29	16	29
63	18	2	18	18	34
35	67	55	61	77	68
25	58	65	30	20	12
57	87	20	16	20	15
25	15	64	2	80	82
88	42	22	12	70	65
87	10	87	5	88	35
44	23	54	10	12	33
27	10	27	32	8	27
22	71	98	12	75	53
44	10	12	25	29	93
52	78	12	21	35	68
52	21	47	1	47	47
35	91	35	37	7	69
27	60	20	20	20	23
99	54	20	69	47	13
26	43	26	26	46	12
50	39	75	27	37	67
19	78	100	86	19	15
98	3	3	55	23	11
34	89	14	58	87	74
83	70	4	23	18	13
5	5	11	5	53	21
76	57	27	69	68	53
38	28	64	61	38	32
18	28	66	13	78	62
97	38	64	87	79	28
11	77	11	63	42	11
42	86	26	53	14	27
42	50	45	87	41	10
25	73	15	25	67	25
54	89	35	67	37	43
55	42	87	39	6	75
3	10	86	3	14	3
22	26	40	33	43	20
17	89	17	85	17	46
59	1	26	37	73	19
60	57	100	20	6	36
32	15	77	32	32	60
27	78	43	96	49	24
100	29	98	37	37	37
50	92	67	50	72	50
39	88	87	55	81	18
55	54	21	55	84	85
89	74	81	4	47	51
80	22	62	69	68	38
3	11	81	11	11	19
74	57	30	30	18	30
63	47	46	24	74	11
83	80	9	9	100	9
43	37	6	57	84	62
24	83	61	55	15	55
25	90	18	6	25	25
52	69	64	73	3	85
93	9	33	19	92	79
21	42	29	36	39	62
13	46	46	46	54	14
30	37	23	37	37	97
66	97	52	6	50	91
95	82	28	79	75	37
32	64	97	59	37	27
46	16	54	72	60	43
53	23	23	23	54	16
88	88	98	7	96	76
12	12	41	78	12	23
23	66	19	46	19	19
71	7	4	63	7	7
74	65	11	55	3	99
26	59	24	64	30	66
34	13	72	39	34	34
96	33	33	47	72	33
4	11	9	26	32	61
12	3	12	93	12	18
83	62	24	3	20	82
52	13	27	46	38	25
66	66	25	91	89	40
82	63	91	8	36	65
81	71	12	12	28	12
29	64	26	29	51	29
79	14	38	75	55	45
13	72	34	13	9	13
58	19	20	95	71	43
19	17	19	19	52	67
23	34	23	23	65	68
62	89	20	25	69	42
26	39	99	53	39	39
83	38	27	71	29	52
22	22	22	86	43	65
55	11	45	45	45	40
57	25	44	58	8	79
1	73	30	56	13	6
73	34	46	81	46	46
38	6	6	72	6	78
37	37	17	37	77	58
45	92	91	71	95	62
82	21	45	6	34	93
96	93	1	54	88	45
36	35	91	83	87	29
22	54	44	85	44	44
43	72	79	24	88	23
88	62	12	94	82	83
64	16	20	91	75	28
39	39	94	70	23	39
64	87	4	29	38	81
48	54	66	57	70	9
68	29	71	63	52	6
21	75	31	48	31	31
91	62	43	63	48	24
77	54	74	54	30	86
10	10	10	72	17	71
80	6	47	86	54	100
42	43	64	4	76	82
92	38	52	39	28	84
7	45	47	26	63	52
47	2	2	75	83	2
36	36	26	36	3	89
63	20	83	91	73	67
23	23	89	23	67	22
4	9	57	73	78	90
88	93	25	49	75	82
84	97	83	8	29	80
28	32	71	20	32	32
31	44	63	47	17	96
81	49	35	24	52	15
31	86	21	21	82	23
11	11	50	70	11	61
92	18	5	23	68	29
80	2	41	65	2	96
1	91	81	56	91	87
85	31	31	89	73	31
15	9	55	23	88	98
18	18	61	18	52	92
32	14	26	99	78	43
29	78	31	29	29	41
59	93	88	95	38	87
71	7	21	78	62	83
40	56	75	40	49	40
73	14	26	42	67	29
44	39	96	44	44	73
10	47	29	17	10	10
39	14	99	1	25	28
60	11	82	5	45	26
24	54	42	51	30	25
49	61	78	29	97	83
60	48	6	18	47	80
47	44	61	51	60	50
1	80	45	20	86	76
56	19	73	26	51	92
46	25	54	30	36	27
48	50	89	32	55	78
71	36	49	67	40	11
43	94	4	68	2	16
87	49	68	96	34	48
39	86	88	39	39	74
26	60	54	51	84	78
85	98	93	31	87	31
44	44	44	93	49	62
82	28	28	37	28	22
46	8	46	46	20	7
22	73	3	8	91	82
38	30	87	5	59	46
38	86	84	1	56	4
5	91	21	4	54	20
70	42	45	98	25	15
4	4	10	51	4	63
94	10	71	4	18	41
36	8	12	55	63	56
67	92	53	10	70	61
75	10	71	50	34	59
50	19	84	19	54	19
96	26	20	77	58	75
43	75	17	26	26	26
50	49	19	24	49	49
6	17	99	34	17	17
80	77	64	82	30	71
57	45	49	78	7	82
75	96	88	67	77	62
76	82	33	32	89	11
75	15	43	92	63	83
48	20	68	44	12	40
47	66	76	70	78	99
58	36	80	34	17	82
10	43	36	55	25	50
45	84	86	16	93	34
38	3	7	38	45	38
73	51	39	13	55	41
47	40	47	47	60	70
82	9	63	55	40	34
37	28	64	9	41	55
23	22	53	14	20	79
27	27	52	27	82	10
43	96	96	28	64	90
97	64	39	5	85	8
8	48	18	33	12	76
74	9	74	13	83	66
35	99	99	71	89	76
43	25	73	84	84	71
95	34	82	34	34	4
34	25	29	33	88	56
100	1	91	86	45	15
49	49	49	45	31	93
43	36	43	43	76	2
8	8	8	36	69	13
51	59	82	43	26	89
21	37	87	9	9	9
82	16	16	59	11	16
51	28	28	65	28	61
84	43	54	39	44	53
34	55	91	35	10	89
1	97	48	97	26	85
88	89	81	79	74	95
69	81	74	82	69	73
1	95	73	91	1	1
28	57	61	20	77	7
32	71	47	90	63	14
18	27	49	53	62	10
22	3	13	22	74	22
98	18	34	18	18	56
55	25	8	16	10	94
29	76	30	41	61	1
63	95	35	35	26	35
73	24	19	26	8	32
8	96	8	58	8	90
39	99	29	67	12	10
4	66	50	49	94	79
23	51	16	14	12	66
50	91	25	99	68	62
3	73	79	3	3	92
25	7	54	93	37	73
60	60	40	9	70	92
7	94	29	62	29	29
5	5	5	66	79	29
87	78	8	46	88	78
59	7	50	14	64	71
87	26	9	97	46	43
46	72	63	16	30	51
69	52	71	2	37	13
15	12	12	12	17	6
18	54	60	37	40	64
100	38	5	3	28	26
66	91	19	77	36	60
99	69	60	26	69	65
51	23	23	23	37	80
42	44	50	87	25	3
28	61	89	6	98	56
3	3	53	3	8	91
97	54	2	6	13	41
90	8	61	8	8	22
70	53	69	61	93	34
19	74	52	13	47	11
26	69	66	81	18	32
52	21	62	76	54	37
96	90	76	58	91	60
31	31	59	31	12	69
10	24	2	60	21	48
96	38	38	100	38	21
80	58	57	15	87	38
49	30	14	16	81	20
32	67	32	41	68	32
77	45	93	45	23	45
99	46	16	83	60	78
22	69	76	22	54	22
54	72	73	8	51	49
87	87	34	45	48	3
4	65	12	25	91	78
68	34	93	34	45	34
73	58	97	80	70	54
64	72	68	37	37	37
33	33	95	96	34	33
9	85	83	38	51	22
14	14	14	44	5	77
9	66	32	72	9	9
46	91	46	44	42	46
24	14	33	60	24	80
26	75	79	26	26	96
94	27	24	72	62	74
49	22	97	80	5	12
60	38	38	46	30	38
16	16	16	54	90	61
76	62	61	11	88	31
71	43	2	85	79	100
10	21	64	89	56	24
60	37	98	13	53	40
12	74	30	30	30	92
18	18	18	45	46	54
92	72	96	27	95	41
71	45	33	78	6	18
5	46	5	5	86	96
91	73	76	43	65	50
39	18	12	28	79	88
17	30	34	16	1	77
44	90	24	59	31	39
58	72	26	85	93	20
11	96	11	60	25	11
59	78	75	83	45	27
28	28	48	87	81	28
12	29	100	22	29	29
21	21	21	87	56	10
1	32	33	1	78	40
41	89	99	29	49	87
16	14	14	28	8	14
92	9	99	14	64	20
63	39	68	75	26	3
59	60	71	84	63	28
81	45	2	39	10	54
18	5	23	23	23	9
68	44	44	44	97	89
94	32	42	87	30	46
34	16	6	75	17	73
42	72	1	51	42	42
55	44	27	27	52	37
26	18	60	92	27	43
32	78	32	35	93	32
59	11	27	83	47	30
20	37	37	43	37	59
25	54	12	14	33	75
61	58	12	12	28	12
62	34	80	53	20	80
14	45	45	92	5	45
35	3	6	23	84	21
38	97	10	47	72	58
77	71	61	87	95	72
6	21	77	57	3	54
13	53	33	13	13	72
78	15	12	49	58	65
43	43	99	21	43	26
75	44	49	49	25	49
98	8	11	11	11	44
54	86	49	44	2	56
69	24	97	12	88	61
32	7	33	93	88	46
58	27	12	41	12	12
29	94	72	21	6	49
27	65	29	100	68	27
34	51	8	34	34	99
8	57	39	39	1	39
55	29	26	69	61	78
8	8	8	59	90	47
1	20	92	18	50	76
39	79	34	32	51	75
65	32	86	61	51	45
8	11	18	84	83	72
61	20	11	53	25	62
8	58	50	21	67	45
54	19	43	43	43	46
24	64	44	44	37	44
4	10	74	10	24	43
61	50	45	88	46	39
15	87	13	34	85	63
6	78	67	38	76	40
24	41	24	24	92	26
84	22	71	30	3	95
83	1	52	1	60	1
83	86	94	8	38	69
37	12	13	15	71	94
32	99	89	27	27	97
24	24	11	21	76	24
28	28	81	28	22	54
54	89	32	69	3	3
82	20	86	15	29	67
33	19	66	16	14	6
7	72	81	49	95	63
30	71	40	30	14	30
69	89	9	4	60	11
62	74	92	82	19	15
66	45	57	29	12	72
83	63	43	19	49	99
75	31	18	13	32	43
42	76	64	97	97	14
66	72	24	24	24	68
14	49	47	8	19	26
20	61	22	88	83	42
22	75	44	22	22	21
41	41	94	53	9	41
13	25	18	58	6	89
49	35	38	85	35	35
23	86	32	42	14	77
74	69	17	85	17	87
32	99	8	97	89	52
58	10	53	10	46	10
46	34	95	49	53	71
11	49	49	79	49	38
55	89	98	43	86	83
50	67	74	52	48	78
35	1	73	12	66	93
95	60	56	42	59	55
15	15	30	44	80	15
3	1	96	43	4	51
53	40	40	38	43	40
79	33	33	33	55	89
1	90	1	1	68	6
61	7	52	63	54	18
86	63	86	54	94	55
81	33	65	55	41	75
17	30	75	61	30	30
13	79	34	23	53	79
80	15	13	59	96	93
80	62	100	74	19	82
65	39	82	52	79	65
79	22	12	50	69	69
98	62	21	23	23	23
90	66	67	54	74	38
33	28	80	5	41	27
19	98	49	40	64	65
46	54	8	91	12	28
44	44	65	43	34	44
8	77	40	29	45	42
10	94	57	20	45	98
99	71	55	75	38	69
21	52	49	88	2	91
44	72	54	92	89	9
8	46	72	6	48	4
30	13	2	30	30	24
58	1	1	67	1	4
68	8	58	23	90	94
89	40	6	6	21	6
28	3	14	71	15	77
44	33	27	65	98	67
42	52	42	42	63	72
20	29	27	29	51	70
4	37	41	52	4	4
83	48	80	23	1	49
72	54	89	29	70	2
8	17	8	61	37	73
44	24	2	10	10	10
16	6	15	58	4	66
65	89	53	93	26	62
22	32	8	48	68	58
56	88	38	9	88	20
42	30	38	99	58	19
15	15	15	13	89	22
84	17	5	17	17	86
26	27	34	34	34	97
92	82	69	2	38	95
51	22	79	84	90	85
11	67	20	95	35	47
97	65	32	2	77	51
23	9	23	19	23	82
50	50	58	65	50	56
45	89	3	41	30	33
56	2	72	97	32	34
53	39	57	69	12	75
4	20	20	90	20	3
84	67	50	39	37	74
29	25	92	50	25	25
73	66	9	36	58	80
26	33	1	10	41	43
39	62	39	39	68	9
74	94	26	6	17	36
19	35	32	67	79	87
72	49	83	38	43	66
18	18	46	49	18	94
7	86	6	10	7	7
27	91	65	58	100	84
99	39	68	50	3	49
92	88	16	70	16	16
15	31	60	10	77	4
100	90	29	29	16	29
54	11	64	48	2	36
21	21	23	45	52	21
87	54	53	16	13	55
7	2	3	34	2	78
71	88	59	78	1	11
32	40	46	61	30	28
54	99	83	64	43	59
37	50	37	47	37	59
79	71	54	39	67	86
4	38	51	44	15	60
61	7	97	28	42	48
33	32	33	33	15	61
16	34	90	26	81	90
40	32	62	62	4	98
71	15	32	48	89	76
59	84	12	89	6	46
61	34	11	36	75	21
84	4	93	40	29	17
97	98	34	34	93	34
95	92	86	24	84	77
100	89	68	6	6	5
27	66	45	6	48	28
65	49	25	49	49	70
98	45	70	28	13	38
96	35	89	6	99	49
22	75	71	22	72	22
92	5	49	32	58	1
81	39	12	2	36	63
49	63	23	50	96	1
46	77	27	5	27	27
95	91	78	15	57	98
2	25	53	7	7	90
20	43	72	83	77	14
1	88	98	14	89	47
52	96	93	80	17	16
62	27	15	27	27	9
16	16	54	92	16	86
9	93	62	60	5	8
79	79	53	19	28	23
17	44	40	6	55	85
81	24	77	56	73	1
85	22	75	25	69	50
80	39	51	3	16	37
19	33	8	49	9	68
32	4	88	25	43	38
78	80	44	19	50	44
31	72	100	54	90	78
49	4	88	70	19	33
80	86	32	97	60	41
30	97	30	62	36	5
62	89	41	39	77	48
5	42	1	21	71	67
69	91	52	40	48	15
49	33	79	20	85	46
88	91	8	73	13	68
20	17	12	11	7	5
49	74	49	40	80	24
27	22	18	27	39	27
5	34	75	11	66	61
88	43	89	33	54	84
7	45	95	3	65	29
6	15	87	36	64	97
55	32	12	2	63	98
31	46	56	21	31	31
39	39	39	69	31	88
23	84	55	13	54	59
28	83	56	68	83	59
7	83	51	53	53	5
86	47	47	47	56	19
17	76	17	43	31	17
75	4	87	55	53	96
92	97	23	70	42	81
14	14	40	14	83	89
87	33	14	60	82	35
9	91	23	62	40	86
69	80	89	58	9	73
65	80	57	18	86	9
75	77	99	87	84	26
25	100	54	83	80	96
46	19	47	47	33	93
27	44	45	44	15	44
41	23	9	23	91	19
31	85	9	36	10	73
52	84	18	18	86	18
66	1	23	52	85	92
47	50	50	5	50	42
1	64	6	98	47	13
47	6	27	56	22	19
91	45	63	43	93	23
19	32	47	66	19	19
97	21	37	22	20	8
5	5	58	91	6	5
81	60	83	66	94	16
38	92	38	38	76	100
77	93	77	91	75	100
20	37	34	27	27	27
45	38	38	9	38	26
81	78	36	93	67	2
86	80	66	24	78	34
25	23	4	63	4	4
42	85	87	44	76	24
7	93	23	23	23	84
8	41	60	86	61	21
48	57	31	83	5	25
94	53	76	16	16	16
29	82	27	92	95	52
45	34	45	31	24	45
52	38	83	14	85	56
87	43	22	8	93	3
79	73	38	3	59	26
89	19	51	39	1	23
88	19	19	80	8	19
84	76	32	32	10	32
17	60	64	40	23	47
93	68	35	4	2	88
11	54	81	9	39	100
15	85	42	93	100	18
42	3	11	11	11	5
31	31	95	35	31	84
94	38	17	32	88	65
77	39	57	17	1	5
3	73	4	29	44	61
21	67	78	97	31	66
3	35	17	94	17	17
84	13	56	28	85	22
54	99	96	95	68	28
99	55	88	62	51	1
16	16	16	8	2	82
11	11	13	8	82	11
81	19	67	98	50	60
41	6	6	6	29	52
57	99	25	41	25	25
49	26	30	57	81	9
26	26	26	52	8	54
13	31	69	74	61	2
50	32	20	58	31	66
88	22	64	84	24	13
32	64	95	91	16	20
21	83	37	78	90	66
13	22	57	66	86	37
60	11	90	18	10	86
11	99	15	89	80	86
75	84	44	44	44	31
60	16	85	49	48	70
66	4	4	99	57	36
90	83	32	99	83	50
61	23	59	83	10	68
95	23	84	50	75	37
26	83	16	77	43	53
65	95	66	5	18	14
20	43	17	8	48	14
33	50	38	40	38	66
96	86	100	73	5	66
27	17	92	88	77	64
34	31	69	44	59	77
47	21	7	21	14	21
84	80	96	49	76	73
10	6	41	23	40	12
21	42	94	42	20	15
27	23	19	71	67	91
27	69	58	77	45	63
50	56	13	50	66	50
51	15	62	72	24	14
40	37	40	97	40	18
60	45	8	87	2	45
54	72	35	16	76	44
31	69	15	71	18	33
50	58	27	28	90	90
70	84	38	29	87	23
30	56	55	34	8	90
19	10	78	28	28	28
43	16	43	51	43	79
45	35	2	2	2	3
39	86	88	3	80	29
67	49	92	99	1	63
36	57	6	31	31	91
68	84	16	9	13	79
92	100	71	75	4	58
77	60	52	5	86	67
9	9	21	82	9	48
46	65	27	71	69	26
100	33	29	52	10	6
24	24	83	24	4	78
30	43	1	32	82	37
32	38	80	78	71	85
59	81	33	26	78	56
67	14	78	1	19	27
47	22	77	54	53	3
49	40	29	93	30	27
49	9	16	47	55	18
15	79	25	18	37	23
98	4	7	38	15	74
27	54	70	73	10	51
67	84	21	95	22	34
13	52	100	32	46	57
64	100	36	39	15	60
82	64	60	10	49	15
3	33	23	81	26	6
44	13	47	30	30	30
51	31	91	33	99	93
12	61	42	6	60	43
74	67	56	25	81	56
82	27	44	83	44	44
50	56	53	69	52	50
1	99	99	94	64	93
29	33	4	59	25	63
23	83	23	8	95	23
88	74	91	15	14	70
6	12	11	89	6	47
40	91	10	39	48	41
78	60	98	16	15	87
51	68	12	35	14	75
42	29	40	56	15	56
30	30	39	66	64	30
43	69	47	8	57	75
42	93	74	37	47	90
24	100	88	24	58	24
46	58	47	54	94	61
100	26	50	67	30	45
26	48	40	49	23	49
42	96	87	17	97	3
38	14	8	58	31	4
27	27	27	35	100	89
53	52	55	52	62	16
38	31	12	84	39	84
98	42	78	28	67	95
23	9	77	8	96	4
33	84	71	62	1	8
52	38	69	17	84	41
49	82	95	49	49	10
67	6	6	12	16	6
15	40	19	15	90	100
99	17	48	1	49	50
97	54	20	67	70	15
28	28	26	36	28	85
21	61	39	21	10	21
26	26	26	73	89	94
75	14	81	41	93	13
95	8	12	47	8	8
5	90	33	31	42	9
24	43	26	26	26	10
39	39	39	42	18	4
48	21	86	41	53	91
6	21	99	64	7	46
14	14	33	71	14	31
34	34	8	34	68	11
22	11	84	79	4	67
37	14	39	100	87	84
60	7	20	51	29	11
30	100	30	92	30	39
79	78	35	97	88	28
17	67	58	38	64	6
3	80	17	23	31	90
15	19	30	65	28	88
9	88	11	11	84	85
27	69	34	70	88	53
55	4	8	41	78	95
50	50	50	20	1	30
29	64	57	87	79	27
12	12	15	1	12	65
70	63	32	47	25	74
53	80	55	46	12	65
15	21	16	15	15	72
22	83	22	43	22	99
18	86	87	29	22	83
42	65	72	42	40	42
83	76	38	76	45	9
49	11	91	49	49	39
26	30	30	75	61	30
29	5	29	86	9	29
2	41	88	38	87	90
96	43	92	68	76	67
8	74	52	40	44	38
72	70	1	1	1	88
14	55	92	32	32	32
87	36	34	37	96	79
27	99	77	19	90	49
18	17	89	18	55	18
58	24	2	24	24	62
65	84	84	21	66	43
50	3	82	12	77	97
59	39	77	26	26	26
14	57	28	14	14	76
48	14	12	9	30	82
91	51	51	36	73	76
89	40	84	83	38	33
11	66	1	46	14	15
6	7	33	61	16	4
94	77	5	46	97	51
94	86	73	80	11	87
12	50	58	57	16	14
5	59	68	93	55	87
63	67	36	60	83	64
29	13	99	33	49	70
45	76	45	4	45	78
13	6	91	36	15	15
92	95	52	40	71	31
94	62	100	35	43	94
35	46	75	34	47	33
79	61	18	22	51	60
24	61	24	93	81	24
21	42	52	95	44	92
83	69	57	39	4	47
7	40	85	9	13	12
19	85	58	7	91	70
54	32	10	100	24	59
99	90	67	23	26	22
72	34	34	99	70	34
100	78	37	16	82	75
66	75	42	69	66	79
75	37	47	47	47	36
37	43	43	39	5	43
56	78	10	62	97	91
60	22	14	16	47	98
13	52	13	42	13	79
48	1	2	91	2	2
21	46	1	69	71	7
55	57	34	59	34	40
26	6	4	6	6	50
6	6	6	17	78	11
58	41	68	74	84	48
59	90	55	6	8	46
52	14	70	4	4	4
7	50	94	8	50	50
9	66	20	39	48	39
86	34	82	80	79	96
46	55	63	46	24	46
6	14	22	67	56	50
7	7	35	80	38	96
51	10	85	76	78	89
21	96	37	91	79	18
94	27	3	46	31	8
29	29	63	50	29	96
96	71	49	82	82	24
21	96	59	6	91	36
15	15	85	90	51	15
26	18	92	5	93	29
100	2	2	37	2	42
40	98	51	61	63	38
24	2	2	2	82	22
25	11	24	60	25	25
53	68	35	29	9	56
10	43	74	58	52	65
49	49	62	83	49	57
78	15	29	70	39	4
1	36	72	6	43	24
9	18	25	19	40	82
27	50	31	53	65	37
71	43	2	59	55	66
1	12	60	12	12	90
14	25	44	25	25	16
12	6	10	95	29	73
77	35	42	54	26	14
36	58	34	99	51	2
72	18	48	75	23	74
20	77	20	14	11	20
8	8	99	8	9	100
83	28	28	28	7	97
10	3	47	16	91	45
100	54	8	71	50	19
82	37	91	90	2	67
28	73	6	34	78	33
14	75	20	37	20	77
46	37	28	28	28	6
84	30	71	6	66	97
1	42	17	21	1	60
33	61	92	68	37	80
37	37	88	85	72	37
2	34	29	5	49	19
93	56	14	66	68	47
41	53	71	48	12	16
48	35	6	48	68	48
62	67	66	29	97	87
66	10	11	11	89	11
81	90	25	37	80	28
39	51	96	81	39	39
25	99	19	10	32	85
42	55	20	42	62	42
3	11	11	78	11	75
94	75	22	56	98	6
38	93	73	8	21	5
6	67	45	14	76	5
32	71	25	27	41	48
54	60	73	88	46	27
45	30	100	32	30	30
30	78	61	11	84	68
9	83	95	83	93	39
21	8	21	82	21	10
2	72	77	83	60	83
20	10	100	51	36	45
34	34	93	39	56	32
71	13	13	7	43	13
59	47	40	79	25	17
53	95	63	98	58	99
18	23	86	88	81	61
94	20	20	52	82	20
22	60	90	80	35	70
2	41	41	14	4	90
21	56	49	87	77	85
97	27	68	4	16	78
28	54	71	81	32	57
14	71	95	29	89	30
66	67	44	14	10	36
8	73	79	15	45	16
95	23	23	23	19	33
40	8	8	80	76	8
5	73	11	79	22	90
80	57	30	12	36	69
49	24	90	91	31	94
4	91	5	4	43	4
79	100	2	87	58	74
67	77	43	61	94	86
13	6	13	56	13	42
80	33	95	9	26	39
63	63	97	70	12	47
7	42	45	3	11	58
59	5	87	27	10	76
36	33	84	76	29	10
66	73	31	81	52	17
4	49	54	4	4	70
86	36	24	36	36	85
2	94	33	41	32	75
96	87	27	17	71	76
78	32	20	2	69	34
67	42	42	39	82	42
45	46	45	45	16	26
18	18	50	18	68	38
35	64	7	11	18	26
22	92	24	78	24	24
88	16	6	4	75	23
1	100	38	60	17	89
45	80	97	78	66	99
27	45	63	21	27	27
35	11	35	33	66	35
57	59	91	56	65	86
1	82	55	59	75	45
68	36	43	34	26	78
91	25	99	71	57	90
6	77	37	63	41	58
29	53	29	76	29	99
14	14	24	45	14	54
44	28	57	26	2	21
77	45	91	41	85	65
71	6	81	87	60	58
73	88	77	13	80	60
84	15	15	15	62	35
73	2	15	56	18	74
11	87	45	85	49	59
96	17	35	27	47	11
65	16	100	97	15	68
39	85	97	48	64	51
63	85	72	19	37	82
42	32	32	13	57	32
9	3	44	44	32	97
63	38	71	7	54	72
35	51	35	69	70	35
57	97	22	43	15	97
71	4	29	84	13	81
55	2	8	2	26	47
24	100	7	59	82	15
3	38	40	7	10	76
34	64	54	18	34	34
88	50	44	50	100	50
14	80	34	83	15	93
31	81	1	96	95	84
51	11	96	31	60	39
87	25	36	27	27	27
93	57	1	72	1	1
39	78	18	91	24	64
41	7	78	57	24	24
27	15	15	98	15	42
58	9	87	75	76	57
88	40	70	75	52	83
36	41	40	99	46	37
24	66	76	18	62	71
10	36	60	13	78	94
46	10	33	64	99	53
89	23	44	54	49	40
48	57	96	16	48	48
62	23	7	70	24	93
70	73	81	22	29	46
10	31	41	41	41	67
38	38	38	7	59	98
10	60	19	52	8	86
32	32	34	91	2	32
11	12	12	46	12	15
46	64	54	11	27	87
19	2	17	17	27	17
31	68	25	25	83	25
9	65	75	9	9	93
39	4	65	39	39	17
35	21	87	35	96	38
42	44	41	95	42	64
81	35	64	43	86	43
89	17	1	17	91	96
22	6	89	89	19	94
5	36	16	17	95	8
17	1	80	64	76	73
53	99	84	54	29	52
48	3	18	32	92	89
30	84	17	15	3	90
28	98	40	88	64	36
58	84	34	39	69	51
18	87	18	64	61	18
42	34	43	70	7	34
46	46	31	46	2	21
57	96	46	90	11	90
16	89	16	16	44	46
33	51	75	7	45	28
42	42	10	77	22	42
56	69	91	74	96	61
8	68	31	45	70	15
49	49	42	80	95	49
79	49	78	88	5	47
34	97	88	96	4	15
80	27	34	49	34	34
72	91	8	34	35	16
95	94	35	12	66	40
56	74	67	57	34	64
74	82	87	74	16	96
27	16	20	4	22	45
18	4	31	55	46	8
4	14	24	21	29	63
65	11	52	54	11	11
50	94	83	6	86	78
71	25	51	62	11	98
28	50	38	24	38	38
75	87	3	82	86	15
39	18	15	46	81	26
53	55	74	39	85	62
29	6	83	69	87	10
23	46	62	72	23	23
86	42	30	75	21	49
50	4	87	94	27	3
89	13	13	62	13	86
38	37	12	60	15	91
1	59	45	47	58	96
19	54	44	32	79	2
57	89	42	88	79	35
13	49	13	13	78	55
55	49	72	30	43	37
24	71	81	43	24	24
21	10	10	31	10	16
98	80	2	65	76	97
45	66	35	24	93	65
41	28	49	30	49	49
62	69	90	78	30	11
24	85	1	19	74	8
16	46	16	99	16	57
39	69	75	70	74	32
26	46	30	90	38	73
59	29	58	5	72	41
16	68	16	16	10	15
33	33	20	33	13	7
20	44	44	40	38	44
48	42	38	61	85	55
75	41	67	53	16	3
18	37	38	42	31	3
17	25	74	25	47	12
24	41	65	37	85	79
34	74	65	31	44	71
97	29	58	68	4	31
36	18	18	4	18	2
33	2	2	66	2	8
43	20	5	52	47	66
91	77	60	23	82	11
30	30	69	30	51	65
8	52	15	15	70	13
7	92	9	37	7	7
1	58	2	1	25	1
62	48	76	65	91	43
77	73	83	59	45	73
43	92	89	70	70	66
2	28	75	30	28	28
14	68	11	54	14	14
7	58	45	41	71	72
4	80	71	39	67	41
63	97	60	65	99	93
41	4	50	48	3	96
65	72	84	74	47	74
6	84	20	6	69	6
87	2	19	95	29	20
3	31	17	94	13	10
60	79	99	16	69	16
55	98	84	40	32	26
45	61	45	49	45	10
6	88	19	23	98	89
71	53	11	84	3	4
66	82	22	3	85	49
54	28	36	15	80	42
63	100	27	72	22	79
99	3	52	89	8	55
44	38	18	18	16	18
17	52	56	30	78	86
29	37	87	19	66	100
82	73	81	15	46	43
87	55	39	39	56	39
82	73	31	40	50	56
69	59	58	96	1	82
27	41	8	81	66	64
35	66	17	26	88	52
34	61	86	28	34	34
62	82	72	74	28	7
16	15	26	6	32	14
52	91	8	38	23	8
85	30	69	53	92	27
68	38	35	58	38	38
23	19	63	47	10	11
32	36	19	76	79	82
10	37	99	92	17	84
21	89	79	34	43	28
12	97	52	64	35	30
48	48	34	48	54	26
41	53	1	1	6	1
5	59	5	22	23	66
30	88	40	11	42	63
16	97	99	84	70	97
2	69	48	7	63	43
62	6	41	80	26	89
86	5	4	4	4	45
86	13	4	8	76	97
94	26	44	92	44	44
74	52	38	100	14	67
75	32	15	89	27	33
46	23	95	53	21	69
60	3	17	34	1	92
84	37	17	17	17	80
92	56	93	33	6	74
34	8	40	40	40	77
57	76	14	11	58	99
35	49	62	46	42	1
16	5	93	47	76	6
74	99	31	59	73	64
73	43	59	14	14	92
75	59	51	45	100	96
71	53	99	24	28	79
72	57	89	66	73	18
7	73	15	7	39	7
72	52	85	72	21	38
97	59	84	79	13	91
1	65	21	81	73	36
82	6	6	25	92	6
14	3	31	98	20	30
16	81	46	27	91	75
27	90	55	20	61	58
46	83	24	99	2	86
71	85	14	75	28	45
97	75	7	100	68	33
45	60	77	7	5	7
20	51	46	92	9	78
31	90	63	77	86	85
35	3	4	96	41	90
16	61	66	64	11	40
81	76	4	40	62	39
48	78	54	17	81	95
93	56	8	85	39	60
64	11	78	43	86	41
71	21	52	93	12	89
39	55	25	3	2	74
28	18	90	62	47	64
26	44	33	26	40	26
64	90	24	29	78	84
6	48	8	91	19	30
85	62	52	65	61	93
21	91	58	65	15	16
76	92	45	45	42	45
19	95	38	14	68	93
33	12	7	5	94	15
31	14	55	14	45	14
33	33	8	33	72	85
37	38	38	56	38	6
53	24	95	24	80	10
83	61	31	30	82	48
83	75	100	37	68	100
17	17	70	31	96	17
49	52	39	5	85	28
70	39	54	39	61	39
43	38	38	62	63	38
50	26	15	15	61	15
30	30	51	30	65	90
99	99	54	92	27	38
83	59	67	12	44	6
40	53	40	40	77	90
38	5	28	38	13	38
86	58	55	4	92	92
77	13	20	16	73	2
8	8	94	13	8	77
80	52	32	6	91	17
4	21	21	94	80	21
26	10	56	100	93	54
31	65	31	26	31	67
66	73	40	13	69	33
10	10	67	90	10	13
59	59	83	35	68	62
26	32	15	22	77	25
42	42	42	72	84	98
32	2	32	44	32	79
10	87	10	54	6	10
93	21	26	26	26	61
39	39	39	93	44	62
74	60	99	40	54	41
67	92	72	32	4	39
34	8	97	6	85	31
45	49	24	8	10	10
12	6	83	6	6	33
81	48	59	81	79	65
12	54	72	14	45	64
69	1	9	77	66	98
36	20	81	15	22	54
47	43	17	55	43	43
84	80	3	61	59	62
27	95	91	25	49	6
99	60	97	5	84	10
88	19	6	23	64	42
46	2	18	5	72	41
41	18	55	50	50	50
88	27	89	23	23	81
96	70	60	50	93	52
39	21	15	56	15	15
35	24	14	68	27	23
13	88	24	24	99	24
13	44	21	3	28	69
68	38	50	55	38	38
76	27	23	75	87	25
18	82	74	26	11	93
20	19	20	20	10	32
10	10	76	36	10	75
87	35	92	82	33	38
36	24	68	31	79	35
96	93	47	82	86	77
70	13	84	12	13	13
46	99	39	46	66	46
78	38	46	76	83	65
39	66	12	5	25	56
30	69	59	51	17	15
30	79	75	94	73	40
64	60	88	48	16	92
1	1	100	88	1	57
55	2	10	10	22	92
32	55	55	41	4	54
74	88	18	75	66	84
87	82	85	3	77	4
36	3	78	48	30	71
37	19	53	65	65	79
75	29	78	35	75	44
84	49	30	54	97	61
36	35	71	35	8	35
39	60	61	20	39	83
63	21	20	24	38	15
69	99	68	70	46	19
9	73	58	80	87	72
73	15	24	62	32	37
24	45	53	20	59	79
71	66	88	69	31	38
8	82	47	93	12	4
82	38	21	26	90	23
10	75	14	31	3	36
83	28	37	81	95	17
9	74	9	52	29	9
11	70	44	60	24	69
3	61	3	3	23	54
21	20	88	80	42	26
46	85	7	27	99	56
4	58	73	4	4	72
58	61	97	99	12	23
83	46	71	47	37	80
80	53	99	28	100	81
78	86	89	19	33	17
45	8	89	71	94	15
54	29	97	58	87	68
70	16	37	37	37	92
39	46	49	46	46	78
20	28	40	20	64	20
5	52	2	63	6	83
31	71	31	17	31	11
22	87	93	48	29	93
76	85	26	83	72	69
34	68	70	34	3	34
76	78	72	14	4	69
13	67	13	13	10	88
48	19	60	96	40	84
98	3	80	80	59	42
24	6	24	24	36	12
60	64	93	70	12	26
16	72	57	9	9	9
5	36	54	15	56	97
3	86	72	10	62	86
25	94	26	97	65	17
18	97	43	9	95	15
14	92	84	14	55	14
90	50	15	15	15	58
51	50	24	50	85	50
88	34	68	10	6	24
21	21	63	49	79	21
54	76	23	9	28	84
77	40	93	39	18	55
24	51	12	55	50	85
41	37	17	43	60	79
44	25	15	67	19	73
66	33	51	94	25	98
86	3	56	47	60	90
31	36	90	64	90	31
57	92	85	94	88	79
42	80	45	31	84	70
57	14	56	82	32	54
22	26	38	21	6	99
23	9	40	78	10	85
12	12	37	12	54	91
76	85	13	97	90	87
78	87	69	9	96	35
43	74	90	12	85	95
28	28	57	69	72	28
4	5	42	43	3	8
42	39	87	29	11	38
21	21	90	21	19	60
44	15	26	94	11	20
56	39	39	31	39	34
14	48	5	38	75	40
5	8	76	94	8	8
5	24	72	47	22	87
33	100	24	5	7	37
40	19	39	47	78	38
38	78	5	76	75	10
22	43	88	38	43	43
36	40	66	18	18	18
81	20	57	19	16	39
35	15	20	38	76	76
3	66	13	4	73	20
28	46	53	49	32	29
99	85	36	35	35	35
11	4	11	46	11	17
44	81	66	57	4	37
31	57	68	31	30	19
75	47	20	41	70	17
80	50	57	100	90	86
55	77	40	99	58	33
91	82	61	32	66	78
41	7	37	46	30	17
53	17	34	55	18	19
10	21	16	16	16	37
40	31	32	17	1	14
22	84	22	71	22	52
18	77	57	46	22	56
23	94	27	30	36	74
96	90	16	58	82	87
27	85	27	61	27	3
52	43	32	45	55	14
82	73	24	87	3	28
50	8	66	35	78	86
67	40	31	61	40	40
87	47	56	69	11	78
99	17	44	12	44	44
89	56	14	86	92	8
91	46	12	57	4	34
51	74	81	49	25	52
56	44	44	44	7	58
4	86	44	70	71	17
42	34	24	50	42	42
92	57	96	73	28	62
70	53	65	88	2	62
38	87	6	38	38	15
27	8	95	8	89	8
66	40	32	41	77	2
56	16	64	48	33	15
72	49	51	81	67	57
4	80	6	71	70	9
85	75	83	49	51	85
41	22	79	42	51	67
49	31	31	81	56	31
38	34	42	79	15	17
60	14	51	14	80	14
95	35	95	81	82	88
34	34	79	46	4	34
20	75	73	35	65	54
45	29	68	62	29	29
10	10	4	32	10	90
92	1	25	44	89	48
70	18	32	49	18	28
83	15	74	14	83	71
55	26	100	27	27	23
2	2	45	83	2	5
84	70	15	15	15	71
85	26	24	87	9	87
